ID_Pregunta,Pregunta,Respuesta_RAG_Base,Respuesta_Agente_CoT_CoV,Num_Revisiones_Agente,Error
1,"En un contrato de compraventa civil celebrado por escrito, una cláusula establece entrega inmediata del bien y otra dispone que la entrega solo procederá cuando el comprador obtenga aprobación bancaria, ¿cómo debe resolverse la contradicción interpretativa y qué criterios hermenéuticos deberían aplicarse para reconstruir la intención común de las partes?","Para reconstruir la intención común de las partes y resolver la contradicción interpretativa, se deben aplicar los elementos de hermenéutica contractual del Código Civil. En materia interpretativa negocial, el Código Civil en sus artículos 1618 a 1624 contiene un cuerpo normativo instituido para la labor de fijar la auténtica significación de los términos contractuales. Esta labor está orientada a ""desentrañar el real significado de las declaraciones formuladas y armonizarlas en cuanto ello sea posible"". Adicionalmente, se pueden aplicar los criterios de interpretación literal, histórico y sistemático del artículo 1546 del Código Civil, de que tratan los artículos 27 y 30 del Código Civil.

Citas:
*   [SENTENCIA | Sentencias | sc2879_2022_clase_de_actuación_recurso_de_casación_tipo_de_providencia_sentencia_fecha_27_09_2022_po_781082_número_de_pr | página 74]
*   [SENTENCIA | Sentencias | sc5430_2021_clase_de_actuación_recurso_de_casación_tipo_de_providencia_sentencia_fecha_07_12_2021_po_752896_número_de_pr | página 127]","SILOGISMO JURÍDICO:

1.  **PREMISA MAYOR:**
    La interpretación de las estipulaciones contractuales, con el fin de ""desentrañar el real significado de las declaraciones formuladas y armonizarlas en cuanto ello sea posible"", se rige por las reglas hermenéuticas del Código Civil, contenidas en sus artículos 1618 a 1624 (SC2879-2022, p. 74). Para la reconstrucción de la intención común de las partes, se deben aplicar los criterios de interpretación literal, histórico y sistemático, de que tratan los artículos 27 y 30 del Código Civil (SC5430-2021, p. 127). Adicionalmente, los contratos se celebran para cumplirse, conforme al artículo 1602 del Código Civil (sin_clase_de_actuación_publicación_especializada_fecha_776082_número_de_pr, p. 10).

2.  **PREMISA MENOR:**
    En el caso planteado, existe una contradicción entre dos cláusulas de un contrato de compraventa civil: una establece la ""entrega inmediata del bien"" y otra dispone que ""la entrega solo procederá cuando el comprador obtenga aprobación bancaria"". Para resolver esta contradicción y reconstruir la intención común de las partes, se deben aplicar los criterios hermenéuticos establecidos:
    *   **Criterio Literal:** Las cláusulas, tomadas individualmente, son opuestas. Una exige inmediatez en la entrega, mientras que la otra la supedita a un evento futuro y condicional (la aprobación bancaria).
    *   **Criterio Sistemático:** Al interpretar las cláusulas en conjunto y en el contexto integral del contrato de compraventa, es necesario armonizarlas para dar sentido al negocio jurídico. La cláusula que supedita la entrega a la aprobación bancaria introduce una condición suspensiva para la obligación de entrega. En contratos bilaterales, las obligaciones están interconectadas, y el cumplimiento de una puede depender de una condición o del cumplimiento de la otra parte, como se observa en el contexto donde una fecha de entrega está ""supeditada al cumplimiento por parte del promitente dos"" (SC5430-2021, p. 87). Una condición de aprobación bancaria es un elemento crucial para asegurar la capacidad de pago del comprador y, por ende, la viabilidad financiera del contrato. Dar prevalencia a esta condición específica sobre una declaración general de ""entrega inmediata"" permite que el contrato sea ejecutable de manera segura para ambas partes, especialmente para el vendedor que espera el pago, y se alinea con el principio de que los contratos se celebran para cumplirse.
    *   **Criterio Histórico:** Aunque el contexto recuperado no proporciona detalles históricos específicos sobre la negociación de este contrato en particular, este criterio implicaría analizar las negociaciones previas, la finalidad perseguida por las partes al incluir ambas cláusulas y si alguna de ellas fue introducida como una condición esencial para la viabilidad del negocio. En ausencia de información histórica específica, la interpretación sistemática cobra mayor relevancia para reconstruir la intención común, sugiriendo que la inclusión de la condición de aprobación bancaria refleja una intención de asegurar el pago antes de la entrega definitiva.

3.  **CONCLUSIÓN:**
    La contradicción interpretativa debe resolverse dando prevalencia a la cláusula que supedita la entrega del bien a la obtención de la aprobación bancaria por parte del comprador. Esta resolución se fundamenta principalmente en el criterio de interpretación sistemático, que busca armonizar las estipulaciones contractuales y darles un sentido coherente que permita el cumplimiento efectivo del contrato. La intención común de las partes, reconstruida a través de los criterios literal, histórico y sistemático, apunta a que la entrega del bien, aunque deseada de forma expedita, estaba condicionada a la verificación de la capacidad financiera del comprador mediante la aprobación bancaria, asegurando así la viabilidad de la operación antes de la ejecución de la obligación de entrega.",2,
2,"Si dos partes pactan verbalmente la modificación del plazo de un contrato previamente escrito, pero el contrato original contiene una cláusula que exige que toda modificación conste por escrito, ¿qué valor jurídico tendría la modificación verbal y bajo qué supuestos podría producir efectos?",No encontrado en el corpus. El contexto recuperado no contiene información suficiente para responder.,"SILOGISMO JURÍDICO:

1.  **PREMISA MAYOR:**
    El contexto recuperado establece que ""Todo contrato legalmente celebrado es una ley para los contratantes"" (Art. 1602 C.C.) y, de manera fundamental, reconoce ""la eficacia de su mutuo consentimiento para deshacer un pacto precedente"" (SC963_2022, página 11). Asimismo, se subraya la primacía de la ""voluntad de los sujetos"", indicando que las normas (y por extensión, las estipulaciones contractuales sobre la forma) pueden tener un ""carácter apenas supletorio"" cuando no apareciere voluntad contraria o cuando se presenta una ""divergencia entre la voluntad real y la expresada por los contratantes"" (SC2879_2022, página 76; SC963_2022, página 11).

2.  **PREMISA MENOR:**
    En el caso planteado, las partes pactaron verbalmente la modificación del plazo de un contrato previamente escrito, a pesar de que el contrato original contenía una cláusula que exigía que toda modificación constara por escrito. Esta cláusula de forma escrita es una manifestación de la voluntad inicial de las partes. Sin embargo, el posterior acuerdo verbal para modificar el plazo representa una nueva manifestación de la ""voluntad real"" y el ""mutuo consentimiento"" de los contratantes. Conforme al principio de autonomía de la voluntad y la eficacia del mutuo consentimiento para ""deshacer un pacto precedente"" (lo que incluye modificarlo), la voluntad posterior y concurrente de las partes podría prevalecer sobre la formalidad previamente estipulada por ellas mismas, siempre que no se trate de una solemnidad exigida por la ley para la validez del acto jurídico de modificación.

3.  **CONCLUSIÓN:**
    Basándose en el contexto recuperado, la modificación verbal del plazo tendría valor jurídico si se demuestra la existencia de un ""mutuo consentimiento"" y una ""voluntad real"" inequívoca de las partes para modificar el contrato. Produciría efectos bajo el supuesto de que la nueva manifestación de voluntad de los contratantes, expresada verbalmente, sea considerada una forma válida de ""deshacer un pacto precedente"" o de modificarlo, prevaleciendo sobre la cláusula de forma escrita previamente acordada, siempre y cuando la ley no exija una solemnidad específica para la modificación del tipo de contrato o de la cláusula en cuestión.",1,
3,¿Cómo debe interpretarse una cláusula penal pactada en un contrato civil cuando su redacción permite entenderla tanto como sanción moratoria como indemnización compensatoria?,"Cuando la redacción de una cláusula penal en un contrato civil permite entenderla tanto como sanción moratoria como indemnización compensatoria, se debe interpretar que:

1.  La cláusula penal puede cumplir distintas funciones. La función moratoria es compatible con la cláusula penal, según lo dispuesto en el artículo 1594 del Código Civil.
2.  El acreedor no puede pedir a la vez la indemnización compensatoria y la pena estipulada para satisfacer una indemnización de la misma índole, ya que esto propiciaría un enriquecimiento indebido a su favor y en contra del deudor.
3.  No obstante lo anterior, siempre estará al arbitrio del acreedor pedir la indemnización o la pena, como dispone el artículo 1600 del Código Civil.
4.  En casos donde se haya pactado la cláusula penal en función de indemnización compensatoria y la moratoria sea compatible, el acreedor puede optar por lo que mejor le convenga: si menos indemnización pero liberado de la carga de demostrar perjuicios y su monto, o más indemnización.
5.  De manera general, las cláusulas de un contrato se interpretarán unas por otras, dándole a cada una el sentido que mejor convenga al contrato en su totalidad, conforme al artículo 1622 del Código Civil.

**Citas:**
*   [SENTENCIA | Sentencias | sc5185_2021_clase_de_actuación_recurso_de_casación_tipo_de_providencia_sentencia_fecha_26_11_2021_po_751932_número_de_pr | página 71]
*   [SENTENCIA | Sentencias | sc5185_2021_clase_de_actuación_recurso_de_casación_tipo_de_providencia_sentencia_fecha_26_11_2021_po_751932_número_de_pr | página 70]
*   [NORMA | Codigo_Civil | Ley desconocida | Artículo 1622 | codigo_civil_intro_rag]","SILOGISMO JURÍDICO:

1.  **PREMISA MAYOR**:
    La cláusula penal es una obligación accesoria que puede cumplir distintas funciones, incluyendo la de indemnización compensatoria o sanción moratoria. En el Derecho Contractual Civil Colombiano, si la cláusula penal se pacta en función de indemnización compensatoria, el acreedor no puede pedir simultáneamente la indemnización compensatoria y la pena estipulada para el mismo tipo de perjuicio, a fin de evitar un enriquecimiento indebido. En tal caso, el acreedor tiene la facultad de optar entre la pena (liberado de la carga de demostrar perjuicios y su monto) o la indemnización de perjuicios efectiva. Sin embargo, la función moratoria de la cláusula penal es compatible con la indemnización de perjuicios. Para interpretar las cláusulas de un contrato, estas deben entenderse unas por otras, dándoles el sentido que mejor convenga al contrato en su totalidad, conforme al artículo 1622 del Código Civil.

2.  **PREMISA MENOR**:
    Ante una cláusula penal en un contrato civil cuya redacción permite entenderla tanto como sanción moratoria como indemnización compensatoria, su interpretación debe guiarse por el principio de que puede cumplir distintas funciones. Se debe buscar el sentido que mejor convenga al contrato en su totalidad, interpretando la cláusula en relación con las demás estipulaciones. Si, tras esta interpretación sistemática, se determina que la cláusula opera como indemnización compensatoria, el acreedor deberá elegir entre el cobro de la pena o la indemnización de perjuicios real. Si se determina que opera como sanción moratoria, esta es compatible con la indemnización de perjuicios.

3.  **CONCLUSIÓN**:
    Una cláusula penal en un contrato civil que puede interpretarse como sanción moratoria o indemnización compensatoria debe ser interpretada sistemáticamente con el resto del contrato para determinar su función principal. Si se establece que su función es compensatoria, el acreedor debe optar entre el cobro de la pena (sin necesidad de probar perjuicios) o la indemnización de perjuicios efectiva (con la carga de su demostración), no pudiendo reclamar ambas por el mismo concepto. Si se determina que su función es moratoria, esta es compatible con la indemnización de perjuicios.",1,
4,"En un contrato de prestación de servicios civiles, ¿qué consecuencias jurídicas se derivan si la remuneración fue acordada de forma ambigua, usando simultáneamente una suma fija y un porcentaje sobre resultados, sin establecer regla de prevalencia?",No encontrado en el corpus. El contexto recuperado no contiene información suficiente para responder.,"El contexto recuperado no contiene información que aborde directamente las consecuencias jurídicas de una remuneración acordada de forma ambigua en un contrato de prestación de servicios civiles, donde se utilizan simultáneamente una suma fija y un porcentaje sobre resultados sin establecer una regla de prevalencia.

Por lo tanto, no es posible construir un silogismo jurídico para responder a la pregunta basándose *únicamente* en el contexto proporcionado.",1,
5,"¿Puede considerarse perfeccionado un contrato civil cuando existe acuerdo sobre objeto y precio, pero las partes dejaron pendiente la definición de una condición de ejecución que calificaban como esencial?","Si la voluntad de los interesados es ""disímil en algún punto -determinante- materia del negocio"", no tendrá lugar el surgimiento o floración plena del contrato en el cosmos jurídico. En el caso de los contratos consensuales, el acuerdo de voluntades determina su celebración, pero si una condición de ejecución calificada como esencial queda pendiente, esto implica una falta de coincidencia respecto de las bases proyectadas. Por lo tanto, si el contrato está ""en vía de perfeccionamiento"", no puede hablarse de que haya ""nacido a la vida jurídica"".

Citas:
*   ""Si la voluntad de los interesados, o de alguno de ellos, es negativa, o disímil en algún punto -determinante- materia del negocio, no tendrá lugar el surgimiento o floración plena del contrato en el cosmos jurídico” (CSJ, SC del 19 de diciembre de 2006, Ref. n.° 1998-10363-01; se subraya)."" [SENTENCIA | Sentencias | sc5185_2021_clase_de_actuación_recurso_de_casación_tipo_de_providencia_sentencia_fecha_26_11_2021_po_751932_número_de_pr | página 22]
*   ""estando todavía el contrato en vía de perfeccionamiento, no puede en rigor hablarse de nulidad de ninguna especie. El contrato no ha nacido a la vida jurídica y eso es todo (Corte Suprema de Justicia, Sala de Negocios Generales, providencia de 20 de septiembre de 1945)”. [SENTENCIA | Sentencias | sc397_2021_clase_de_actuación_recurso_de_casación_tipo_de_providencia_sentencia_fecha_22_02_2021_pon_722675_número_de_pr | página 42]","SILOGISMO JURÍDICO:

1.  **PREMISA MAYOR:**
    Según la jurisprudencia de la Corte Suprema de Justicia, para que un acuerdo de voluntades determine la celebración de un contrato, la ""intentio"" de los participantes debe ser positiva y coincidente respecto de las bases por ellos proyectadas. Si la voluntad de los interesados, o de alguno de ellos, es negativa o disímil en algún punto determinante materia del negocio, no tendrá lugar el surgimiento o floración plena del contrato en el cosmos jurídico (CSJ, SC del 19 de diciembre de 2006, Ref. n.° 1998-10363-01). En este sentido, la falta de los requisitos de existencia impide la formación o perfeccionamiento de los actos jurídicos, conduciendo a que estos se reputen inexistentes (SC5040_2021, pág. 18).

2.  **PREMISA MENOR:**
    En el caso planteado, aunque existe acuerdo sobre el objeto y el precio, las partes dejaron pendiente la definición de una condición de ejecución que ellas mismas calificaron como esencial. Al considerar esta condición como ""esencial"", las partes la elevaron a la categoría de un punto determinante o una base proyectada para el negocio. La ausencia de acuerdo sobre un elemento que las partes han calificado como esencial implica que su voluntad no es plenamente coincidente respecto de todas las bases proyectadas para el contrato, impidiendo así su perfeccionamiento.

3.  **CONCLUSIÓN:**
    No, un contrato civil no puede considerarse perfeccionado cuando, a pesar de existir acuerdo sobre el objeto y el precio, las partes dejaron pendiente la definición de una condición de ejecución que ellas mismas calificaban como esencial. La falta de acuerdo sobre un punto determinante para las partes impide la plena coincidencia de voluntades necesaria para el surgimiento del contrato a la vida jurídica.",1,
6,"Si una de las partes firma un contrato confiando en una versión preliminar distinta de la versión final, ¿cómo se analiza jurídicamente el error en la formación del consentimiento y qué hechos serían decisivos para valorar su relevancia?","Para analizar jurídicamente la situación en la que una de las partes firma un contrato confiando en una versión preliminar distinta de la versión final, se debe ""reconstruir, precisar e indagar"" la ""recíproca intensión de las partes"". Para ello, es forzoso apreciar el ""entorno cultural, social, económico, político, geográfico y temporal en una perspectiva retrospectiva y prospectiva, esto es, considerando además de la celebración, ejecución y conducta práctica negocial, la fase prodrómica, de gestación o formación"". Los ""actos, tratos o conversaciones preliminares enderezados a preparar la producción de un consentimiento contractual no son intrascendentes; por el contrario, una vez formado el consentimiento son parte integrante de él, y su importancia se traduce en servir de medios auxiliares para interpretar la verdadera intención de las partes"". Se reconoce que ""los instrumentos escriturarios otorgados para el perfeccionamiento de los acuerdos de voluntad entre particulares no siempre son reflejo fiel del querer de los"" negociantes, y puede existir una ""disconformidad entre la representación ofrecida a terceros y lo realmente deseado por los negociantes"".

Los hechos decisivos para valorar la relevancia de esta situación serían:
*   El ""entorno cultural, social, económico, político, geográfico y temporal"" en una perspectiva retrospectiva y prospectiva.
*   La ""celebración, ejecución y conducta práctica negocial"".
*   La ""fase prodrómica, de gestación o formación"", incluyendo los ""actos, tratos o conversaciones preliminares"".
*   Los hechos probados ""antes de la celebración del contrato, durante su ejecución y con posterioridad a la terminación intempestiva"", para valorar la intención de la parte al momento de contratar.
*   La valoración integral y en conjunto del ""acervo probatorio"", incluyendo el contrato, los documentos cruzados entre las partes y las pruebas practicadas en el proceso, como lo exige el artículo 176 del Código General del Proceso.

**Citas:**
*   [SENTENCIA | Sentencias | sc5185_2021_clase_de_actuación_recurso_de_casación_tipo_de_providencia_sentencia_fecha_26_11_2021_po_751932_número_de_pr | página 23]
*   [SENTENCIA | Sentencias | sc3755_2022_clase_de_actuación_recurso_de_casación_tipo_de_providencia_sentencia_fecha_28_11_2022_po_789342_número_de_pr | página 40]
*   [SENTENCIA | Sentencias | sc2906_2021_clase_de_actuación_recurso_de_casación_tipo_de_providencia_sentencia_fecha_29_07_2021_po_739039_número_de_pr | página 21]","SILOGISMO JURÍDICO:

1.  **PREMISA MAYOR:**
    La jurisprudencia colombiana, al indagar sobre la ""recíproca intensión de las partes"" en un contrato, ha puntualizado que para reconstruirla y precisarla es forzoso apreciar, entre muchos otros factores, la fase prodrómica, de gestación o formación del consentimiento. Los actos, tratos o conversaciones preliminares enderezados a preparar la producción de un consentimiento contractual no son intrascendentes; por el contrario, una vez formado el consentimiento, son parte integrante de él y su importancia se traduce en servir de medios auxiliares para interpretar la verdadera intención de las partes, la cual no siempre es fielmente reflejada por los instrumentos escriturarios. El derecho valora preservar el consentimiento real de los estipulantes por encima de la apariencia.

2.  **PREMISA MENOR:**
    Si una de las partes firma un contrato confiando en una versión preliminar distinta de la versión final, el análisis jurídico del error en la formación del consentimiento debe centrarse en la discrepancia entre la intención real de la parte, forjada durante la fase prodrómica y a través de las versiones preliminares, y la declaración de voluntad plasmada en el documento final. Para valorar la relevancia de este error, es decisivo estudiar el acervo probatorio de manera integral y en conjunto, incluyendo el contrato, los documentos cruzados entre las partes, y las pruebas practicadas en el proceso. Se deben delimitar los hechos probados antes de la celebración del contrato, durante su ejecución y con posterioridad, para determinar la verdadera intención de la parte al momento de contratar y la esencia, objeto y causa del acuerdo, contrastándolos con la versión preliminar en la que se confió.

3.  **CONCLUSIÓN:**
    El error en la formación del consentimiento, cuando una parte firma un contrato confiando en una versión preliminar distinta a la final, se analiza jurídicamente considerando los actos y conversaciones preliminares como parte integrante del consentimiento para interpretar la verdadera intención. Los hechos decisivos para valorar su relevancia serán aquellos que, mediante una apreciación integral de todas las pruebas (pre-contractuales, contractuales y post-contractuales), permitan reconstruir la intención real de la parte y evidenciar la discordancia entre esta y el contenido del contrato finalmente suscrito.",1,
7,"En un contrato de arrendamiento civil con dos cláusulas incompatibles sobre reajuste del canon, una anual por IPC y otra libremente determinada por el arrendador, ¿qué método interpretativo permite resolver la incompatibilidad sin vaciar el contrato de eficacia?","Para resolver la incompatibilidad entre dos cláusulas de un contrato de arrendamiento civil sobre el reajuste del canon, se debe aplicar el método interpretativo que establece que ""Las cláusulas de un contrato se interpretarán unas por otras, dándosele a cada una el sentido que mejor convenga al contrato en su totalidad.""

Cita: Artículo 1622 del Código Civil.","SILOGISMO JURÍDICO:

1.  **PREMISA MAYOR:**
    El Artículo 1622 del Código Civil Colombiano establece que ""Las cláusulas de un contrato se interpretarán unas por otras, dándosele a cada una el sentido que mejor convenga al contrato en su totalidad.""

2.  **PREMISA MENOR:**
    En el caso de un contrato de arrendamiento civil que contiene dos cláusulas incompatibles sobre el reajuste del canon (una anual por IPC y otra libremente determinada por el arrendador), la aplicación del Artículo 1622 del Código Civil exige que estas cláusulas se interpreten de manera sistemática. Esto implica que se debe buscar un sentido que armonice ambas disposiciones o que, al menos, permita que el contrato en su conjunto mantenga su eficacia, dándole a cada cláusula el significado que mejor se integre con la totalidad del acuerdo contractual.

3.  **CONCLUSIÓN:**
    Para resolver la incompatibilidad entre las cláusulas de reajuste del canon en el contrato de arrendamiento civil sin vaciarlo de eficacia, el método interpretativo que debe aplicarse es la interpretación sistemática, conforme a lo dispuesto en el Artículo 1622 del Código Civil.",1,
8,¿Cómo debe abordarse la interpretación de una cláusula oscura redactada exclusivamente por una de las partes cuando su sentido favorece claramente a quien la redactó?,"Las condiciones generales de los contratos, en caso de duda, serán interpretadas de la manera más favorable al consumidor, prevaleciendo las cláusulas más favorables al consumidor sobre aquellas que no lo sean.

Cita: NORMA | Ley_1480 | Ley 1480 | Artículo 34 | ley_1480_rag","SILOGISMO JURÍDICO:

1.  **PREMISA MAYOR:**
    Según el Artículo 34 de la Ley 1480 (Estatuto del Consumidor), las condiciones generales de los contratos deben interpretarse de la manera más favorable al consumidor, y en caso de duda, prevalecerán las cláusulas que le sean más favorables sobre aquellas que no lo sean. La jurisprudencia también ha señalado que, en contratos donde una de las partes redacta el clausulado, especialmente en aquellos que se presentan como un ""reglamento compacto y misterioso"", corresponde al juez investigar si una cláusula litigiosa fue verdaderamente aceptada o si su inserción constituye una ""trampa"" para una de las partes (SC13925_2016). Aunque se reconoce que una parte puede redactar el clausulado, esto no implica que la otra deba adherirse a exclusiones que revistan ambigüedad (SC4126_2021).

2.  **PREMISA MENOR:**
    La pregunta describe una ""cláusula oscura"" que ha sido redactada exclusivamente por una de las partes y cuyo sentido favorece claramente a quien la redactó. La oscuridad de la cláusula genera una ""duda"" sobre su verdadero alcance y la intención de las partes, especialmente de la parte no redactora. Esta situación se alinea con los escenarios de contratos de adhesión o de consumo, donde una de las partes impone las condiciones.

3.  **CONCLUSIÓN:**
    La interpretación de una cláusula oscura redactada exclusivamente por una de las partes, cuyo sentido favorece claramente a quien la redactó, debe abordarse de la manera más favorable a la parte no redactora, especialmente si esta es un consumidor. En caso de duda, prevalecerá la interpretación que beneficie al consumidor o a la parte que no redactó la cláusula, con el fin de evitar que la oscuridad de la redacción se convierta en una ""trampa"" o en un beneficio indebido para la parte que impuso la condición.",1,
9,"En un contrato de mandato, si el mandatario actuó dentro de los fines generales del negocio pero excedió instrucciones particulares, ¿cómo se determina si sus actos obligan al mandante frente al tercero?","No encontrado en el corpus. El contexto recuperado no contiene información suficiente para responder. El contexto explica que en el mandato no representativo o ""mandato oculto"", si el mandatario actúa en su propio nombre, no obliga al mandante frente a terceros, y los efectos del acto se radican en el mandatario, incluso si la conducta obedece a instrucciones del mandante. Sin embargo, no aborda la situación de un mandatario que, actuando a nombre del mandante, excede instrucciones particulares pero se mantiene dentro de los fines generales del negocio.

[SENTENCIA | Sentencias | sc3890_2021_clase_de_actuación_recurso_de_casación_tipo_de_providencia_sentencia_fecha_15_09_2021_po_744278_número_de_pr | página 14]
[SENTENCIA | Sentencias | sc3890_2021_clase_de_actuación_recurso_de_casación_tipo_de_providencia_sentencia_fecha_15_09_2021_po_744278_número_de_pr | página 15]
[SENTENCIA | Sentencias | sc3890_2021_clase_de_actuación_recurso_de_casación_tipo_de_providencia_sentencia_fecha_15_09_2021_po_744278_número_de_pr | página 21]","SILOGISMO JURÍDICO:

1.  **PREMISA MAYOR:** El contexto recuperado establece que, en un contrato de mandato, si el mandatario contrata a su propio nombre (mandato no representativo u oculto), no obliga al mandante frente a terceros, ya que los efectos del acto se radican en el mandatario, salvo que el tercero llegue a conocer el mandato y lo invoque para prevalecerse (art. 2177 C.C.). Por el contrario, si el mandatario da a conocer su condición intermediaria y actúa a nombre del mandante (mandato representativo), es el mandante quien asume sus compromisos, obligaciones y responsabilidades ante terceros, vinculando al mandante y al tercero.

2.  **PREMISA MENOR:** La pregunta plantea una situación en la que el mandatario actuó dentro de los fines generales del negocio pero excedió instrucciones particulares. El contexto recuperado distingue la vinculación del mandante a terceros según si el mandatario actúa en su propio nombre o en nombre del mandante. Sin embargo, no proporciona una norma o jurisprudencia específica que determine cómo se afecta la obligación del mandante frente al tercero cuando el mandatario, actuando en nombre del mandante, excede instrucciones particulares, aunque se mantenga dentro de los fines generales del negocio.

3.  **CONCLUSIÓN:** Basándose *únicamente* en el contexto recuperado, no es posible determinar cómo se establece la obligación del mandante frente al tercero en el escenario específico donde el mandatario, actuando en nombre del mandante, excede instrucciones particulares pero se mantiene dentro de los fines generales del negocio. El contexto se limita a establecer la regla general de vinculación según la modalidad del mandato (representativo o no representativo).",1,
10,¿Qué efectos produce en la validez de un contrato civil la discrepancia entre la causa expresada en el texto contractual y la causa real perseguida por las partes?,No encontrado en el corpus. El contexto recuperado no contiene información suficiente para responder.,"SILOGISMO JURÍDICO:

1.  **PREMISA MAYOR:** El contexto recuperado aborda diversos aspectos del Derecho Contractual Civil Colombiano, como la resolución de contratos por incumplimiento (artículo 1546 del Código Civil), el mutuo incumplimiento, la interpretación de normas sustanciales en el recurso de casación, la fuerza vinculante de los contratos (artículo 1602 del Código Civil) y los deberes de buena fe (artículo 1603 del Código Civil). Sin embargo, ninguna de las sentencias proporcionadas contiene una norma o jurisprudencia que defina o explique los efectos en la validez de un contrato civil cuando existe una discrepancia entre la causa expresada en el texto contractual y la causa real perseguida por las partes. Aunque una de las sentencias menciona la ""divergencia entre la voluntad real y la expresada por los contratantes"", lo hace para señalar que el artículo 1602 del Código Civil no es pertinente para este tipo de alegación, sin profundizar en las consecuencias de dicha divergencia en la validez del contrato ni relacionarla con el concepto de ""causa"".

2.  **PREMISA MENOR:** La pregunta solicita específicamente los efectos en la validez de un contrato civil ante una discrepancia entre la causa expresada y la causa real. El contexto recuperado no ofrece elementos normativos ni jurisprudenciales que aborden directamente la figura de la causa del contrato, sus requisitos de validez, o las consecuencias jurídicas (como la nulidad, inexistencia, ineficacia, etc.) que se derivarían de una divergencia entre la causa declarada y la causa verdadera.

3.  **CONCLUSIÓN:** Basado ÚNICAMENTE en el contexto recuperado, no es posible determinar qué efectos produce en la validez de un contrato civil la discrepancia entre la causa expresada en el texto contractual y la causa real perseguida por las partes, ya que la información proporcionada no aborda este punto específico del Derecho Contractual.",1,
11,"Si en una promesa de compraventa las partes pactaron celebrar el contrato definitivo cuando “se normalice la situación registral del inmueble”, ¿esa expresión puede considerarse una condición suficientemente determinada para exigir cumplimiento?",No encontrado en el corpus. El contexto recuperado no contiene información suficiente para responder.,"SILOGISMO JURÍDICO:

1.  **PREMISA MAYOR:**
    Para la validez de un contrato de promesa de compraventa, el ordinal tercero del artículo 89 de la Ley 153 de 1887 exige que se establezca un ""plazo o condición que fije la época en que ha de celebrarse el contrato"". La jurisprudencia (Sentencia SC3666-2021) interpreta que una fecha es ""determinada"" cuando ha sido ""designada y delimitada en forma precisa"". La obligación que emerge de la promesa es ""de hacer"", consistente en la celebración del negocio prometido, la cual se someterá a las reglas y formalidades del caso, según el artículo 861 del Código de Comercio.

2.  **PREMISA MENOR:**
    El contexto recuperado establece el requisito de que la condición debe fijar la época de celebración del contrato de manera ""precisa"" y ""delimitada"" para ser considerada determinada, y proporciona un ejemplo de una fecha específica que cumple con este criterio. No obstante, el contexto *no contiene ninguna referencia, análisis o ejemplo específico* que aborde la expresión ""se normalice la situación registral del inmueble"" ni ofrece pautas para evaluar si una condición formulada de esa manera cumple con el requisito de ser ""suficientemente determinada"" en el marco del artículo 89 de la Ley 153 de 1887. Aunque se menciona la importancia del registro de la compraventa para perfeccionar el contrato definitivo, el contexto no discute cómo una condición ligada a la ""normalización registral"" se ajusta al requisito de determinación temporal en una promesa.

3.  **CONCLUSIÓN:**
    Basándose *únicamente* en el contexto recuperado, no es posible determinar si la expresión ""se normalice la situación registral del inmueble"" puede considerarse una condición suficientemente determinada para exigir el cumplimiento de una promesa de compraventa, dado que el contexto no proporciona un análisis o criterio específico para evaluar la suficiencia de dicha formulación.",2,
12,¿Cómo se diferencia jurídicamente una obligación condicional de una obligación a plazo cuando la cláusula contractual usa lenguaje impreciso sobre un evento futuro?,"Jurídicamente, una obligación condicional se diferencia de una obligación a plazo por la naturaleza del acontecimiento futuro del que dependen.

Una **obligación condicional** es aquella que depende de una condición, esto es, de un acontecimiento futuro, que puede suceder o no (Artículo 1530 del Código Civil). Se refiere a un hecho futuro incierto (SC3674_2021, página 11).

Por otro lado, una **obligación a plazo** es aquella en la que, a pesar de existir ya la obligación, su cumplimiento, en principio, solo puede demandarse después de que llega el tiempo prefijado para el pago (SC1170_2022, página 19). La ley ha definido el plazo como la época que se determina para el cumplimiento de la obligación (artículo 1551 del Código Civil, citado en SC1170_2022, página 19), siendo un término futuro y cierto (SC3674_2021, página 11). En esta especie de obligaciones, no puede exigirse su pago antes de expirar el tiempo concedido, salvo casos excepcionales (SC1170_2022, página 19).

La diferencia clave radica en que en la condición el acontecimiento futuro es incierto en cuanto a su ocurrencia, mientras que en el plazo el acontecimiento futuro es cierto, solo se difiere el momento de su exigibilidad.

No obstante, el contexto recuperado no contiene información suficiente para responder cómo se realiza esta diferenciación específicamente cuando la cláusula contractual usa lenguaje impreciso sobre un evento futuro.","SILOGISMO JURÍDICO:

1.  **PREMISA MAYOR:**
    En el Derecho Contractual Civil Colombiano, la distinción fundamental entre una obligación condicional y una obligación a plazo radica en la certeza del acontecimiento futuro al que se supedita la obligación. Una obligación condicional es aquella que depende de una condición, definida como un acontecimiento futuro que puede suceder o no (Artículo 1530 del Código Civil; Sentencia SC3674_2021, página 11). Es, por tanto, un hecho futuro incierto. Por otro lado, una obligación a plazo es aquella cuyo cumplimiento se difiere a un momento posterior, siendo el plazo la época que se determina para el cumplimiento de la obligación (Artículo 1551 del Código Civil). En las obligaciones a plazo, el cumplimiento solo puede demandarse después de que llega el tiempo prefijado para el pago (Artículo 1553 del Código Civil; Sentencia SC1170_2022, página 19). El plazo se caracteriza por ser un término futuro y cierto (Sentencia SC3674_2021, página 11).

2.  **PREMISA MENOR:**
    Cuando una cláusula contractual utiliza lenguaje impreciso sobre un evento futuro, la clave para diferenciar si la obligación es condicional o a plazo reside en determinar si, a pesar de la imprecisión, el acontecimiento futuro es intrínsecamente cierto en su ocurrencia o si, por el contrario, es incierto. La imprecisión del lenguaje no altera la naturaleza jurídica de la figura, sino que exige una labor interpretativa para establecer si las partes sujetaron la obligación a un hecho que *necesariamente* ocurrirá (característica del plazo) o a uno que *puede o no ocurrir* (característica de la condición).

3.  **CONCLUSIÓN:**
    La diferencia jurídica entre una obligación condicional y una obligación a plazo, incluso ante un lenguaje contractual impreciso sobre un evento futuro, radica en la *certeza* de la ocurrencia de dicho evento. Si el acontecimiento futuro es incierto, es decir, puede suceder o no, se trata de una obligación condicional. Si, por el contrario, el acontecimiento futuro es cierto en su ocurrencia, aunque su fecha exacta pueda ser indeterminada, se configura una obligación a plazo. La imprecisión del lenguaje requerirá una interpretación para discernir la intención de las partes respecto a la certeza o incertidumbre del evento.",1,
13,"En un contrato de mutuo entre particulares, ¿qué análisis debe hacerse si se pactan intereses sin claridad sobre su tasa, periodicidad ni momento de exigibilidad?",No encontrado en el corpus. El contexto recuperado no contiene información suficiente para responder.,"SILOGISMO JURÍDICO:

1.  **PREMISA MAYOR:** Según la jurisprudencia, en el ámbito contractual, es preciso reconocer que incluso las normas que fijan condiciones dejan un margen de interpretación, especialmente cuando se trata de la obligación de brindar información clara, precisa, cierta, suficiente, veraz y oportuna. En situaciones donde los dictados no encajan claramente o se encuentran en una ""zona de penumbra"", deviene necesario acudir a ejercicios hermenéuticos para determinar si se cumplen o no las exigencias de las que pende la consecuencia jurídica (Sentencia SC4126-2021, página 38). Adicionalmente, para establecer la intención que detona un pacto, es indispensable auscultar ""las circunstancias en que se realiza"" (Sentencia SC575-2022, página 47).

2.  **PREMISA MENOR:** En el caso de un contrato de mutuo entre particulares donde se pactan intereses sin claridad sobre su tasa, periodicidad o momento de exigibilidad, se presenta una situación que se enmarca en la ""zona de penumbra"" descrita por la jurisprudencia. La ausencia de información clara, precisa y suficiente sobre estos elementos esenciales de los intereses requiere la aplicación de ejercicios hermenéuticos. El análisis debe centrarse en ""auscultar las circunstancias en que se realiza"" el pacto para establecer la intención que lo detonó, es decir, la verdadera voluntad de las partes respecto a los intereses.

3.  **CONCLUSIÓN:** Por consiguiente, ante la falta de claridad en la tasa, periodicidad y momento de exigibilidad de los intereses en un contrato de mutuo, el análisis debe consistir en un ejercicio hermenéutico exhaustivo de las circunstancias que rodearon la celebración del pacto, con el fin de determinar la intención real de las partes y así suplir la ambigüedad de los términos contractuales.",1,
14,¿Cómo se determina la prevalencia entre una cláusula especial y una cláusula general cuando ambas regulan el mismo supuesto de incumplimiento con consecuencias distintas?,"Cuando se configura una antinomia total-parcial entre cánones que regulan el mismo supuesto, se impone acudir a su interpretación conjunta. En caso de incompatibilidad, prevalecerá la cláusula particular por fuerza del principio de especialidad.

Cita: [SENTENCIA | Sentencias | sc487_2022_clase_de_actuación_recurso_de_casación_tipo_de_providencia_sentencia_fecha_04_04_2022_pon_764531_número_de_pr | página 29]","SILOGISMO JURÍDICO:

1.  **PREMISA MAYOR**: El contexto recuperado establece que, cuando se configura una antinomia total-parcial entre cánones (cláusulas) que regulan el mismo supuesto, se impone acudir a su interpretación conjunta. No obstante, en caso de incompatibilidad, prevalecerá la cláusula particular (especial) por fuerza del principio de especialidad (Sentencia SC487_2022, página 29). Asimismo, se entiende que una cláusula general tiene un carácter residual y debe aplicarse solo en los casos en que la conducta denunciada no se encuadre en alguno de los tipos especiales (Sentencia SC4174_2021, página 51).

2.  **PREMISA MENOR**: En el caso planteado, existe una situación donde una cláusula especial y una cláusula general regulan el mismo supuesto de incumplimiento, pero con consecuencias distintas, lo que genera una incompatibilidad. De acuerdo con el principio de especialidad, la cláusula particular o especial es la que debe aplicarse preferentemente.

3.  **CONCLUSIÓN**: Por lo tanto, cuando una cláusula especial y una cláusula general regulan el mismo supuesto de incumplimiento con consecuencias distintas, prevalecerá la cláusula especial en virtud del principio de especialidad.",1,
15,"Si un contrato civil remite a anexos técnicos no firmados por las partes, ¿qué criterios permiten establecer si esos anexos quedaron válidamente incorporados al contenido obligacional?","Para que los anexos se consideren válidamente incorporados al contenido obligacional de una póliza (contrato), deben cumplir los siguientes criterios:

1.  Deben identificar con contundencia la póliza que integran.
2.  Son accesorios a la póliza y están sujetos a sus estipulaciones, como el contrato mismo, en todo aquello que escape a su propia órbita.
3.  Recogen una nueva manifestación de voluntad, así sea circunscrita en su finalidad específica, posterior a la que aparece consignada en el documento principal.
4.  Prevalecen sobre el documento principal en caso de conflicto.

[SENTENCIA | Sentencias | sc2879_2022_clase_de_actuación_recurso_de_casación_tipo_de_providencia_sentencia_fecha_27_09_2022_po_781082_número_de_pr | página 124]","SILOGISMO JURÍDICO:

1.  **PREMISA MAYOR:**
    Conforme a la jurisprudencia, los anexos forman parte integral de la póliza (o, por extensión, del contrato principal), siempre que identifiquen con contundencia el documento que integran y recojan una nueva manifestación de voluntad, prevaleciendo sobre el documento principal en caso de conflicto en su órbita específica (SC2879-2022, página 124). Adicionalmente, la eficacia, validez o fuerza obligatoria y probatoria de cualquier tipo de información en forma de mensaje de datos no puede negarse por el solo hecho de no haber sido presentado en su forma original. Para la valoración de su fuerza probatoria, se tendrán en cuenta las reglas de la sana crítica y criterios como la confiabilidad en la forma en que se haya generado, archivado o comunicado el mensaje, y la confiabilidad en la forma en que se haya conservado la integridad de la información (SC5185-2021, página 44).

2.  **PREMISA MENOR:**
    En el caso de anexos técnicos no firmados por las partes, la ausencia de una firma física no es un impedimento absoluto para su validez o incorporación, ya que la ley no niega eficacia a la información por el solo hecho de no estar en su forma original. Para que estos anexos queden válidamente incorporados al contenido obligacional del contrato civil, deben cumplir con dos criterios esenciales: primero, identificar de manera contundente el contrato principal al que se integran; y segundo, reflejar una manifestación de voluntad de las partes. La valoración de su fuerza probatoria y su vinculación al contrato se realizará aplicando las reglas de la sana crítica, considerando la fiabilidad de su generación, archivo, comunicación y la integridad de la información que contienen.

3.  **CONCLUSIÓN:**
    Los anexos técnicos no firmados pueden quedar válidamente incorporados al contenido obligacional de un contrato civil si identifican claramente el contrato principal y reflejan la voluntad de las partes. La falta de firma no invalida per se su eficacia, pero su fuerza probatoria y obligatoria se determinará evaluando la confiabilidad de su origen, conservación e integridad, conforme a las reglas de la sana crítica.",1,
16,"En un contrato de obra, ¿cómo debe calificarse el incumplimiento del contratista cuando entrega la obra, pero esta presenta defectos funcionales que impiden su uso normal?",No encontrado en el corpus. El contexto recuperado no contiene información suficiente para responder.,"SILOGISMO JURÍDICO:

1.  **PREMISA MAYOR**: El incumplimiento contractual se configura como una situación antijurídica o contraria a derecho, que se presenta cuando el deudor se aparta u obra de manera distinta de lo que constituiría su proceder debido, implicado en la obligación a su cargo (SC1043-2021, página 19). Esto implica no cumplir lo pactado en la forma y tiempo debidos (SC3375-2021, página 39; SC5430-2021, página 56). El incumplimiento repercute sobre el sinalagma contractual, comprometiendo su funcionalidad (SC5430-2021, página 55), y puede afectar e imposibilitar sustancialmente la satisfacción de los intereses o finalidades del contratante cumplido (sin_clase_de_actuación_publicación_especializada_tipo_de_providencia_publicación_especializada_fecha_776082_número_de_pr, página 49).

2.  **PREMISA MENOR**: En el caso planteado, el contratista entrega la obra, pero esta presenta defectos funcionales que impiden su uso normal. Esta situación evidencia que el contratista se apartó u obró de manera distinta a su proceder debido, ya que la obligación en un contrato de obra no se limita a la mera entrega física, sino a la entrega de una obra que cumpla con su finalidad y sea apta para el uso normal para el cual fue contratada. Al presentar defectos funcionales que impiden su uso normal, la obra no satisface los intereses o finalidades del contratante, comprometiendo la funcionalidad del contrato.

3.  **CONCLUSIÓN**: El incumplimiento del contratista, al entregar una obra con defectos funcionales que impiden su uso normal, debe calificarse como un incumplimiento contractual, dado que se aparta de la forma debida de ejecución de la prestación y no satisface la finalidad para la cual se contrató.",1,
17,¿Cuándo una ejecución defectuosa debe tratarse como cumplimiento imperfecto y cuándo como incumplimiento esencial que habilita resolución del contrato?,"Una ejecución defectuosa debe tratarse como incumplimiento esencial que habilita la resolución del contrato, entre otras muchas circunstancias, cuando:
1.  Afecta y hace imposible sustancialmente la satisfacción de los intereses o finalidades del contratante cumplido.
2.  Las partes previeron en el programa contractual en forma expresa, concreta y específica obligaciones esenciales y determinantes para la ejecución del contrato y estas son infringidas.
3.  Por causa del incumplimiento no existen razones, indicios, inferencias que permitan al acreedor confiar que el deudor incumplido no podrá hacia el futuro subsanar o cumplir las obligaciones desatendidas, y por tanto, el deudor no tendrá interés en conservar el negocio.
4.  Se transforma en irreversible la economía negocial del contratante incumplido.
5.  Se evidencia mala fe o fraude en el comportamiento contractual del incumplido.

La Convención de Viena del 1° de abril de 1980, regla 64, también autoriza la resolución frente a un incumplimiento esencial.

El contexto recuperado no contiene información suficiente para definir cuándo una ejecución defectuosa debe tratarse como cumplimiento imperfecto, ni establece criterios para diferenciarla de un incumplimiento esencial que habilita la resolución del contrato, más allá de las condiciones mencionadas para el incumplimiento que lleva a la resolución.

Citas:
*   [SENTENCIA | Sentencias | sin_clase_de_actuación_publicación_especializada_tipo_de_providencia_publicación_especializada_fecha_776082_número_de_pr | página 49]
*   [SENTENCIA | Sentencias | sc3674_2021_clase_de_actuación_recurso_de_casación_tipo_de_providencia_sentencia_fecha_25_08_2021_po_741820_número_de_pr | página 8]","**PREMISA MAYOR:**
Según la jurisprudencia colombiana, la resolución de un contrato por incumplimiento no se habilita por cualquier inejecución obligacional, sino que requiere que el incumplimiento sea de tal entidad que afecte sustancialmente los intereses o finalidades del contratante cumplido. Específicamente, se considera un incumplimiento que habilita la resolución cuando:
1.  Afecta y hace imposible sustancialmente la satisfacción de los intereses o finalidades del contratante cumplido.
2.  Las partes previeron en el programa contractual en forma expresa, concreta y específica obligaciones esenciales y determinantes para la ejecución del contrato y estas son infringidas.
3.  Por causa del incumplimiento no existen razones, indicios, inferencias que permitan al acreedor confiar que el deudor incumplido no podrá hacia el futuro subsanar o cumplir las obligaciones desatendidas, y por tanto, el deudor no tendrá interés en conservar el negocio.
4.  Se transforma en irreversible la economía negocial del contratante incumplido.
5.  Se evidencia mala fe o fraude en el comportamiento contractual del incumplido.
Además, la resolución del contrato por incumplimiento presupone la existencia de un contrato bilateral con prestaciones recíprocas, y la parte que ha cumplido su prestación tiene el derecho de liberarse del contrato, sin perjuicio del resarcimiento del daño. La Convención de Viena del 1° de abril de 1980, regla 64, también autoriza la resolución frente a un incumplimiento esencial.

**PREMISA MENOR:**
La pregunta busca diferenciar entre una ejecución defectuosa tratada como ""cumplimiento imperfecto"" y como ""incumplimiento esencial"" que habilita la resolución del contrato. El contexto recuperado no define explícitamente la categoría de ""cumplimiento imperfecto"" ni establece remedios específicos para este tipo de inejecución que no alcance la gravedad de un incumplimiento esencial. Sin embargo, sí proporciona criterios claros para determinar cuándo un incumplimiento es lo suficientemente grave como para justificar la resolución contractual, lo que se alinea con el concepto de ""incumplimiento esencial"". Por lo tanto, una ejecución defectuosa se tratará como un incumplimiento que habilita la resolución del contrato cuando cumpla con cualquiera de los criterios de gravedad mencionados en la Premisa Mayor, es decir, cuando afecte sustancialmente los intereses del contratante cumplido, infrinja obligaciones esenciales, impida la confianza en una futura subsanación, altere irreversiblemente la economía negocial o evidencie mala fe o fraude. Cualquier ejecución defectuosa que no alcance esta gravedad, aunque no se le dé un nombre específico ni se le asignen remedios en el contexto proporcionado, no habilitaría la resolución.

**CONCLUSIÓN:**
Una ejecución defectuosa debe tratarse como un incumplimiento esencial que habilita la resolución del contrato cuando cumple con los criterios de gravedad establecidos por la jurisprudencia, tales como afectar sustancialmente los intereses del contratante cumplido, infringir obligaciones esenciales y determinantes, generar desconfianza en la subsanación futura, transformar irreversiblemente la economía negocial o evidenciar mala fe o fraude. El contexto recuperado no proporciona una definición ni un tratamiento específico para una categoría de ""cumplimiento imperfecto"" que no alcance la gravedad de un incumplimiento esencial para efectos de la resolución contractual.",2,
18,"Si una cláusula de exoneración de responsabilidad está redactada en términos amplios y genéricos, ¿hasta dónde puede desplegar efectos frente a culpa leve, culpa grave o dolo?",No encontrado en el corpus. El contexto recuperado no contiene información suficiente para responder.,"SILOGISMO JURÍDICO:

1.  **PREMISA MAYOR:**
    En el Derecho Contractual Civil Colombiano, la responsabilidad asumida en términos generales como finalidad del contrato no puede verse restringida sino por obra de cláusulas claras y expresas (SC487_2022). En materia contractual, la pretensión indemnizatoria solo trasciende a los perjuicios previsibles e imprevisibles si el contratante incumplido obró dolosamente; de lo contrario, y con apoyo exclusivo en la culpa, únicamente se podrán indemnizar los perjuicios predecibles (SC282_2021). Además, para ciertos profesionales, como el fiduciario, la responsabilidad se extiende hasta la culpa leve en el cumplimiento de su gestión (SC5430_2021). La exoneración de responsabilidad puede darse por la ruptura de la relación de causalidad, como el caso fortuito, la fuerza mayor o la culpa exclusiva de la víctima, o, en el caso de culpa probada, demostrando que se obró sin negligencia, descuido o incuria (SC18146_2016).

2.  **PREMISA MENOR:**
    Una cláusula de exoneración de responsabilidad redactada en términos amplios y genéricos no cumple con el requisito de ser ""clara y expresa"" para restringir la responsabilidad contractual (SC487_2022). Dado que la culpa leve genera responsabilidad en ciertos contextos, como el de los fiduciarios (SC5430_2021), cualquier intento de exonerar esta forma de culpa requeriría una estipulación específica y no genérica. Asimismo, el dolo implica una extensión de la indemnización a perjuicios tanto previsibles como imprevisibles, lo que denota un mayor reproche y un tratamiento diferenciado (SC282_2021). Por lo tanto, para que una cláusula pudiera desplegar efectos frente al dolo, sería indispensable que fuera ""clara y expresa"", lo cual no se logra con una redacción genérica. El contexto recuperado no proporciona información específica sobre el tratamiento de la ""culpa grave"" en relación con cláusulas de exoneración genéricas.

3.  **CONCLUSIÓN:**
    Una cláusula de exoneración de responsabilidad redactada en términos amplios y genéricos no puede desplegar efectos para exonerar la responsabilidad derivada de la culpa (incluida la culpa leve, que genera responsabilidad en ciertos casos) ni del dolo, debido a la exigencia de que las cláusulas que restringen la responsabilidad sean ""claras y expresas"". La distinción en la extensión de los perjuicios entre culpa y dolo refuerza la necesidad de una estipulación explícita y clara para cualquier intento de exoneración de estas conductas.",2,
19,¿Cómo se analiza la validez de una cláusula contractual que traslada todos los riesgos previsibles e imprevisibles a una sola parte sin distinguir origen ni control del riesgo?,"La validez de una cláusula contractual que traslada todos los riesgos previsibles e imprevisibles a una sola parte sin distinguir origen ni control del riesgo se analiza bajo los siguientes principios:

1.  **No es factible la garantía indeterminada de todos los riesgos**: No es factible el amparo de todos los eventos susceptibles de provocar daño, ni que un mismo contrato garantice indeterminadamente la totalidad de los riesgos a que se halla expuesto un interés económico lícito. [SENTENCIA | Sentencias | sc3893_2020... | página 20]
2.  **Necesidad de individualización y determinación minuciosa del riesgo**: Se pone de manifiesto la necesidad de que se individualice el riesgo asegurado. El asegurador solo se halla obligado a resarcir un daño o cumplir la prestación convenida si ocurre el evento previsto, en el marco de un riesgo debidamente determinado. Es evidente la importancia de que el asegurador determine con minuciosidad los riesgos que tomará a su cargo, lo cual puede materializarse a través de descripciones afirmativas o mediante pactos de exclusión, en concordancia con el artículo 1056 del Código de Comercio, que estatuye que el asegurador podrá, a su arbitrio, asumir todos o algunos de los riesgos con las restricciones legales. [SENTENCIA | Sentencias | sc3893_2020... | página 20, 21]
3.  **Interpretación restrictiva de la cobertura**: La enumeración de los riesgos y la extensión de la cobertura debe apreciarse literal, restrictiva o limitativamente, por lo que no es admisible la interpretación analógica ni extensiva de la póliza para determinar el riesgo asegurado, dado que ampliar o restringir la garantía asegurativa produciría un grave desequilibrio en el conjunto de sus obligaciones. [SENTENCIA | Sentencias | sc3893_2020... | página 20]
4.  **Claridad y transparencia en la delimitación del riesgo**: La delimitación del riesgo asegurado debe quedar registrada con la claridad, transparencia y visibilidad del caso, como un insumo relevante para que el tomador se adhiera de manera informada y reflexiva a las condiciones negociales predispuestas. [SENTENCIA | Sentencias | sc2879_2022... | página 90]","SILOGISMO JURÍDICO:

1.  **PREMISA MAYOR:** Según la jurisprudencia civil colombiana, si bien el asegurador tiene la facultad de asumir todos o algunos de los riesgos a que estén expuestos el interés o la cosa asegurados, esta prerrogativa está sujeta a restricciones legales y a la necesidad de una determinación minuciosa, clara, transparente y delimitada del riesgo asegurado. No es factible el amparo de todos los eventos susceptibles de provocar daño, ni que un mismo contrato garantice indeterminadamente la totalidad de los riesgos. La enumeración de los riesgos y la extensión de la cobertura debe apreciarse literal, restrictiva o limitativamente, por lo que no es admisible la interpretación analógica ni extensiva, dado que ampliar o restringir la garantía asegurativa produciría un grave desequilibrio en el conjunto de las obligaciones. En contratos de adhesión, donde una de las partes predispone el contenido, el juez debe investigar si la cláusula fue verdaderamente aceptada y no constituye una ""trampa"", garantizando que el tomador se adhiera de manera informada y reflexiva a la delimitación del riesgo.

2.  **PREMISA MENOR:** Una cláusula contractual que traslada la totalidad de los riesgos, tanto previsibles como imprevisibles, a una sola parte, sin realizar una distinción de su origen o control, contraviene la exigencia de individualización y determinación minuciosa del riesgo. Tal estipulación impide que el riesgo sea ""debidamente determinado"" y que su delimitación se realice con la claridad, transparencia y visibilidad necesarias para una adhesión informada y reflexiva. Además, una transferencia tan amplia y genérica de riesgos, sin distinción de origen o control, podría generar un grave desequilibrio en las obligaciones contractuales y ser considerada una ""trampa"" para la parte adherente, especialmente en contratos estandarizados, al no permitir una aceptación verdadera de la extensión de la cobertura y al ir en contra del principio de que no es factible el amparo de todos los eventos indeterminadamente.

3.  **CONCLUSIÓN:** Por lo tanto, una cláusula contractual que traslada todos los riesgos previsibles e imprevisibles a una sola parte sin distinguir su origen ni control, no se ajustaría a los principios de validez del Derecho Contractual Civil Colombiano, ya que vulnera las exigencias de determinación, delimitación, claridad y equilibrio del riesgo, así como la necesidad de una adhesión informada y reflexiva en los contratos, pudiendo ser objeto de ineficacia o nulidad.",1,
20,"En un contrato celebrado por correo electrónico, ¿qué elementos serían jurídicamente relevantes para acreditar la existencia del consentimiento y el momento del perfeccionamiento?","Para acreditar la existencia del consentimiento en un contrato celebrado por correo electrónico, el contexto señala que un correo electrónico mediante el cual la asesora jurídica de la demandada remitió el contrato a los arrendadores ""sí dejó en claro que las partes 'se pusieron de acuerdo en las estipulaciones del contrato; y, particularmente, que la parte demandada sí expresó su consentimiento para la celebración del contrato en tales condiciones'"". Además, en el caso de las convenciones consensuales, se estará en presencia de un acuerdo de voluntades cuando la ""intentio de los participantes sea positiva y coincidente respecto de las bases por ellos proyectadas"".
[SENTENCIA | Sentencias | sc5185_2021_clase_de_actuación_recurso_de_casación_tipo_de_providencia_sentencia_fecha_26_11_2021_po_751932_número_de_pr | página 18, página 22]

En cuanto al momento del perfeccionamiento, para los contratos consensuales, el ""acuerdo de voluntades"" determina su celebración. Si la voluntad de los interesados, o de alguno de ellos, es negativa, o disímil en algún punto determinante del negocio, no tendrá lugar el surgimiento o floración plena del contrato. Se entiende que el contrato ha nacido a la vida jurídica una vez perfeccionado.
[SENTENCIA | Sentencias | sc5185_2021_clase_de_actuación_recurso_de_casación_tipo_de_providencia_sentencia_fecha_26_11_2021_po_751932_número_de_pr | página 22], [SENTENCIA | Sentencias | sc397_2021_clase_de_actuación_recurso_de_casación_tipo_de_providencia_sentencia_fecha_22_02_2021_pon_722675_número_de_pr | página 42]

Para valorar probatoriamente un mensaje de datos, como un correo electrónico, se deben tener en cuenta los siguientes elementos:
*   La confiabilidad de la forma en la que se haya generado, archivado o comunicado el mensaje.
*   La confiabilidad de la forma en que se haya conservado la integridad de la información.
*   La forma en la que se identifique a su iniciador.
*   Cualquier otro factor pertinente (artículo 11 de la Ley 527 de 1999).
La autenticidad de los correos electrónicos puede establecerse mediante un dictamen pericial, y su valoración debe hacerse en conjunto con otros medios de convicción.
[SENTENCIA | Sentencias | sc5185_2021_clase_de_actuación_recurso_de_casación_tipo_de_providencia_sentencia_fecha_26_11_2021_po_751932_número_de_pr | página 18, página 45]","SILOGISMO JURÍDICO:

1.  **PREMISA MAYOR:**
    Según el contexto recuperado, en los contratos consensuales, su celebración o perfeccionamiento se determina por la existencia de un acuerdo de voluntades positivo y coincidente respecto de las bases y estipulaciones proyectadas por las partes. Las convenciones consensuales, por su naturaleza, no se reducen a formalidades específicas para su perfeccionamiento. Los correos electrónicos y otros mensajes de datos poseen significación probatoria, especialmente cuando su autenticidad es constatada, y su valoración se rige por la Ley 527 de 1999 (artículos 5, 6, 10 y 11). Para valorar la fuerza probatoria de un mensaje de datos, se debe considerar la confiabilidad de su generación, archivo, comunicación, la integridad de la información conservada, la identificación de su iniciador y cualquier otro factor pertinente (artículo 11, C-622 de 2000). Un contrato escrito sin firmas, apreciado en conjunto con un correo electrónico que lo remite, puede dejar en claro que las partes se pusieron de acuerdo en las estipulaciones y expresaron su consentimiento.

2.  **PREMISA MENOR:**
    En el caso de un contrato celebrado por correo electrónico, para acreditar la existencia del consentimiento y el momento del perfeccionamiento, es fundamental demostrar que la ""intentio"" de los participantes fue positiva y coincidente respecto de los términos del negocio. El correo electrónico, como mensaje de datos, se convierte en el medio probatorio principal para evidenciar este acuerdo de voluntades.

3.  **CONCLUSIÓN:**
    Para acreditar la existencia del consentimiento y el momento del perfeccionamiento en un contrato celebrado por correo electrónico, los elementos jurídicamente relevantes son:
    *   **El contenido del correo electrónico:** Que demuestre de manera clara y explícita la ""intentio"" positiva y coincidente de las partes respecto de las estipulaciones del contrato, es decir, que se pusieron de acuerdo en sus términos y expresaron su consentimiento para su celebración.
    *   **La autenticidad del correo electrónico:** La constatación de su autenticidad, posiblemente mediante dictamen pericial, es crucial para su significación probatoria, conforme a la Ley 527 de 1999.
    *   **La confiabilidad del mensaje de datos:** La valoración de su fuerza probatoria se basará en la confiabilidad de la forma en que fue generado, archivado o comunicado, la integridad de la información conservada y la forma en que se identifique a su iniciador, según el artículo 11 de la Ley 527 de 1999.
    El momento del perfeccionamiento coincidirá con el instante en que, a través de la comunicación electrónica, se configure este acuerdo de voluntades positivo y coincidente sobre las bases del contrato.",1,
21,"¿Qué diferencia existe entre interpretar una cláusula ambigua y suplir un vacío contractual, y por qué esa distinción es crítica al evaluar la fidelidad de una respuesta jurídica?","La interpretación de una cláusula ambigua y la suplencia de un vacío contractual son conceptos distintos:

1.  **Interpretación de una cláusula ambigua:** Se refiere a la tarea de comprender el sentido genuino de una estipulación o demanda que no es clara o coherente, o que se presenta de manera ambigua o confusa. El juzgador debe realizar un detenido examen del texto y el contexto para revelar lo que en ella se alegó, sin alterar ni sustituir su contenido. Por ejemplo, el artículo 1624 del Código Civil manda interpretar las cláusulas ambiguas a favor del deudor, o contra la parte que las extendió si la ambigüedad proviene de la falta de una explicación que haya debido darse. Asimismo, se busca armonizar las estipulaciones con el espíritu general del contexto contractual, evitando el rígido apego literal a estipulaciones consideradas aisladamente.
    *   [SENTENCIA | Sentencias | sc2879_2022... | página 78]
    *   [SENTENCIA | Sentencias | sc17096_2015... | página 12]
    *   [SENTENCIA | Sentencias | sc3893_2020... | página 22]
    *   [SENTENCIA | Sentencias | sc3840_2020... | página 10]

2.  **Suplir un vacío contractual (o legal):** Se configura cuando una situación específica, como el incumplimiento de obligaciones en un contrato sinalagmático por parte de los dos extremos, no está regulada por una norma específica del ordenamiento jurídico (por ejemplo, el artículo 1546 del Código Civil u otra norma). En estos casos, se considera que existe un ""vacío legal"" que puede llevar a la aplicación analógica de otras normas, como el artículo 8° de la Ley 153 de 1887.
    *   [SENTENCIA | Sentencias | sc3666_2021... | página 28]

La diferencia radica en que la interpretación de una cláusula ambigua busca desentrañar el significado de un texto *existente* pero poco claro, mientras que suplir un vacío contractual implica aplicar una solución a una situación *no regulada* por el texto o la ley.

El contexto recuperado no contiene información suficiente para responder por qué esa distinción es crítica al evaluar la fidelidad de una respuesta jurídica.","SILOGISMO JURÍDICO:

1.  **PREMISA MAYOR:**
    *   **Interpretación de una cláusula ambigua:** La interpretación de cláusulas ambiguas busca desentrañar el sentido genuino de un texto existente, sin alterarlo ni sustituirlo (SC3840_2020, SC17096_2015). El juzgador debe examinar el texto y el contexto para revelar lo que se alegó, aunque sea de forma ambigua o confusa, sin darle un alcance distinto a lo que objetivamente no dice (SC17096_2015). El artículo 1624 del Código Civil, como regla residual, manda interpretar las cláusulas ambiguas a favor del deudor y, si la ambigüedad proviene de la falta de explicación, contra la parte que las extendió o dictó (SC2879_2022). La labor interpretativa debe armonizar las estipulaciones con el espíritu general del contrato, evitando un apego literal rígido a cláusulas aisladas (SC3893_2020).
    *   **Suplir un vacío contractual:** Un vacío legal o contractual se configura cuando una situación específica no está regulada por ninguna norma del ordenamiento jurídico (SC3666_2021). En tales casos, el artículo 8° de la Ley 153 de 1887 es de plena aplicación, permitiendo recurrir a la aplicación analógica para encontrar una solución (SC3666_2021).

2.  **PREMISA MENOR:**
    La diferencia fundamental entre interpretar una cláusula ambigua y suplir un vacío contractual radica en el objeto de la acción jurídica. La **interpretación** se ocupa de un texto *existente* pero cuyo significado es incierto, buscando su sentido genuino sin que el intérprete sustituya la voluntad de las partes o altere el contenido objetivo de lo expresado (SC17096_2015, SC3840_2020). Por el contrario, **suplir un vacío** se refiere a la ausencia total de regulación para una situación específica, como el mutuo incumplimiento en contratos sinalagmáticos que no está regulado por el artículo 1546 del Código Civil ni por otra norma, configurando un vacío legal (SC3666_2021). En este último caso, se requiere la aplicación de mecanismos de integración jurídica, como la analogía, conforme al artículo 8° de la Ley 153 de 1887, para dotar de una solución a lo que no fue previsto.

    Esta distinción es crítica porque la fidelidad de una respuesta jurídica depende de aplicar el método adecuado a cada situación. Confundir la interpretación con la suplencia de vacíos podría llevar a que el juez, bajo el pretexto de interpretar, altere el contenido de lo pactado o, por el contrario, deje de aplicar los mecanismos de integración cuando realmente existe una laguna legal, sacrificando el derecho material en aras de un formalismo procesal (SC3840_2020). La interpretación busca la intención y el alcance de lo ya dicho (SC1225_2022), mientras que la suplencia de vacíos implica extender el marco normativo para cubrir una situación no regulada.

3.  **CONCLUSIÓN:**
    La diferencia esencial entre interpretar una cláusula ambigua y suplir un vacío contractual reside en que la primera busca esclarecer el significado de un texto *existente* pero confuso, sin modificar su contenido, mientras que la segunda implica llenar una *ausencia* de regulación para una situación no prevista. Esta distinción es crítica porque la interpretación se enfoca en desentrañar la voluntad expresada y el sentido genuino de lo pactado, mientras que la suplencia de vacíos requiere la aplicación de mecanismos de integración jurídica, como la analogía (artículo 8° de la Ley 153 de 1887), para dotar de solución a lo que no fue regulado. La correcta aplicación de cada figura asegura la fidelidad a la voluntad de las partes y la integridad del ordenamiento jurídico, evitando que el juez altere lo pactado o deje de resolver una situación por falta de norma expresa.",2,
22,"Si una cláusula dispone que el deudor responderá “por cualquier perjuicio”, ¿esa redacción permite presumir inclusión automática de lucro cesante, daño emergente y daños indirectos?",No encontrado en el corpus. El contexto recuperado no contiene información suficiente para responder.,"SILOGISMO JURÍDICO:

1.  **PREMISA MAYOR:**
    Según el Artículo 1616 del Código Civil colombiano, la responsabilidad del deudor por perjuicios está limitada: si no se le puede imputar dolo, solo es responsable de los perjuicios que se previeron o pudieron preverse al tiempo del contrato; si hay dolo, es responsable de todos los perjuicios que fueron consecuencia inmediata o directa del incumplimiento o la mora. El Artículo 1614 del mismo código define el daño emergente como el perjuicio o pérdida y el lucro cesante como la ganancia o provecho que deja de reportarse a consecuencia del incumplimiento, cumplimiento imperfecto o retardo. La jurisprudencia (Sentencia SC282_2021) reitera que los perjuicios solo deben comprender aquellos que sean consecuencia inmediata y directa del incumplimiento contractual, y que, en ausencia de dolo, se indemnizan los perjuicios predecibles. Además, la Corte Suprema de Justicia ha establecido que, si el acreedor reclama la indemnización de perjuicios, ""sí corre con la carga de acreditar su ocurrencia y su monto"" (Sentencia SC5185_2021).

2.  **PREMISA MENOR:**
    La pregunta plantea si una cláusula que dispone que el deudor responderá ""por cualquier perjuicio"" permite presumir la inclusión automática de lucro cesante, daño emergente y daños indirectos. El contexto recuperado no establece ninguna presunción automática de inclusión de tipos de perjuicios por la mera expresión ""cualquier perjuicio"". Por el contrario, la normativa y la jurisprudencia limitan la responsabilidad del deudor a perjuicios que cumplan con criterios de previsibilidad (sin dolo) o de ser consecuencia inmediata y directa del incumplimiento (con dolo). La definición de daño emergente y lucro cesante en el Artículo 1614 C.C. los categoriza, pero no implica su inclusión automática. Asimismo, la exigencia de que los perjuicios sean ""consecuencia inmediata o directa"" (Artículo 1616 C.C., Sentencia SC282_2021) excluye implícitamente los daños que no cumplan con este requisito, es decir, los daños indirectos que no tengan ese nexo causal calificado. Finalmente, la carga del acreedor de probar la ocurrencia y el monto de los perjuicios (Sentencia SC5185_2021) contradice la idea de una presunción automática de su inclusión.

3.  **CONCLUSIÓN:**
    No, la redacción de una cláusula que dispone que el deudor responderá ""por cualquier perjuicio"" no permite presumir la inclusión automática de lucro cesante, daño emergente y daños indirectos. La responsabilidad del deudor está sujeta a las limitaciones legales de previsibilidad o de ser consecuencia inmediata y directa del incumplimiento, y el acreedor siempre tiene la carga de acreditar la ocurrencia y el monto de los perjuicios reclamados.",1,
23,¿Cómo debe resolverse la tensión entre el tenor literal de una cláusula y la conducta posterior de las partes cuando ambas apuntan a significados opuestos?,No encontrado en el corpus. El contexto recuperado no contiene información suficiente para responder.,"SILOGISMO JURÍDICO:

1.  **PREMISA MAYOR:** El contexto recuperado enfatiza la importancia del ""tenor literal"" para la interpretación de la ley, estableciendo que ""Cuando el sentido de la ley sea claro, no se desatenderá su tenor literal a pretexto de consultar su espíritu"" (SC1225_2022, página 93; SC3627_2021, página 61). Asimismo, para la interpretación de las obligaciones contractuales, se indica que la ""literalidad, en tanto el continente de la obligación permite dilucidar si el deudor se encuentra constreñido a alcanzar una consecuencia precisa, o únicamente a realizar las actividades que permitan su satisfacción"" (SC4786_2020, página 18). Por otro lado, el contexto reconoce la relevancia de los ""elementos conductuales indicativos o inferenciales"" para la configuración de figuras como el mutuo disenso tácito o el abandono del contrato (SC3666_2021, página 82; SIN_CLASE_DE_ACTUACIÓN, página 49).

2.  **PREMISA MENOR:** La pregunta plantea una situación específica de tensión entre el tenor literal de una cláusula contractual y la conducta posterior de las partes, cuando ambas apuntan a significados opuestos sobre el contenido de dicha cláusula. Si bien el contexto subraya la primacía del tenor literal para la interpretación de textos legales y para la calificación de la naturaleza de las obligaciones, y considera la conducta como un factor para determinar la terminación tácita de un contrato, no proporciona una norma o principio jurisprudencial explícito que establezca cómo resolver directamente el conflicto o la jerarquía entre el tenor literal de una *cláusula contractual* y la *conducta posterior de las partes* cuando estos elementos sugieren interpretaciones opuestas sobre el *significado de la cláusula*.

3.  **CONCLUSIÓN:** Basándose *únicamente* en el contexto recuperado, no es posible determinar cómo debe resolverse la tensión entre el tenor literal de una cláusula contractual y la conducta posterior de las partes cuando ambas apuntan a significados opuestos, ya que el material proporcionado no contiene una regla o jurisprudencia que aborde directamente este conflicto específico de interpretación contractual.",1,
24,"En un contrato de compraventa de cosa futura, ¿qué efectos tiene la pérdida de la cosa antes de su existencia por causa no imputable al vendedor?","En un contrato de compraventa de cosa futura, la venta se entenderá hecha bajo la condición de existir. Si antes del cumplimiento de esta condición la cosa prometida perece sin culpa del deudor, se extingue la obligación. (Artículo 1869 del Codigo_Civil y Artículo 1543 del Codigo_Civil).","SILOGISMO JURÍDICO:

1.  **PREMISA MAYOR:** De acuerdo con el Artículo 1869 del Código Civil colombiano, la venta de cosas que no existen, pero se espera que existan (venta de cosa futura), se entenderá hecha bajo la condición de existir, salvo que se exprese lo contrario o que por la naturaleza del contrato aparezca que se compró la suerte. En concordancia, el Artículo 1543 del mismo Código Civil establece que si antes del cumplimiento de la condición la cosa prometida perece sin culpa del deudor, la obligación se extingue.

2.  **PREMISA MENOR:** En el escenario planteado, la pérdida de la cosa ocurre antes de su existencia, lo que significa que la condición de existir, inherente a la venta de cosa futura según el Artículo 1869 C.C., no se ha cumplido. Adicionalmente, se especifica que esta pérdida se produce por una causa no imputable al vendedor, lo que se alinea con la situación de la cosa prometida que perece sin culpa del deudor antes del cumplimiento de la condición, conforme al Artículo 1543 C.C.

3.  **CONCLUSIÓN:** Por consiguiente, en un contrato de compraventa de cosa futura, si la cosa perece antes de su existencia por causa no imputable al vendedor, la obligación se extingue, lo que conlleva a la resolución del contrato.",1,
25,"Si las partes usan en el contrato términos técnicos propios de un sector económico pero luego discuten su alcance, ¿debe preferirse el sentido jurídico general o el sentido técnico sectorial?","En la interpretación de contratos, el principio general es la prevalencia de la voluntad real de los contratantes, por lo que ""conocida claramente la intención de los contratantes, debe estarse a ella más que a lo literal de las palabras"" (SC2879_2022, página 78). Este principio irradia toda la labor de interpretación de los contratos, incluyendo los mercantiles, y resalta la trascendencia de la voluntad de los intervinientes respecto de la mera literalidad de las expresiones (SC2879_2022, página 78 y 74).

La labor del juez es ""superar los equívocos en la formulación… y buscar lo realmente querido por las partes. En cualquier evento, escrutándolo desde lo fáctico, al margen de nomenclaturas o de fallas estrictamente nominativas"" (SC2850_2022, página 110). Las reglas hermenéuticas están orientadas a ""desentrañar el real significado de las declaraciones formuladas"" (SC2879_2022, página 74).

Por su parte, el Artículo 823 del Código de Comercio establece que los términos técnicos o usuales empleados en documentos destinados a probar contratos u obligaciones mercantiles ""se entenderán en el sentido que tengan en el idioma castellano"" (Artículo 823, Codigo_Comercio).

Aunque el contexto no establece una preferencia explícita entre ""sentido jurídico general"" y ""sentido técnico sectorial"" como categorías contrapuestas, la jurisprudencia prioriza la intención real de las partes sobre la mera literalidad o formalismos. Si el sentido técnico sectorial refleja la intención clara de los contratantes, esta intención debe prevalecer.",,0,"503 UNAVAILABLE. {'error': {'code': 503, 'message': 'This model is currently experiencing high demand. Spikes in demand are usually temporary. Please try again later.', 'status': 'UNAVAILABLE'}}"
26,"¿Cómo se valora jurídicamente una cláusula de terminación unilateral que no establece causales, procedimiento ni deber de preaviso?","Una cláusula de terminación unilateral que no establece causales, procedimiento ni deber de preaviso se valora jurídicamente de la siguiente manera, según el contexto recuperado:

1.  **Deber de Preaviso**: El artículo 977 del Código de Comercio establece que cualquiera de las partes podrá dar por terminado el contrato, ""dando a la otra preaviso en el término pactado o en el establecido por la costumbre o, en su defecto, con una anticipación acorde con la naturaleza del suministro"". El incumplimiento del preaviso ""deviene igualmente en desatención contractual"". Además, el preaviso debe ser ""razonable y proporcional"" y el término señalado para ejecutar la terminación unilateral del contrato debe ser ""suficiente a efectos de permitir su transición en forma adecuada, oportuna y sin tropiezos"".
    *   **Cita**: [SENTENCIA | Sentencias | sc3675_2021... | página 21], [SENTENCIA | Sentencias | sc3675_2021... | página 22], [SENTENCIA | Sentencias | sc3675_2021... | página 31], [SENTENCIA | Sentencias | sc3675_2021... | página 27].

2.  **Causales**: La terminación unilateral puede ser una ""declaración de voluntad unilateral incausada"" o un poder conferido para ""sin explicar el motivo, poner término a la relación sustancial"". Sin embargo, esto no significa que el revocante escape al deber constitucional y legal de no abusar de sus derechos (art. 95-1 C. Pol. y 830 C. de Co.). La potestad de terminar unilateralmente el contrato ""no se erige en carta de navegación para desatender lo estipulado"", y conlleva ""seguir honrando las obligaciones hasta último momento, 'so pena de la condigna indemnización de los perjuicios irrogados'"".
    *   **Cita**: [SENTENCIA | Sentencias | sc3675_2021... | página 22], [SENTENCIA | Sentencias | sc3675_2021... | página 23].

3.  **Procedimiento**: El artículo 977 del Código de Comercio ""no supedita la noticia de fenecer en forma unilateral el contrato a solemnidad alguna ni a frases sacramentales"". Lo importante es que la comunicación sea ""inequívoca, además, comunicada a su destinatario"".
    *   **Cita**: [SENTENCIA | Sentencias | sc3675_2021... | página 23].","SILOGISMO JURÍDICO:

1.  **PREMISA MAYOR:**
    La facultad de terminar unilateralmente un contrato, como la prevista en el artículo 977 del Código de Comercio, permite que cualquiera de las partes dé por terminado el contrato sin necesidad de una causa específica (""declaración de voluntad unilateral incausada""). Sin embargo, esta potestad no es absoluta y está sujeta al deber constitucional y legal de no abusar de los derechos (art. 95-1 C. Pol. y 830 C. de Co.), lo que puede conllevar la indemnización de perjuicios irrogados. Un requisito esencial para el ejercicio de esta facultad es el preaviso, el cual debe darse en el término pactado, el establecido por la costumbre o, en su defecto, con una anticipación acorde con la naturaleza del suministro, siendo este preaviso ""razonable y proporcional"". El incumplimiento del preaviso constituye una ""desatención contractual"" y la facultad de terminar unilateralmente conlleva la obligación de seguir honrando los compromisos adquiridos hasta el último momento. Aunque el artículo 977 del Código de Comercio no supedita la noticia de terminación a solemnidad alguna ni a frases sacramentales, es fundamental que la comunicación sea inequívoca y llegue a su destinatario.

2.  **PREMISA MENOR:**
    En el caso de una cláusula de terminación unilateral que no establece causales, procedimiento ni deber de preaviso, se valora jurídicamente de la siguiente manera:
    *   **Ausencia de causales:** La falta de causales específicas en la cláusula no invalida la facultad de terminación unilateral, ya que la jurisprudencia reconoce que esta puede ser ""incausada"".
    *   **Ausencia de procedimiento:** Aunque la cláusula no detalle un procedimiento, la ley no exige solemnidades o frases sacramentales para la notificación de la terminación. Lo esencial es que la comunicación sea inequívoca y llegue al destinatario.
    *   **Ausencia del deber de preaviso:** Este es el aspecto más crítico. La omisión del deber de preaviso en la cláusula no exime a la parte que termina unilateralmente el contrato de cumplir con esta obligación legal. El preaviso es un requisito imperativo establecido en el artículo 977 del Código de Comercio y debe ser ""razonable y proporcional"" y ""acorde con la naturaleza del suministro"". Su incumplimiento o la insuficiencia del término de preaviso constituyen una ""desatención contractual"" y pueden generar la obligación de indemnizar los perjuicios causados, pues la potestad de terminación unilateral no es una ""carta de navegación para desatender lo estipulado"" ni para abusar de los derechos.

3.  **CONCLUSIÓN:**
    Una cláusula de terminación unilateral que no establece causales es jurídicamente válida, ya que la facultad puede ser ejercida sin una causa específica. Respecto al procedimiento, la ley no exige solemnidades, pero la comunicación de la terminación debe ser inequívoca. Sin embargo, la ausencia del deber de preaviso en la cláusula no exime a la parte de cumplir con esta obligación legal. El preaviso es un requisito mandatorio bajo el artículo 977 del Código de Comercio, debe ser ""razonable y proporcional"" y ""acorde con la naturaleza del suministro"". Su omisión o insuficiencia constituye un incumplimiento contractual que puede acarrear la obligación de indemnizar los perjuicios irrogados, en virtud del deber de no abusar de los derechos y de honrar las obligaciones hasta la efectiva terminación del contrato.",1,
27,"En un contrato con varios deudores, ¿qué elementos permiten distinguir si la obligación asumida es simplemente conjunta o solidaria cuando el texto no lo dice expresamente?","Para distinguir si una obligación asumida por varios deudores es simplemente conjunta o solidaria cuando el texto no lo dice expresamente, se deben considerar los siguientes elementos:

1.  **Fuente de la obligación solidaria**: Las obligaciones solidarias tienen su fuente en la convención (acuerdo), el testamento o la ley (art. 1568 Código Civil). Esto significa que, si no está expresamente pactado o dispuesto en un testamento, la solidaridad debe estar establecida por una norma legal.
    *   Cita: ""siendo su fuente la convención, el testamento o la ley (art. 1568 Código Civil)"" [SENTENCIA | Sentencias | sc5430_2021_clase_de_actuación_recurso_de_casación_tipo_de_providencia_sentencia_fecha_07_12_2021_po_752896_número_de_pr | página 108].

2.  **Presunción en negocios mercantiles**: En los negocios mercantiles, cuando fueren varios los deudores, se presumirá que se han obligado solidariamente.
    *   Cita: ""ARTÍCULO 825. <PRESUNCIÓN DE SOLIDARIDAD>. En los negocios mercantiles, cuando fueren varios los deudores se presumirá que se han obligado solidariamente."" [NORMA | Codigo_Comercio | Ley desconocida | Artículo 825 | codigo_comercio_rag].

3.  **Naturaleza de la obligación conjunta**: En contraste, en una obligación conjunta de una cosa divisible, cada uno de los deudores es obligado solamente a su parte o cuota en la deuda.
    *   Cita: ""En general cuando se ha contraído por muchas personas o para con muchas la obligación de una cosa divisible, cada uno de los deudores, en el primer caso, es obligado solamente a su parte o cuota en la deuda"" [SENTENCIA | Sentencias | sc3907_2021_clase_de_actuación_recurso_de_casación_tipo_de_providencia_sentencia_fecha_08_09_2021_po_743658_número_de_pr | página 40].","SILOGISMO JURÍDICO:

1.  **PREMISA MAYOR:**
    Las obligaciones solidarias son aquellas en las que, a pesar de tener un objeto divisible y pluralidad de sujetos, cada deudor está en la necesidad de pagar la totalidad de la deuda o el acreedor puede exigir la integridad del crédito. Su fuente es la convención, el testamento o la ley (Art. 1568 Código Civil). En general, cuando la obligación de una cosa divisible ha sido contraída por muchas personas, cada uno de los deudores, en el primer caso, es obligado solamente a su parte o cuota en la deuda. Sin embargo, en los negocios mercantiles, cuando fueren varios los deudores, se presumirá que se han obligado solidariamente (Artículo 825 Código de Comercio).

2.  **PREMISA MENOR:**
    Cuando un contrato con varios deudores no especifica expresamente si la obligación es conjunta o solidaria, la distinción se establece analizando la naturaleza del negocio jurídico y la existencia de una disposición legal. Si el contrato es de naturaleza civil, la regla general es que la obligación es conjunta, lo que implica que cada deudor solo es responsable por su parte o cuota, a menos que la solidaridad haya sido expresamente pactada o impuesta por una ley específica. Por el contrario, si el contrato se enmarca en el ámbito mercantil, la ley presume la solidaridad entre los deudores, invirtiendo la regla civil. Adicionalmente, la solidaridad puede surgir directamente de la ley para ciertos casos, independientemente de la voluntad de las partes o de la naturaleza civil o mercantil del negocio.

3.  **CONCLUSIÓN:**
    Para distinguir si una obligación con varios deudores es simplemente conjunta o solidaria cuando el texto contractual no lo expresa, se debe determinar si el negocio es de naturaleza civil o mercantil. En los negocios civiles, la obligación se presume conjunta, salvo estipulación expresa o mandato legal. En los negocios mercantiles, la obligación se presume solidaria.",1,
28,¿Cuáles son los efectos de la mora del acreedor en un contrato bilateral y cómo incide sobre la responsabilidad posterior del deudor?,"En un contrato bilateral, si el acreedor no cumple por su parte o no se allana a cumplirlo en la forma y tiempo debidos, el deudor no está en mora.

Esto incide sobre la responsabilidad posterior del deudor de la siguiente manera:
1.  El deudor no puede ser considerado en mora.
2.  Si el deudor no está en mora (porque el acreedor tampoco cumplió o no se allanó a hacerlo), no se le pueden aplicar los efectos propios de la mora, que son:
    *   No se le pueden cobrar perjuicios.
    *   No se le puede exigir la cláusula penal.
    *   No se predican sobre él las consecuencias específicas sobre el riesgo sobreviniente.

**Citas:**
*   ""En los contratos bilaterales ninguno de los contratantes está en mora dejando de cumplir lo pactado, mientras el otro no lo cumpla por su parte, o no se allana a cumplirlo en la forma y tiempo debidos."" (Artículo 1609 del Código Civil; Sentencia sc3689_2021, página 31; Sentencia sc3375_2021, página 40)
*   ""El deudor demandando no está en mora si, por una parte, no ha sido reconvenido judicialmente por el acreedor [...] o si, por otra parte, él ha dejado de cumplir con apoyo en que el acreedor demandante tampoco cumplió ni se allanó a hacerlo en la forma y tiempo debidos."" (Sentencia sc3375_2021, página 40)
*   ""En consecuencia, lo que el artículo 1609 dice es que en los contratos bilaterales si ambos han incumplido, de ninguno se podrán predicar los efectos que surgen de la mora, únicamente se les pueden aplicar los efectos propios del incumplimiento. ¿Cuáles son los efectos de la mora? Tres, a saber: 1) Permite cobrar perjuicios (C.C., arts. 1610 y 1615) 2) Hace exigible la cláusula penal (C.C., arts. 1594 y 1595); y 3) Invierte el fenómeno de la carga del riesgo sobreviniente respecto de la cosa debida (art. 1731 y 1733)."" (Sentencia sc1170_2022, página 22; Sentencia sc3689_2021, página 31)
*   ""Es decir, en los contratos bilaterales, si ambos contratantes han incumplido -por lo que no se encuentran en mora, aclara ahora la Corte- ninguno de los dos puede pedir perjuicios, ninguno de los dos puede exigir la cláusula penal y de ninguno de los dos se predican las consecuencias específicas sobre el riesgo sobreviniente."" (Sentencia sc1170_2022, página 22)","SILOGISMO JURÍDICO:

1.  **PREMISA MAYOR**: El artículo 1609 del Código Civil establece que en los contratos bilaterales, ninguno de los contratantes está en mora dejando de cumplir lo pactado, mientras el otro no lo cumpla por su parte, o no se allane a cumplirlo en la forma y tiempo debidos. La jurisprudencia complementa que la mora es un incumplimiento calificado que produce efectos específicos, tales como permitir el cobro de perjuicios (C.C., arts. 1610 y 1615), hacer exigible la cláusula penal (C.C., arts. 1594 y 1595), e invertir el fenómeno de la carga del riesgo sobreviniente respecto de la cosa debida (art. 1731 y 1733). Estos efectos son distintos de los propios del mero incumplimiento.

2.  **PREMISA MENOR**: En el contexto de un contrato bilateral, si el acreedor no cumple sus obligaciones o no se allana a hacerlo en la forma y tiempo debidos, el deudor no puede ser considerado en mora. Esto significa que la falta de cumplimiento o el no allanamiento del acreedor impide que el deudor incurra en mora.

3.  **CONCLUSIÓN**: Por lo tanto, la ""mora del acreedor"" (entendida como su incumplimiento o no allanamiento a cumplir) tiene como efecto principal que el deudor no incurre en mora. Consecuentemente, sobre la responsabilidad del deudor, no se le podrán aplicar los efectos específicos que surgen de la mora, es decir, no se le podrá cobrar perjuicios, no se le podrá exigir la cláusula penal y no se le predicarán las consecuencias específicas sobre el riesgo sobreviniente. Únicamente se le podrán aplicar los efectos propios del incumplimiento, pero no los de la mora.",1,
29,"Si un acreedor rechaza sin justificación una prestación sustancialmente conforme, ¿puede luego alegar incumplimiento resolutorio del deudor?","No, la parte que incumple su obligación no puede pedir la resolución del contrato por esta causal. La acción resolutoria solo procede en los casos donde quien la ejercita es el contratante cumplido. Si el demandante no cumplió, ni se allanó a cumplir, fracasaría la acción resolutoria propuesta.

Citas:
*   ""la parte que incumple su obligacion no puede pedir la resolucion del contrato por esta causal"" [SENTENCIA | Sentencias | sc3666_2021... | página 88]
*   ""Esta institucion solo precede en los casos donde quien la ejercita es el contratante cumplido"" [SENTENCIA | Sentencias | sc3666_2021... | página 106]
*   ""pues de lo contrario fracasaría la acción resolutoria propuesta por quien, debido al incumplimiento previo de la otra parte, aspira legítimamente a quedar desobligado y a obtener indemnización de perjuicios."" [SENTENCIA | Sentencias | sc3375_2021... | página 40]","SILOGISMO JURÍDICO:

1.  **PREMISA MAYOR:** La jurisprudencia colombiana establece que la acción resolutoria por incumplimiento solo puede ser ejercida por el contratante que ha cumplido su prestación. En consecuencia, la parte que incumple su obligación no puede pedir la resolución del contrato por esta causal (Sentencia SC3666-2021, páginas 88 y 106).

2.  **PREMISA MENOR:** En el escenario planteado, el acreedor rechaza sin justificación una prestación que es sustancialmente conforme. Este rechazo injustificado implica que el acreedor no ha cumplido con su deber de recibir la prestación o ha impedido el cumplimiento del deudor, lo que lo sitúa en una posición de incumplimiento o de no ser la parte cumplida.

3.  **CONCLUSIÓN:** Por lo tanto, si un acreedor rechaza sin justificación una prestación sustancialmente conforme, no puede luego alegar el incumplimiento resolutorio del deudor, dado que la acción resolutoria está reservada para el contratante que ha cumplido su propia obligación.",1,
30,¿Cómo se analiza una cláusula que faculta a una parte para fijar unilateralmente el contenido económico futuro del contrato?,"Para analizar una cláusula que faculta a una parte para fijar unilateralmente el contenido económico futuro del contrato, corresponde al juez investigar si dicha cláusula ha sido verdaderamente aceptada por las partes o si su inserción constituye una trampa para una de ellas. Esto se enmarca en la comprensión de que, aunque existe autonomía privada, el legislador circunscribe y limita el alcance de la autodeterminación privada para garantizar el interés general.

En contextos donde las condiciones contractuales son preestablecidas por una de las partes (como en la actividad aseguradora), el clausulado no surge de la libre discusión de los contratantes, sino que la otra parte se limita a aceptarlas o rechazarlas en su integridad. En estos casos, la normativa ha establecido marcos de intervención.

Citas:
*   ""corresponde al juez investigar si tal o cual cláusula litigiosa ha sido verdaderamente aceptada por las partes o si su inserción en el reglamento compacto y misterioso constituye una trampa para una de ellas…"" [SENTENCIA | Sentencias | sc13925_2016_clase_de_actuación_recurso_de_casación_tipo_de_providencia_sentencia_fecha_30_09_2016_p_513470_número_de_pr | página 156]
*   ""el legislador parte de la base de la afirmación de la autonomía privada, para luego, en la normativa particular, circunscribir y limitar el alcance del campo de la autodeterminación privada."" [SENTENCIA | Sentencias | sc13925_2016_clase_de_actuación_recurso_de_casación_tipo_de_providencia_sentencia_fecha_30_09_2016_p_513470_número_de_pr | página 156]
*   ""por regla general el clausulado no surge de la libre discusión de los contratantes, sino que es preestablecido por la aseguradora, limitándose el tomador a aceptarlas o rechazarlas en su integridad, como señala el artículo 2° de la Ley 1328 de 2009. Por ese motivo, nuestra normativa ha establecido"" [SENTENCIA | Sentencias | sc2879_2022_clase_de_actuación_recurso_de_casación_tipo_de_providencia_sentencia_fecha_27_09_2022_po_781082_número_de_pr | página 79]","SILOGISMO JURÍDICO:

1.  **PREMISA MAYOR:**
    La autonomía privada confiere a las partes la libertad de determinar el contenido de sus contratos (SC1225_2022, p. 57). Sin embargo, esta autonomía no es absoluta y se encuentra circunscrita y limitada por la normativa particular, especialmente en contratos donde las condiciones son preestablecidas y no surgen de la libre discusión de los contratantes, como en los contratos de adhesión (SC13925_2016, p. 156; SC2879_2022, p. 79). En este contexto, el artículo 1619 del Código Civil advierte que, por generales que sean los términos de un contrato, solo se aplicarán a la materia sobre la que se ha contratado, resaltando la relatividad de su objeto. Adicionalmente, el artículo 1620 del Código Civil, en reconocimiento de la significación patrimonial de las relaciones contractuales, exige al intérprete preferir el sentido en que una cláusula pueda producir algún efecto, sobre aquel que no apareja esa consecuencia, evitando interpretaciones que le resten o cercenen efectos, o desnaturalicen el contrato (SC2879_2022, p. 76).

2.  **PREMISA MENOR:**
    Cuando una cláusula faculta a una parte para fijar unilateralmente el contenido económico futuro del contrato, su análisis debe considerar que, si bien la autonomía privada permite la determinación del contenido, esta facultad no puede ser ilimitada, especialmente si la cláusula forma parte de un contrato de adhesión donde no hubo libre discusión (SC2879_2022, p. 79). En tales casos, corresponde al juez investigar si la cláusula fue verdaderamente aceptada por la parte afectada o si su inserción constituye una ""trampa"" (SC13925_2016, p. 156). La interpretación de dicha cláusula debe ajustarse a la materia sobre la que se ha contratado, sin exceder los límites del objeto contractual (SC2879_2022, p. 76). Además, debe preferirse una interpretación que le otorgue un efecto razonable y no desnaturalice la relación contractual ni cercene sus efectos patrimoniales, evitando que la determinación unilateral se convierta en una potestad arbitraria que vacíe de contenido el acuerdo inicial o lo haga ineficaz (SC2879_2022, p. 76).

3.  **CONCLUSIÓN:**
    El análisis de una cláusula que faculta a una parte para fijar unilateralmente el contenido económico futuro del contrato implica una revisión judicial rigurosa, especialmente en contratos de adhesión, para asegurar que la cláusula fue genuinamente aceptada y no constituye una ""trampa"". La interpretación debe respetar los límites del objeto contractual y buscar un sentido que produzca efectos jurídicos y patrimoniales razonables, evitando que la determinación unilateral desnaturalice el contrato o lo prive de su eficacia.",1,
31,"En un contrato de depósito, si el depositario usa la cosa sin autorización pero la restituye intacta, ¿qué consecuencias contractuales y resarcitorias proceden?","El depositario no podrá servirse de la cosa depositada ni darla a otro en depósito sin el consentimiento del depositante, excepto cuando la costumbre lo autorice o sea necesario para la conservación de la cosa.

El contexto recuperado no contiene información suficiente para especificar las consecuencias contractuales y resarcitorias que proceden si el depositario usa la cosa sin autorización pero la restituye intacta, más allá de la prohibición de dicho uso.

Cita: Artículo 1172 del Código de Comercio.","SILOGISMO JURÍDICO:

1.  **PREMISA MAYOR:**
    El Artículo 1172 del Código de Comercio establece una prohibición expresa para el depositario de servirse de la cosa depositada o darla a otro en depósito sin el consentimiento del depositante, salvo cuando la costumbre lo autorice o sea necesario para la conservación de la cosa. El contexto recuperado también hace referencia a que un ""uso incorrecto y una apropiación indebida"" puede generar consecuencias, como la no devolución de dinero, implicando un desmedro patrimonial (Sentencia SC3893-2020, p. 31).

2.  **PREMISA MENOR:**
    En el caso planteado, el depositario ha contravenido la prohibición del Artículo 1172 al usar la cosa sin autorización. No obstante, la pregunta especifica que la cosa fue restituida intacta. El contexto recuperado no proporciona una norma o jurisprudencia que detalle las consecuencias contractuales o resarcitorias específicas para el mero uso no autorizado de la cosa depositada cuando esta es devuelta en perfecto estado y sin que se haya configurado una ""apropiación indebida"" o una pérdida patrimonial directa sobre el bien. Las referencias a ""uso incorrecto"" en el contexto están ligadas a situaciones donde hay una falta de devolución o un desmedro patrimonial efectivo.

3.  **CONCLUSIÓN:**
    Con base en el contexto recuperado, el uso no autorizado de la cosa depositada por parte del depositario constituye una contravención a la prohibición establecida en el Artículo 1172 del Código de Comercio, lo que representa un incumplimiento contractual. Sin embargo, el contexto no especifica las consecuencias resarcitorias o contractuales adicionales que procederían si la cosa es restituida intacta, ya que las referencias a ""uso incorrecto"" y ""apropiación indebida"" en el material proporcionado están ligadas a situaciones donde hay una falta de devolución o un desmedro patrimonial efectivo.",1,
32,¿En qué supuestos el silencio de una parte durante la ejecución contractual puede adquirir relevancia interpretativa o integradora del contrato?,"El silencio de una parte durante la ejecución contractual puede adquirir relevancia integradora cuando, por el principio de buena fe, se adhieren obligaciones secundarias o adicionales no previstas por las partes al celebrar y ejecutar el contrato. Estas obligaciones, una vez incorporadas, garantizan la consolidación de los intereses legítimos de la parte afectada por el silencio.

[SENTENCIA | Sentencias | sc3273_2020_clase_de_actuación_recurso_de_casación_tipo_de_providencia_sentencia_fecha_07_09_2020_po_706877_número_de_pr | página 16]","SILOGISMO JURÍDICO:

1.  **PREMISA MAYOR:**
    El principio de buena fe reviste importancia analítica en los contratos en todas sus etapas, adquiriendo una función integradora que permite adherir obligaciones secundarias o adicionales no previstas por las partes al celebrar y ejecutar el contrato. Estas obligaciones, una vez incorporadas, garantizan la consolidación de los intereses legítimos de la parte afectada por el silencio de la otra (SC3273_2020, página 16). Asimismo, el deber de información se mantiene firme en la fase contractual, con la finalidad de garantizar la ejecución satisfactoria del pacto y sustentado en la cooperación debida en miras a una correcta ejecución (SC5430_2021, página 46). La responsabilidad por vicios ocultos o cuestiones litigiosas no informadas subsiste o es inherente al contrato, correspondiendo a obligaciones de su naturaleza o ínsitas a ella, incluso si no es necesario consignarlas explícitamente (SC3674_2021, página 21).

2.  **PREMISA MENOR:**
    La pregunta indaga sobre los supuestos en que el silencio de una parte durante la ejecución contractual puede adquirir relevancia interpretativa o integradora. Conforme al contexto, el silencio adquiere relevancia integradora cuando, en virtud del principio de buena fe, afecta los intereses legítimos de la contraparte, permitiendo la incorporación de obligaciones secundarias o adicionales no pactadas expresamente para proteger a la parte silenciada. Adicionalmente, el silencio puede tener relevancia interpretativa en el marco del deber de información y cooperación que subsiste durante la ejecución contractual. La omisión de informar sobre aspectos inherentes al contrato o sobre los cuales existe un deber de cooperación, como vicios ocultos o cuestiones litigiosas, puede ser interpretada como un incumplimiento de una obligación de la naturaleza del contrato, generando responsabilidad, incluso si no fue explícitamente estipulada.

3.  **CONCLUSIÓN:**
    El silencio de una parte durante la ejecución contractual puede adquirir relevancia integradora cuando, por el principio de buena fe, se incorporan obligaciones secundarias o adicionales no pactadas para proteger los intereses legítimos de la parte afectada por dicho silencio. Adquiere relevancia interpretativa cuando, en el marco del deber de información y cooperación, la omisión de comunicar aspectos inherentes al contrato o necesarios para su correcta ejecución es entendida como un incumplimiento de una obligación implícita o de la naturaleza del contrato, generando responsabilidad.",1,
33,"Si un contrato contiene una cláusula de “entera integridad” pero existe evidencia robusta de acuerdos precontractuales contradictorios, ¿hasta qué punto esos acuerdos pueden ser considerados para interpretar el contrato?","Según el artículo 1618 del Código Civil, la interpretación de los contratos debe sujetarse a la regla fundamental de que, conocida claramente la intención de los contratantes, debe estarse a ella más que a lo literal de las palabras. Esto sugiere que la intención de las partes, incluso si se deriva de acuerdos precontractuales, prevalece sobre el texto literal del contrato.

Además, las ""negociaciones previas"" pueden ser consideradas como variables, especialmente cuando se conjuntan con otros factores, para cimentar una conclusión sobre la auténtica voluntad de los negociantes.

Cita:
*   Artículo 1618 del Código Civil, citado en [SENTENCIA | Sentencias | sin_clase_de_actuación_publicación_especializada_tipo_de_providencia_publicación_especializada_fecha_776082_número_de_pr | página 40]
*   [SENTENCIA | Sentencias | sc963_2022_clase_de_actuación_recurso_de_casación_tipo_de_providencia_sentencia_fecha_01_07_2022_pon_773439_número_de_pr | página 26]","SILOGISMO JURÍDICO:

1.  **PREMISA MAYOR:**
    Según el artículo 1618 del Código Civil, la regla fundamental para la interpretación de los contratos es que, ""conocida claramente la intención de los contratantes, debe estarse a ella más que a lo literal de las palabras"" (página 40). Esta directriz hermenéutica guía al juzgador para verificar la conformidad o disparidad del contrato con el ordenamiento, aplicando las directrices legislativas singulares en su formación, celebración, contenido e interpretación (página 35). El juez no está permitido desconocer el consentimiento de los contratantes dentro de los contornos de la buena fe (página 11).

2.  **PREMISA MENOR:**
    En el escenario de un contrato que incluye una cláusula de ""entera integridad"" (que busca limitar el acuerdo al texto escrito) pero existe evidencia robusta de acuerdos precontractuales contradictorios, la aplicación del artículo 1618 del Código Civil es crucial. Aunque la cláusula de ""entera integridad"" expresa una intención de consolidar el acuerdo, la existencia de evidencia robusta de acuerdos precontractuales contradictorios puede ser fundamental para discernir la ""clara intención de los contratantes"" que pudo haberse formado durante la etapa de negociación (página 26). El juez, al interpretar el contrato, debe considerar el proceso de formación del mismo y no puede ignorar el consentimiento de las partes (página 11). Si los acuerdos precontractuales revelan una intención inequívoca que difiere de la literalidad del contrato final, incluyendo la cláusula de ""entera integridad"", dicha intención debe prevalecer.

3.  **CONCLUSIÓN:**
    Por lo tanto, si un contrato contiene una cláusula de ""entera integridad"" pero existe evidencia robusta de acuerdos precontractuales contradictorios, estos acuerdos pueden y deben ser considerados para interpretar el contrato. Su propósito es el de esclarecer la ""clara intención de los contratantes"", la cual, conforme al artículo 1618 del Código Civil, tiene primacía sobre el sentido literal de las palabras del contrato, incluso si estas incluyen una cláusula de ""entera integridad"".",1,
34,"¿Cómo debe calificarse una cláusula que impone una sanción económica desproporcionada por cualquier incumplimiento, incluso leve o subsanable?","Una cláusula que impone una sanción económica desproporcionada por cualquier incumplimiento, incluso leve o subsanable, puede calificarse como una ""cláusula abusiva"" si ""genere un desequilibrio significativo de cara a los derechos y las obligaciones que contraen las partes"". La sanción por haber incumplido podría resultar ""exagerada"", ""injusta"", ""desproporcionada y asimétrica frente a la gravedad de los incumplimientos de cada parte"".

Citas:
*   [SENTENCIA | Sentencias | sc3689_2021_clase_de_actuación_recurso_de_casación_tipo_de_providencia_sentencia_fecha_25_08_2021_po_741809_número_de_pr | página 24]
*   [SENTENCIA | Sentencias | sc3666_2021_clase_de_actuación_recurso_de_casación_tipo_de_providencia_sentencia_fecha_25_08_2021_po_742226_número_de_pr | página 104]","SILOGISMO JURÍDICO:

1.  **PREMISA MAYOR:**
    Según la jurisprudencia, una decisión judicial puede resultar ""injusta, desproporcionada y asimétrica frente a la gravedad de los incumplimientos de cada parte"" cuando no hay una valoración en la proporcionalidad de los incumplimientos, lo cual repercute gravemente en la economía y equilibrio contractual (Sentencia SC3666_2021, página 104). Asimismo, se consideran ""características arquetípicas de las cláusulas abusivas"" aquellas que ""genere un desequilibrio significativo de cara a los derechos y las obligaciones que contraen las partes"" (Sentencia SC3689_2021, página 24). El legislador busca asegurar el equilibrio entre las prestaciones de las partes (Sentencia sin_clase_de_actuación_publicación_especializada, página 37).

2.  **PREMISA MENOR:**
    La pregunta describe una cláusula que impone una sanción económica desproporcionada por cualquier incumplimiento, incluso leve o subsanable. Esta situación genera un ""desequilibrio significativo"" entre los derechos y obligaciones de las partes, ya que la sanción no guarda proporción con la gravedad del incumplimiento, lo que la hace ""desproporcionada y asimétrica"" respecto a la conducta contractual.

3.  **CONCLUSIÓN:**
    Una cláusula que impone una sanción económica desproporcionada por cualquier incumplimiento, incluso leve o subsanable, debe calificarse como una cláusula abusiva, dado que genera un desequilibrio significativo en las obligaciones contractuales.",1,
35,"En un contrato civil celebrado por representante, ¿qué análisis corresponde cuando el poder era ambiguo respecto de la facultad de transigir, renunciar o comprometer patrimonialmente al representado?",No encontrado en el corpus. El contexto recuperado no contiene información suficiente para responder.,"SILOGISMO JURÍDICO:

1.  **PREMISA MAYOR:** El contexto recuperado establece que el contrato de mandato puede llevar o no la representación del mandante, según lo previsto en los artículos 1262 del Código de Comercio y 2177 del Código Civil (SC3890_2021, p. 11).

2.  **PREMISA MENOR:** La pregunta solicita el análisis que corresponde cuando el poder otorgado a un representante es ambiguo respecto de facultades específicas como transigir, renunciar o comprometer patrimonialmente al representado. No obstante, el contexto recuperado, si bien hace referencia al contrato de mandato y la representación, no contiene ninguna norma, criterio jurisprudencial o directriz específica que aborde cómo analizar o interpretar la ambigüedad en el alcance de dichas facultades en un poder.

3.  **CONCLUSIÓN:** Basado únicamente en el contexto recuperado, no es posible determinar el análisis que corresponde ante un poder ambiguo respecto de las facultades de transigir, renunciar o comprometer patrimonialmente al representado.",1,
36,"¿Qué criterios permiten distinguir error obstativo, error vicio y simple discrepancia interpretativa en la formación del contrato?","No encontrado en el corpus. El contexto recuperado no contiene información suficiente para responder. El contexto define el ""error"" como un vicio del consentimiento, describiéndolo como ""la falta de correspondencia entre la representación mental del sujeto y la realidad, es decir, en el conocimiento no verdadero o falso de la realidad"" (SC5040-2021; página 29), y señala que estos vicios están sancionados con la nulidad relativa (SC5040-2021; página 29). También menciona la ""ausencia de vicio por error espontáneo o provocado"" (11001_3103_032_2001_00847_01; página 34) y que ciertos errores en el contrato de depósito no lo invalidan (Artículo 2241 del Código Civil). Sin embargo, no se proporcionan criterios para distinguir específicamente entre error obstativo, error vicio y simple discrepancia interpretativa.","SILOGISMO JURÍDICO:

1.  **PREMISA MAYOR:**
    Según el contexto recuperado, el ""error"" es uno de los vicios del consentimiento, junto con la fuerza y el dolo. Se define como la falta de correspondencia entre la representación mental del sujeto y la realidad, es decir, un conocimiento no verdadero o falso de la realidad. Estos vicios de la voluntad están sancionados en el ordenamiento civil colombiano con la nulidad relativa (SC5040-2021, página 29). No obstante, el Artículo 2241 del Código Civil establece que el error acerca de la identidad personal del uno o del otro contratante, o sobre la sustancia, calidad o cantidad de la cosa depositada, no invalida el contrato.

2.  **PREMISA MENOR:**
    La pregunta solicita los criterios que permiten distinguir entre error obstativo, error vicio y simple discrepancia interpretativa en la formación del contrato. El contexto recuperado define el ""error"" como un vicio del consentimiento y describe su naturaleza y sanción, así como una excepción específica para ciertos errores en el contrato de depósito. Sin embargo, el contexto no proporciona definiciones ni criterios para diferenciar específicamente el ""error obstativo"" o la ""simple discrepancia interpretativa"" del ""error vicio"", ni establece pautas para distinguir entre estas tres categorías.

3.  **CONCLUSIÓN:**
    Basándose únicamente en el contexto recuperado, no es posible proporcionar los criterios que permiten distinguir entre error obstativo, error vicio y simple discrepancia interpretativa en la formación del contrato, ya que dicha información no se encuentra contenida en los fragmentos proporcionados. El contexto solo aborda el ""error"" como vicio del consentimiento y una excepción particular a su efecto invalidante.",1,
37,"Si un contrato de obra fija precio global, pero el comitente solicita modificaciones sustanciales durante la ejecución, ¿cómo se determina si nace un derecho al reajuste?",No encontrado en el corpus. El contexto recuperado no contiene información suficiente para responder.,"SILOGISMO JURÍDICO:

1.  **PREMISA MAYOR:** El contexto recuperado establece que para la extensión de los valores invertidos en la ejecución de mejoras, se acudirá a las reglas de actualización de sumas monetarias, tomando el índice del último mes completo (IPC) y siguiendo los parámetros de la jurisprudencia civil (SC3687_2021, p. 45). Adicionalmente, se menciona que en la etapa precontractual se trató un reajuste del IPC más un porcentaje para un canon y obras o mejoras cuya cuantía no se definió (SC5185_2021, p. 64). El Artículo 2055 del Código Civil se refiere a la fijación del precio por un tercero en un contrato de obra, pero no a su reajuste por modificaciones.

2.  **PREMISA MENOR:** La pregunta indaga sobre cómo se determina si nace un derecho al reajuste en un contrato de obra con precio global cuando el comitente solicita modificaciones sustanciales durante la ejecución. El contexto recuperado no contiene una norma o jurisprudencia que establezca directamente que la solicitud de modificaciones sustanciales por parte del comitente en un contrato de obra a precio global genere *per se* un derecho al reajuste. Si bien se hace referencia a la actualización de valores por mejoras y a la discusión precontractual de reajustes para obras no definidas, no se aborda la situación específica de un precio global ya fijado y las consecuencias de modificaciones sustanciales solicitadas por el comitente.

3.  **CONCLUSIÓN:** Basándose *únicamente* en el contexto recuperado, no es posible determinar cómo nace un derecho al reajuste en un contrato de obra con precio global cuando el comitente solicita modificaciones sustanciales durante la ejecución. El contexto solo proporciona ejemplos de actualización de valores para mejoras o reajustes pactados para cánones y obras no definidas, pero no la regla específica para el escenario planteado.",1,
38,¿Cómo se interpreta una cláusula de confidencialidad que prohíbe divulgar “cualquier información relacionada” con el negocio sin delimitar temporalidad ni contenido?,No encontrado en el corpus. El contexto recuperado no contiene información suficiente para responder.,"SILOGISMO JURÍDICO:

1.  **PREMISA MAYOR:** La jurisprudencia colombiana establece que la infracción de un acuerdo de confidencialidad, especialmente si implica la divulgación de secretos industriales, puede subsumirse en la descripción típica de un ilícito concurrencial, dando lugar a remedios contractuales o acciones de competencia desleal (Sentencia SC3907-2021, p. 39). Adicionalmente, la buena fe, en sentido objetivo, exige que la conducta de las partes se acomode a los imperativos éticos que la conciencia social demanda, y la cláusula general que prohíbe los actos desleales sirve como elemento integrador para encuadrar supuestos de competencia desleal no previstos expresamente por el legislador (Sentencia SC4174-2021, p. 51).

2.  **PREMISA MENOR:** Una cláusula de confidencialidad que prohíbe divulgar ""cualquier información relacionada"" con el negocio, sin una delimitación temporal o de contenido explícita, debe interpretarse a la luz de los principios de buena fe y la prohibición de actos de competencia desleal. La amplitud de la expresión ""cualquier información relacionada"" implica que la obligación de confidencialidad recae sobre aquella información que, por su naturaleza, califique como secreto industrial o cuya revelación pueda generar un perjuicio a la parte afectada, constituyendo un acto de competencia desleal. La ausencia de una delimitación temporal específica sugiere que la obligación de confidencialidad se mantiene mientras la información conserve su carácter confidencial y su divulgación pueda causar un daño o ventaja indebida, en línea con la protección contra ilícitos concurrenciales.

3.  **CONCLUSIÓN:** Una cláusula de confidencialidad que prohíbe divulgar ""cualquier información relacionada"" sin delimitar temporalidad ni contenido debe interpretarse en el sentido de que la obligación de confidencialidad se extiende a toda información que constituya un secreto industrial o cuya divulgación pueda generar un acto de competencia desleal, y esta obligación perdura mientras la información mantenga su carácter confidencial y su revelación sea susceptible de causar perjuicio, todo ello bajo el principio de la buena fe contractual.",1,
39,¿Cuándo una obligación de medio puede transformarse funcionalmente en una obligación de resultado a partir de la redacción contractual y del contexto negocial?,"Una obligación de medio puede transformarse funcionalmente en una obligación de resultado en los siguientes casos:

1.  **Por el contexto de la obligación y la interrelación de las prestaciones**: Un precio inusualmente alto u otras obligaciones correlativas particulares pueden indicar el deber de alcanzar un resultado específico, incluso en aquellos casos en que lo normal fuera una obligación de medios.
    (SENTENCIA | Sentencias | sc4786_2020_clase_de_actuación_recurso_de_casación_tipo_de_providencia_sentencia_fecha_07_12_2020_po_716655_número_de_pr | página 18)

2.  **Por estipulaciones especiales de las partes**: En el campo contractual, la responsabilidad puede descansar en obligaciones de resultado cuando se asumen en virtud de las ""estipulaciones especiales de las partes"" (artículo 1604, in fine, del Código Civil).
    (SENTENCIA | Sentencias | sc4786_2020_clase_de_actuación_recurso_de_casación_tipo_de_providencia_sentencia_fecha_07_12_2020_po_716655_número_de_pr | página 28)","SILOGISMO JURÍDICO:

1.  **PREMISA MAYOR**: La Corte Suprema de Justicia ha establecido que la clasificación de las obligaciones como de medio o de resultado no es absoluta. En el ámbito contractual, una obligación que usualmente sería de medios puede transformarse en una de resultado. Esto ocurre, por un lado, en virtud de las ""estipulaciones especiales de las partes"" (artículo 1604 del Código Civil), que permiten asumir obligaciones de resultado. Por otro lado, el contexto de la obligación, es decir, la interrelación de las distintas prestaciones entre sí, puede ilustrar el comportamiento que razonablemente se espera del deudor. Por ejemplo, un precio inusualmente alto u otras obligaciones correlativas particulares pueden indicar el deber de alcanzar un resultado específico, aun en aquellos casos en que lo normal fuera una obligación de medios (Sentencia SC4786_2020, página 18 y 28).

2.  **PREMISA MENOR**: La pregunta indaga sobre la transformación funcional de una obligación de medio en una de resultado a partir de la redacción contractual y del contexto negocial. Conforme a la jurisprudencia citada, esta transformación se materializa cuando las partes, mediante ""estipulaciones especiales"" en el contrato, configuran la obligación para que el deudor se comprometa a obtener un resultado específico. Adicionalmente, el contexto negocial, manifestado en la interrelación de las prestaciones, un precio elevado o la existencia de obligaciones correlativas particulares, puede evidenciar la intención de las partes de que el deudor garantice un resultado concreto, superando la naturaleza inicial de la obligación de medios.

3.  **CONCLUSIÓN**: Una obligación de medio puede transformarse funcionalmente en una obligación de resultado a partir de la redacción contractual y del contexto negocial cuando las partes así lo establecen mediante ""estipulaciones especiales"", o cuando el contexto de la obligación, incluyendo la interrelación de las prestaciones, un precio inusualmente alto u otras obligaciones correlativas particulares, indican el deber de alcanzar un resultado específico.",1,
40,"En una compraventa con pacto de reserva de dominio, ¿qué efectos tiene el incumplimiento parcial del comprador sobre la facultad del vendedor de reclamar restitución del bien?",No encontrado en el corpus. El contexto recuperado no contiene información suficiente para responder.,"SILOGISMO JURÍDICO:

1.  **PREMISA MAYOR:**
    El Artículo 952 del Código de Comercio establece que en el pacto de reserva de dominio, el vendedor podrá reservarse el dominio de la cosa vendida hasta que el comprador haya pagado la totalidad del precio. Por su parte, el Artículo 966 del mismo Código dispone que, en caso de incumplimiento del comprador a sus obligaciones, el vendedor podrá acudir a la acción judicial para la restitución de la cosa. Sin embargo, el comprador podrá recuperar la cosa dentro de los tres meses siguientes a la restitución, pagando la totalidad de los instalamentos exigibles, con sus intereses, siempre que el vendedor no la hubiere enajenado o dispuesto de ella.

2.  **PREMISA MENOR:**
    En una compraventa con pacto de reserva de dominio, el dominio de la cosa no se transfiere al comprador hasta que este haya pagado la *totalidad* del precio, según lo estipulado en el Artículo 952 del Código de Comercio. Si el comprador incurre en un incumplimiento parcial, esto significa que no ha pagado la totalidad del precio. En consecuencia, la condición para la transferencia del dominio no se ha cumplido, y el vendedor mantiene la propiedad del bien. Ante este incumplimiento (incluso si es parcial, pues no se ha completado el pago total), el vendedor está facultado para ejercer la acción judicial para la restitución del bien, conforme al Artículo 966 del Código de Comercio. No obstante, el mismo artículo concede al comprador la posibilidad de recuperar el bien restituido si, dentro de los tres meses siguientes a la restitución, paga la totalidad de los instalamentos exigibles más los intereses correspondientes, siempre y cuando el vendedor no haya dispuesto del bien.

3.  **CONCLUSIÓN:**
    En una compraventa con pacto de reserva de dominio, el incumplimiento parcial del comprador, al implicar que no se ha pagado la totalidad del precio, faculta al vendedor para reclamar judicialmente la restitución del bien, dado que el dominio no se ha transferido. Sin embargo, el comprador tiene el derecho de recuperar el bien restituido si, dentro de los tres meses siguientes a la restitución, paga la totalidad de los instalamentos adeudados con sus intereses, siempre que el vendedor no haya enajenado o dispuesto de la cosa.",1,
41,¿Cómo se resuelve un conflicto entre una cláusula manuscrita y una cláusula preimpresa cuando ambas regulan el mismo punto de manera incompatible?,No encontrado en el corpus. El contexto recuperado no contiene información suficiente para responder.,"El contexto recuperado no contiene información que aborde directamente cómo se resuelve un conflicto entre una cláusula manuscrita y una cláusula preimpresa cuando ambas regulan el mismo punto de manera incompatible. Las sentencias proporcionadas tratan sobre la interpretación de normas legales, la ubicación de exclusiones en pólizas de seguro, aspectos procesales y principios generales de contratación, pero no establecen una regla específica para la prevalencia entre cláusulas manuscritas y preimpresas.

**SILOGISMO JURÍDICO:**

1.  **PREMISA MAYOR:** El contexto recuperado no establece una norma o jurisprudencia aplicable para resolver un conflicto entre una cláusula manuscrita y una cláusula preimpresa que regulen el mismo punto de manera incompatible.
2.  **PREMISA MENOR:** La pregunta solicita una respuesta sobre cómo resolver dicho conflicto, basándose únicamente en el contexto proporcionado.
3.  **CONCLUSIÓN:** No es posible responder a la pregunta con la información contenida en el contexto recuperado.",1,
42,"Si un contrato prevé pago en moneda extranjera, pero guarda silencio sobre tasa de conversión y lugar de pago, ¿qué problemas jurídicos deben resolverse para exigir cumplimiento?","Para exigir el cumplimiento de un contrato que prevé pago en moneda extranjera y guarda silencio sobre la tasa de conversión, debe resolverse la cuestión de la corrección monetaria. Esto se debe a que, en situaciones de constante desvalorización monetaria, el valor nominal de la prestación pecuniaria puede ser profundamente diferente al valor real y actual del dinero.

Cita: [SENTENCIA | Sentencias | sc3666_2021_clase_de_actuación_recurso_de_casación_tipo_de_providencia_sentencia_fecha_25_08_2021_po_742226_número_de_pr | página 47]","SILOGISMO JURÍDICO:

1.  **PREMISA MAYOR**:
    El contexto establece que en Colombia, la ""constante desvalorización monetaria"" es una cuestión de ""indudable interés práctico"" que afecta las prestaciones pecuniarias, generando una diferencia entre el valor nominal y el valor real y actual del dinero, lo que puede requerir ""corrección monetaria"" (sc3666_2021, p. 47). Asimismo, la ejecución de contratos celebrados en el exterior que deban cumplirse en el país se rige por la ley colombiana (Artículo 869 C.Co., sc1043_2021, p. 11). El incumplimiento en el pago del precio acordado en contratos de compraventa de divisas puede generar responsabilidad contractual (sc3159_2022, p. 6, 9, 15), y la gestión de divisas implica ""traslados internacionales"" y la determinación de su destino (sc1043_2021, p. 11; sc3159_2022, p. 6).

2.  **PREMISA MENOR**:
    Cuando un contrato prevé un pago en moneda extranjera pero guarda silencio sobre la tasa de conversión y el lugar de pago, surgen problemas jurídicos. La ausencia de una tasa de conversión estipulada plantea la dificultad de determinar el ""valor real y actual del dinero"" de la prestación pecuniaria, especialmente en un contexto de ""constante desvalorización monetaria"" en Colombia, lo que hace necesaria una ""corrección monetaria"" (sc3666_2021, p. 47). Respecto al lugar de pago, aunque el contexto no aborda directamente el silencio contractual sobre este punto, sí resalta la relevancia del lugar de cumplimiento para la aplicación de la ley colombiana (Art. 869 C.Co.) y demuestra que la ubicación y el destino de las divisas son elementos críticos en las operaciones de pago, cuya indeterminación puede llevar a controversias sobre el cumplimiento o incumplimiento (sc3159_2022, p. 6, 15).

3.  **CONCLUSIÓN**:
    Para exigir el cumplimiento de un contrato que prevé pago en moneda extranjera pero guarda silencio sobre la tasa de conversión y el lugar de pago, deben resolverse jurídicamente los siguientes problemas: 1) La determinación de la tasa de conversión aplicable y el momento para su cálculo, a fin de establecer el valor real y actual de la prestación pecuniaria y aplicar la corrección monetaria necesaria. 2) La definición del lugar exacto donde debe efectuarse el pago o la transferencia de las divisas, lo cual es fundamental para la correcta ejecución del contrato y para evitar disputas sobre el cumplimiento de la obligación.",1,
43,¿Qué relevancia tiene la buena fe objetiva en la interpretación de un contrato civil cuando el texto admite más de una lectura razonable?,"La buena fe objetiva, definida como la conducta que se acomoda a los imperativos éticos que la conciencia social exige en las mutuas relaciones entre las partes, tiene relevancia en la interpretación de un contrato civil.

Según el Código Civil, los contratos deben ejecutarse de buena fe, obligando no solo a lo que en ellos se expresa, sino también a todas las cosas que emanan precisamente de la naturaleza de la obligación, o que por ley pertenecen a ella (ARTÍCULO 1603. <EJECUCIÓN DE BUENA FE>, Codigo_Civil).

Asimismo, el Código Civil español en su artículo 1258 establece que los contratos obligan no solo al cumplimiento de lo expresamente pactado, sino también a todas las consecuencias que, según su naturaleza, sean conformes a la buena fe, al uso y a la ley (Sentencia sc3273_2020, página 27).

En el contexto de controversias sobre el origen, eficacia o el ejercicio de los derechos contractuales, el juzgador, al interpretar el contrato, aplicará las directrices legislativas para verificar su conformidad con el ordenamiento y, en particular, la existencia de cláusulas abusivas. Estas últimas son aquellas que, aun negociadas individualmente, quebrantan la buena fe, probidad, lealtad o corrección y comportan un significativo desequilibrio de las partes (Sentencia 11001_3103_032_2001_00847_01, página 35).

La Sección de Audiencia Provincial de La Rioja indicó que la buena fe en sentido objetivo consiste en que la conducta de uno con respecto a otro se acomoda a los imperativos éticos que la conciencia social exige (Sentencia sc4174_2021, página 51).","SILOGISMO JURÍDICO:

1.  **PREMISA MAYOR:**
    El Artículo 1603 del Código Civil Colombiano establece que los contratos deben ejecutarse de buena fe, obligando no solo a lo que en ellos se expresa, sino también a todas las cosas que emanan precisamente de la naturaleza de la obligación o que por ley pertenecen a ella. La jurisprudencia define la buena fe en sentido objetivo como la conducta que se acomoda a los imperativos éticos que la conciencia social exige en las mutuas relaciones entre las partes (SC4174-2021, p. 51). Esta buena fe contractual implica proceder con la rectitud debida, con el respeto esperado, y con una actitud desprovista de elementos de engaño, fraude o aprovechamiento de debilidades ajenas (SC3273-2020, p. 16). En la interpretación de los contratos, el juzgador debe aplicar directrices que verifiquen su conformidad con el ordenamiento y, en particular, que no existan cláusulas que quebranten la buena fe, probidad, lealtad o corrección, o que comporten un significativo desequilibrio de las partes (11001-3103-032-2001-00847-01, p. 35).

2.  **PREMISA MENOR:**
    Cuando el texto de un contrato civil admite más de una lectura razonable, la buena fe objetiva adquiere una relevancia crucial como criterio interpretativo. Esto implica que, entre las posibles interpretaciones, se debe preferir aquella que se ajuste a los imperativos éticos y a la conciencia social, que refleje rectitud, respeto y ausencia de engaño o desequilibrio. La interpretación no puede conducir a una situación que quebrante la buena fe o genere un desequilibrio significativo entre las partes, incluso si una de las lecturas pudiera parecer plausible.

3.  **CONCLUSIÓN:**
    La buena fe objetiva es un principio rector fundamental en la interpretación de un contrato civil. Cuando el texto contractual admite más de una lectura razonable, la interpretación debe inclinarse por aquella que se alinee con los imperativos éticos y la conciencia social, garantizando la rectitud, el respeto y el justo equilibrio entre las partes, y descartando cualquier lectura que implique un quebrantamiento de la buena fe o un desequilibrio significativo.",1,
44,¿Cómo se determina si una condición pactada depende exclusivamente de la voluntad de una de las partes y qué efectos tendría ello sobre la obligación?,"Para determinar si una condición pactada depende exclusivamente de la voluntad de una de las partes, se considera una ""condición potestativa"", la cual es aquella que depende de la voluntad del acreedor o del deudor.

En cuanto a los efectos sobre la obligación, las condiciones son fruto de la autonomía de la voluntad que modifican las obligaciones puras y simples, y las sujetan a modalidades.

[NORMA | Codigo_Civil | Ley desconocida | Artículo 1534 | codigo_civil_intro_rag]
[SENTENCIA | Sentencias | sc3674_2021_clase_de_actuación_recurso_de_casación_tipo_de_providencia_sentencia_fecha_25_08_2021_po_741820_número_de_pr | página 10]","SILOGISMO JURÍDICO:

1.  **PREMISA MAYOR:**
    El Artículo 1534 del Código Civil colombiano define la condición potestativa como aquella que depende de la voluntad del acreedor o del deudor. Las condiciones, en general, son fruto de la autonomía de la voluntad y modifican las obligaciones puras y simples, sujetándolas a modalidades (SC3674-2021). Para determinar el querer de los obligados y el alcance de las cláusulas contractuales, el intérprete debe considerar el tenor literal de las mismas, las directrices de los artículos 1618 a 1624 del Código Civil, y factores como las condiciones particulares de los intervinientes y su proceder antes, durante y después de la celebración del contrato, asegurando que el consentimiento sea genuino y no adolezca de vicio (SC5185-2021, SC5040-2021).

2.  **PREMISA MENOR:**
    Para determinar si una condición pactada depende exclusivamente de la voluntad de una de las partes, se debe analizar si encaja en la definición de condición potestativa del Artículo 1534 del Código Civil, es decir, si su cumplimiento recae en la decisión del acreedor o del deudor. Esta determinación requiere una interpretación contractual que va más allá del tenor literal, abarcando el comportamiento de las partes y las circunstancias del acuerdo para desentrañar su verdadera intención y asegurar la genuinidad del consentimiento. En cuanto a los efectos, el contexto recuperado establece que las condiciones modifican las obligaciones puras y simples, pero no especifica las consecuencias jurídicas particulares de una condición que dependa *exclusivamente* de la voluntad de una de las partes, más allá de su clasificación como potestativa y su rol como modalidad de la obligación.

3.  **CONCLUSIÓN:**
    Una condición se determina como dependiente de la voluntad de una de las partes (potestativa) si su cumplimiento recae en la decisión del acreedor o del deudor, según el Artículo 1534 del Código Civil. Esta determinación se realiza interpretando el contrato a la luz de su tenor literal, el comportamiento de las partes y las circunstancias del acuerdo, buscando la genuina voluntad de los contratantes. Respecto a los efectos, el contexto indica que las condiciones modifican las obligaciones puras y simples, pero no detalla las consecuencias específicas de una condición que dependa exclusivamente de la voluntad de una de las partes.",1,
45,"En un contrato de suministro civil atípico entre particulares, ¿qué criterios permiten integrar obligaciones no expresamente pactadas sobre calidad, oportunidad y cooperación?","Los criterios que permiten integrar obligaciones no expresamente pactadas en relaciones convencionales que no encajan dentro de ninguno de los tipos reglamentados de contrato (contratos atípicos) son:

1.  Por analogía del tipo contractual afín al punto de vista jurídico pertinente.
2.  Por los principios generales del derecho de las obligaciones y contratos.
3.  A título complementario, por el arbitrio judicial.

Estos criterios no deben violentar la voluntad libremente configurada de las partes dentro de los límites trazados por el legislador.
[SENTENCIA | Sentencias | sc3375_2021_clase_de_actuación_recurso_de_casación_tipo_de_providencia_sentencia_fecha_01_09_2021_po_742707_número_de_pr | página 25]

En cuanto a la ""cooperación"", el contexto recuperado indica que de la obligación de obrar de buena fe emana un deber de colaboración, que supone una dinámica cooperación en beneficio ajeno. Este deber de colaboración se orienta a la satisfacción del interés del cocontratante.
[SENTENCIA | Sentencias | sc2850_2022_clase_de_actuación_recurso_de_casación_tipo_de_providencia_sentencia_fecha_25_10_2022_po_784543_número_de_pr | página 60]

Para las obligaciones de ""calidad"" y ""oportunidad"" en un contrato de suministro civil atípico entre particulares, el contexto recuperado no contiene información suficiente para establecer criterios específicos de integración más allá de los principios generales aplicables a los contratos atípicos. Si bien se mencionan aspectos como ""mismas condiciones"" y ""plazo prefijado, o en ausencia de pacto, en el estimado razonable"" en el contexto de una obligación de transporte, no se presentan como criterios generales de integración para contratos de suministro atípicos.
[SENTENCIA | Sentencias | sc1043_2021_clase_de_actuación_recurso_de_casación_tipo_de_providencia_sentencia_fecha_05_04_2021_po_726450_número_de_pr | página 17]","SILOGISMO JURÍDICO:

1.  **PREMISA MAYOR:**
    Según la jurisprudencia, las relaciones convencionales que no encajan dentro de los tipos reglamentados de contrato se aprecian por analogía del tipo contractual afín al punto de vista jurídico pertinente, por los principios generales del derecho de las obligaciones y contratos, y, a título complementario, por el arbitrio judicial, siempre que estos criterios no violenten la voluntad libremente configurada de las partes (SC3375_2021, p. 25). Adicionalmente, el deber de obrar de buena fe frente a los productores y proveedores, así como frente a las autoridades públicas, emana un deber de colaboración que se orienta a la satisfacción del interés del cocontratante, implicando una dinámica cooperación en beneficio ajeno (SC2850_2022, p. 60). Para el contrato de suministro, incluso el típico, se dispone la aplicación de las reglas que regulan los contratos a que corresponden las prestaciones aisladas, en cuanto sean compatibles (SC3675_2021, p. 27).

2.  **PREMISA MENOR:**
    En el contexto de un contrato de suministro civil atípico entre particulares, donde las obligaciones de calidad, oportunidad y cooperación no han sido expresamente pactadas, su integración debe realizarse conforme a los criterios establecidos para los contratos atípicos. Esto implica recurrir a la analogía con contratos típicos que involucren prestaciones similares (como el suministro típico o el transporte, que implican la entrega de bienes en ciertas condiciones y plazos), a los principios generales del derecho de las obligaciones y contratos (como la buena fe), y al arbitrio judicial. Específicamente, la obligación de cooperación se integra directamente del deber de buena fe, que exige una colaboración activa entre las partes para el cumplimiento del fin contractual. Las obligaciones de calidad y oportunidad, aunque no detalladas para contratos atípicos en el contexto, se integrarían bajo los mismos principios generales y por analogía con las reglas de contratos afines que regulan la ejecución de prestaciones, donde la calidad de lo entregado y la observancia de los plazos son elementos esenciales.

3.  **CONCLUSIÓN:**
    Para integrar obligaciones no expresamente pactadas sobre calidad, oportunidad y cooperación en un contrato de suministro civil atípico entre particulares, se deben aplicar los siguientes criterios: 1) la analogía con tipos contractuales afines que regulen prestaciones similares; 2) los principios generales del derecho de las obligaciones y contratos; y 3) a título complementario, el arbitrio judicial, siempre respetando la voluntad de las partes. El deber de cooperación, en particular, se integra a partir del principio de buena fe, que impone una obligación de colaboración dinámica para la satisfacción del interés del cocontratante.",1,
46,¿Basta la simple desproporción económica para afirmar lesión enorme o se requieren elementos normativos adicionales según el tipo contractual?,"La lesión enorme no se afirma por la simple desproporción económica, sino que se predica de algunas manifestaciones de voluntad y es una acción que excepcionalmente consagra la ley para reparar el perjuicio sufrido en la celebración de determinados actos jurídicos.

Específicamente:
*   ""la lesión enorme sólo se predica de algunas manifestaciones de voluntad"" [SENTENCIA | Sentencias | sc3346_2020_clase_de_actuación_recurso_de_casación_tipo_de_providencia_sentencia_fecha_14_09_2020_po_707692_número_de_pr | página 31].
*   La jurisprudencia la clasificó como una causal adicional de nulidad relativa, y es una acción ""que excepcionalmente consagra la ley como manera de reparar el perjuicio sufrido en la celebración de determinados actos jurídicos"" [SENTENCIA | Sentencias | sc3346_2020_clase_de_actuación_recurso_de_casación_tipo_de_providencia_sentencia_fecha_14_09_2020_po_707692_número_de_pr | página 30].
*   La Corte deslindó estas instituciones ""únicamente para la venta de bienes inmuebles, en tanto la regulación especial de la lesión"" [SENTENCIA | Sentencias | sc3346_2020_clase_de_actuación_recurso_de_casación_tipo_de_providencia_sentencia_fecha_14_09_2020_po_707692_número_de_pr | página 30].
*   ""La lesión enorme únicamente se predica del heredero, cónyuge o compañero permanente que ha recibido una alícuota cuyo justo valor es inferior al 50% de la que tenía derecho a percibir, considerando el total de la masa liquidatoria"" [SENTENCIA | Sentencias | sc3346_2020_clase_de_actuación_recurso_de_casación_tipo_de_providencia_sentencia_fecha_14_09_2020_po_707692_número_de_pr | página 17].","SILOGISMO JURÍDICO:

1.  **PREMISA MAYOR:** La jurisprudencia colombiana, según el contexto recuperado, clasifica la lesión enorme como una acción de nulidad relativa o rescisoria que la ley consagra excepcionalmente para reparar el perjuicio sufrido en la celebración de *determinados actos jurídicos* y *contratos bilaterales*. Se enfatiza que la lesión enorme *solo se predica de algunas manifestaciones de voluntad* y que su regulación especial se aplica, por ejemplo, *únicamente para la venta de bienes inmuebles*. Además, en el contexto de la partición, se predica *únicamente del heredero, cónyuge o compañero permanente* que ha recibido una alícuota cuyo justo valor es inferior al 50% de la que tenía derecho a percibir.

2.  **PREMISA MENOR:** La pregunta plantea si la simple desproporción económica es suficiente para configurar la lesión enorme. Sin embargo, el contexto recuperado establece claramente que esta figura es de aplicación excepcional y limitada a *ciertos actos jurídicos* y *algunas manifestaciones de voluntad*, no a cualquier desequilibrio económico. Se mencionan ejemplos específicos de su aplicación, como la venta de bienes inmuebles o la partición para sujetos determinados bajo un umbral de desequilibrio específico (inferior al 50% de la alícuota), lo que indica la necesidad de cumplir con requisitos normativos y contractuales adicionales más allá de la mera desproporción.

3.  **CONCLUSIÓN:** No, la simple desproporción económica no basta para afirmar lesión enorme. Se requieren elementos normativos adicionales según el tipo contractual o acto jurídico, dado que la lesión enorme es una figura excepcional que solo se predica de *algunas manifestaciones de voluntad* y *determinados actos jurídicos*, como la venta de bienes inmuebles o la partición para herederos, cónyuges o compañeros permanentes bajo condiciones específicas de desequilibrio.",1,
47,¿Cómo debe examinarse la validez de una renuncia anticipada y general a reclamar perjuicios derivados del incumplimiento futuro de la contraparte?,No encontrado en el corpus. El contexto recuperado no contiene información suficiente para responder.,"SILOGISMO JURÍDICO:

1.  **PREMISA MAYOR:** El contexto recuperado establece que el contratante fiel en el cumplimiento de sus obligaciones puede solicitar la resolución del vínculo contractual ante el incumplimiento de su contrario, agregando a su reclamo la indemnización de perjuicios de manera consecuencial (SC5430_2021, p. 30). Asimismo, se menciona que en casos de mutua desatención de obligaciones, donde ambos contratantes están en el mismo plano de incumplimiento, ninguno está en mora y, por lo mismo, no hay posibilidad de reclamar del otro nada diferente a la restitución de las cosas al estado anterior del convenio, sin solicitar perjuicios (SC5430_2021, p. 60). El contexto también define las ""obligaciones futuras"" como aquellas indeterminadas en su existencia y cuantía (sin_clase_de_actuación_publicación_especializada_fecha_776082, p. 49) y prevé la posibilidad de que las partes renuncien a la condición resolutoria que los contratos bilaterales llevan envuelta (sin_clase_de_actuación_publicación_especializada_fecha_776082, p. 6).

2.  **PREMISA MENOR:** La pregunta se refiere a cómo debe examinarse la validez de una renuncia anticipada y general a reclamar perjuicios derivados del incumplimiento futuro de la contraparte. Si bien el contexto alude a la posibilidad de renunciar a una condición resolutoria y a la existencia de ""obligaciones futuras"", y menciona escenarios donde no se solicitan perjuicios (como en el incumplimiento recíproco y simultáneo), no proporciona los criterios o principios jurídicos específicos para evaluar la validez de una renuncia *anticipada y general* al derecho a reclamar *perjuicios* por un *incumplimiento futuro*. El contexto no contiene una norma o jurisprudencia que aborde directamente los requisitos o límites para la validez de tal tipo de renuncia.

3.  **CONCLUSIÓN:** El contexto recuperado no contiene la información necesaria para determinar cómo debe examinarse la validez de una renuncia anticipada y general a reclamar perjuicios derivados del incumplimiento futuro de la contraparte.",1,
48,"En un contrato con cláusula compromisoria redactada de manera imprecisa, ¿qué criterios permiten establecer si las partes realmente excluyeron la jurisdicción ordinaria?",No encontrado en el corpus. El contexto recuperado no contiene información suficiente para responder.,"SILOGISMO JURÍDICO:

1.  **PREMISA MAYOR:** Para determinar el sentido y alcance de las estipulaciones contractuales, el juzgador debe aplicar las reglas hermenéuticas del Código Civil (artículos 1618 a 1624), orientadas a desentrañar el real significado de las declaraciones formuladas y armonizarlas (SC2879_2022, pág. 74). Es imperativo que el juez investigue si la cláusula litigiosa fue ""verdaderamente aceptada por las partes"" o si su inserción constituye una ""trampa"", diferenciando entre contratos que son fruto de la acción concertada y aquellos donde existe una relación de asimetría o desequilibrio (SC13925_2016, pág. 156; SC2879_2022, pág. 67). Las estipulaciones que afectan a la parte que no las redactó deben contener información precisa sobre su verdadero alcance, siendo la ineficacia la sanción por su incumplimiento (SC4126_2021, pág. 35).

2.  **PREMISA MENOR:** En el caso de una cláusula compromisoria redactada de manera imprecisa, para establecer si las partes realmente excluyeron la jurisdicción ordinaria, el juez debe aplicar los criterios de interpretación contractual del Código Civil. Esto implica no solo analizar el texto de la cláusula, sino también indagar sobre la genuina voluntad de las partes y si hubo una aceptación real y consciente de la exclusión de la jurisdicción ordinaria. Se debe considerar si el contrato fue producto de una negociación específica entre partes profesionales sin asimetría, o si, por el contrario, se trata de un contrato de adhesión donde la cláusula pudo haber sido impuesta sin una comprensión o aceptación efectiva. La imprecisión de la cláusula, especialmente si afecta a la parte que no la redactó, es un factor relevante que puede llevar a cuestionar su eficacia, ya que las estipulaciones que limitan derechos o alteran la jurisdicción deben ser claras y precisas.

3.  **CONCLUSIÓN:** Para establecer si una cláusula compromisoria imprecisa excluye la jurisdicción ordinaria, el juez debe aplicar las reglas de hermenéutica contractual del Código Civil (artículos 1618 a 1624) para desentrañar el verdadero sentido de la estipulación. Es fundamental investigar si la cláusula fue ""verdaderamente aceptada"" por las partes, considerando si el contrato fue negociado específicamente entre partes en igualdad de condiciones o si existió una relación de asimetría. La falta de claridad y precisión en la redacción de la cláusula, especialmente si afecta a la parte que no la redactó, es un factor determinante que puede llevar a cuestionar su validez y eficacia para excluir la jurisdicción ordinaria.",1,
49,"¿Cómo debe tratarse un error en la identificación del inmueble vendido cuando la nomenclatura es incorrecta, pero otros elementos del contrato permiten inferir el bien querido?","Cuando la nomenclatura de un inmueble es incorrecta, pero otros elementos del contrato permiten inferir el bien querido, compete al juez ""superar los equívocos en la formulación… y buscar lo realmente querido por las partes"", escrutando ""desde lo fáctico, al margen de nomenclaturas o de fallas estrictamente nominativas"". Rehusar una excepción por falta de coherencia entre el título asignado y su contenido equivale a ""subordinar el derecho material a una mera formalidad"".

En este sentido, la ponderación de un documento que presenta una ""deficitaria identificación del bien raíz"" puede implicar considerar que las partes ""identificaron el predio de manera general y suficiente para establecer que el mismo era el (…) del contrato"". Un tribunal puede acertar al ""extractar que se trataba del mismo fundo"" incluso si se invocó un folio de matrícula inmobiliaria distinto, especialmente si la heredad presenta duplicidad.

Citas:
*   [SENTENCIA | Sentencias | sc2850_2022_clase_de_actuación_recurso_de_casación_tipo_de_providencia_sentencia_fecha_25_10_2022_po_784543_número_de_pr | página 110]
*   [SENTENCIA | Sentencias | sc5185_2021_clase_de_actuación_recurso_de_casación_tipo_de_providencia_sentencia_fecha_26_11_2021_po_751932_número_de_pr | página 12]
*   [SENTENCIA | Sentencias | sc3928_2020_clase_de_actuación_recurso_de_casación_tipo_de_providencia_sentencia_fecha_19_10_2020_po_711291_número_de_pr | página 28]","SILOGISMO JURÍDICO:

1.  **PREMISA MAYOR:**
    La jurisprudencia civil colombiana establece que compete al juez superar los equívocos en la formulación de los documentos y buscar lo realmente querido por las partes, escrutando desde lo fáctico y al margen de nomenclaturas o de fallas estrictamente nominativas. La tarea del juez no es atarse a formulismos, sino auscultar cuanto realmente se halla ventilado y probado, pues subordinar el derecho material a una mera formalidad es incorrecto (SC2850_2022, página 110). En este sentido, una identificación deficitaria o general del bien raíz puede ser suficiente si permite establecer que el mismo era el objeto del contrato, y errores en folios de matrícula o lapsus en la descripción no impiden la identificación si el juez puede determinar que se trata del mismo fundo (SC5185_2021, página 12; SC3928_2020, página 28). El Artículo 2480 del Código Civil, si bien anula la transacción por error acerca de la identidad del objeto, se refiere a un error que impide la determinación del objeto, no a una falla formal que puede ser superada por la interpretación judicial.

2.  **PREMISA MENOR:**
    En el caso planteado, existe un error en la nomenclatura del inmueble vendido, pero se especifica que ""otros elementos del contrato permiten inferir el bien querido"". Esta situación se alinea con el principio jurisprudencial que exige al juez ir más allá de los formalismos y las fallas nominativas. Si, a pesar de la nomenclatura incorrecta, el conjunto del contrato y los elementos fácticos permiten determinar de manera general y suficiente cuál era el inmueble objeto de la venta, el error no es de tal magnitud que impida la identificación del objeto. El juez debe interpretar el contrato de forma integral para desentrañar la voluntad real de las partes, sin que el error formal en la nomenclatura sea un obstáculo insuperable.

3.  **CONCLUSIÓN:**
    Un error en la identificación del inmueble vendido debido a una nomenclatura incorrecta, pero donde otros elementos del contrato permiten inferir el bien querido, debe tratarse mediante una interpretación judicial que busque la voluntad real de las partes. El juez debe superar el formalismo de la nomenclatura errónea y, basándose en los demás elementos probatorios y fácticos, determinar cuál era el inmueble objeto del contrato, sin que dicho error formal sea causa de anulación si la identidad del bien puede ser establecida.",1,
50,"Si el contrato atribuye a una parte la facultad de interpretar unilateralmente sus propias cláusulas en caso de duda, ¿esa estipulación produce efectos jurídicos plenos?","No, una estipulación que atribuye a una parte la facultad de interpretar unilateralmente sus propias cláusulas en caso de duda no produciría efectos jurídicos plenos.

El ejercicio de la autonomía privada no es libérrimo, absoluto ni ilimitado, encontrando cortapisa en el orden público, las normas imperativas o del ius cogens, la moralidad y/o las buenas costumbres [SENTENCIA | Sentencias | sc1225_2022... | página 57].

Además, el artículo 1622 demanda una visión periférica o sistemática del clausulado, en claro entendimiento de que cada una de las estipulaciones están interrelacionadas e integran un todo que reclama un sentido unívoco. La interpretación que las mismas partes hayan hecho en otro contrato sobre la misma materia, o por la aplicación práctica que hayan efectuado de ellas ambas partes, o una de las partes con aprobación de la otra parte, puede servir de apoyo [SENTENCIA | Sentencias | sc2879_2022... | página 77]. Esto implica que la interpretación práctica requiere el acuerdo o aprobación de ambas partes, no una decisión unilateral.

El contenido del contrato solo puede ser creado, modificado o extinguido por la voluntad de las partes o por la propia ley de modo expreso, sin que sea procedente realizar interpretaciones extensivas [SENTENCIA | Sentencias | sc11287_2016... | página 11].

Específicamente en el ámbito de los contratos de consumo, el Artículo 34 de la Ley 1480 establece que las condiciones generales de los contratos serán interpretadas de la manera más favorable al consumidor. En caso de duda, prevalecerán las cláusulas más favorables al consumidor sobre aquellas que no lo sean [NORMA | Ley_1480 | Ley 1480 | Artículo 34 | ley_1480_rag]. Una cláusula de interpretación unilateral por una parte iría en contra de este principio legal.","**PREMISA MAYOR:**
El contenido de un contrato solo puede ser creado, modificado o extinguido por la voluntad de las partes o por ley expresa, sin que sea procedente realizar interpretaciones extensivas unilaterales (SC11287_2016). La autonomía privada, aunque fundamental, no es libérrima, absoluta ni ilimitada, encontrando cortapisas en el orden público, las normas imperativas o del *ius cogens*, la moralidad y/o las buenas costumbres (SC1225_2022). La interpretación contractual debe ser sistemática, armonizando las estipulaciones con el espíritu general que le infunde su razón de ser a todo el contexto contractual, pues las cláusulas están interrelacionadas e integran un todo que reclama un sentido unívoco (SC487_2022, SC3689_2021, SC2879_2022). La interpretación que las mismas partes hayan hecho en otro contrato sobre la misma materia, o la aplicación práctica que hayan efectuado de ellas, requiere que sea por ambas partes o por una con aprobación de la otra (SC2879_2022). Específicamente, en los contratos de consumo, las condiciones generales deben interpretarse de la manera más favorable al consumidor en caso de duda, prevaleciendo las cláusulas más favorables al consumidor sobre aquellas que no lo sean (Ley 1480, Artículo 34).

**PREMISA MENOR:**
Una estipulación que atribuye a una de las partes la facultad de interpretar unilateralmente sus propias cláusulas en caso de duda contraviene los principios fundamentales de la formación e interpretación contractual. Primero, el contenido del contrato se forma por la voluntad de *ambas* partes, y una interpretación unilateral excede este marco, invadiendo la esfera de la voluntad conjunta o la ley. Segundo, la interpretación debe ser sistemática y buscar un sentido unívoco del contrato como un todo, no una imposición unilateral de una de las partes. Tercero, tal cláusula podría exceder los límites de la autonomía privada al intentar imponer una prerrogativa que podría ser contraria al orden público o a normas imperativas, o constituir una ""trampa"" para la otra parte. En el ámbito de los contratos de consumo, esta cláusula chocaría directamente con el Artículo 34 de la Ley 1480, que establece una regla de interpretación favorable al consumidor, una norma de carácter imperativo que no puede ser derogada por la voluntad de las partes en perjuicio del consumidor.

**CONCLUSIÓN:**
No, una estipulación que atribuye a una parte la facultad de interpretar unilateralmente sus propias cláusulas en caso de duda no produce efectos jurídicos plenos. Dicha cláusula es contraria a los principios de la autonomía de la voluntad limitada, la interpretación sistemática y la formación bilateral del contrato, y sería ineficaz en contratos de consumo al contravenir la norma imperativa de interpretación favorable al consumidor establecida en la Ley 1480.",1,
51,¿Qué análisis procede cuando las partes suscriben un contrato simulado para ocultar una relación jurídica distinta y luego una de ellas pretende hacer valer el negocio aparente?,"Cuando las partes suscriben un contrato simulado para ocultar una relación jurídica distinta y luego una de ellas pretende hacer valer el negocio aparente, el análisis que procede es el siguiente:

Para los contratantes, quienes son sabedores de la farsa, la declaración fingida no está orientada a producir efectos reales. Existe una obligación de aclarar cuál es la verdad y deshacer la apariencia, de la que son deudores y acreedores recíprocos todos los partícipes de una convención simulada. La acción de simulación, también llamada acción de prevalencia, tiene por propósito develar la verdadera intención de las partes de un contrato, oculta de manera concertada tras un negocio jurídico aparente.

Citas:
*   [SENTENCIA | Sentencias | sc963_2022_clase_de_actuación_recurso_de_casación_tipo_de_providencia_sentencia_fecha_01_07_2022_pon_773439_número_de_pr | página 23]
*   [SENTENCIA | Sentencias | sc1971_2022_clase_de_actuación_recurso_de_casación_tipo_de_providencia_sentencia_fecha_12_12_2022_po_790734_número_de_pr | página 28]
*   [SENTENCIA | Sentencias | sc1971_2022_clase_de_actuación_recurso_de_casación_tipo_de_providencia_sentencia_fecha_12_12_2022_po_790734_número_de_pr | página 6]","SILOGISMO JURÍDICO:

1.  **PREMISA MAYOR:**
    Según la jurisprudencia, la simulación se configura cuando las partes contratantes, imbuidas en un mismo propósito, realizan una declaración de voluntad fingida con el objetivo de mostrarla a terceros como su verdadera intención, mientras que su voluntad objetiva consiste en ocultar o disfrazar una situación jurídica existente o el contenido y alcance efectivo de un contrato determinado. Para los contratantes, sabedores de la ""farsa"", esa declaración no está orientada a producir efectos reales. Es un presupuesto de la figura que un contrato no puede ser ""simultáneamente simulado para una de las partes y verdadero para la otra""; si la intención oculta de un partícipe no trasciende su fuero interno y no es conocida por el otro, se trata de una reserva mental insuficiente para afectar la validez de la convención o sus efectos para el contratante de buena fe. La acción de simulación, o de prevalencia, tiene como propósito develar la verdadera intención de las partes oculta tras un negocio jurídico aparente, existiendo un derecho y un deber jurídico recíproco entre los partícipes de una convención simulada para aclarar la verdad y deshacer la apariencia.

2.  **PREMISA MENOR:**
    En el caso planteado, las partes suscribieron un contrato simulado con el fin de ocultar una relación jurídica distinta. Esto implica que, por mutuo acuerdo y con un propósito compartido, la declaración de voluntad exteriorizada no estaba destinada a producir efectos reales entre ellas, sino a crear una apariencia para terceros. Si una de las partes pretende hacer valer el negocio aparente, estaría actuando en contravía de la verdadera voluntad concertada y del entendimiento compartido de que dicho negocio era una ""farsa"" sin efectos reales entre los contratantes.

3.  **CONCLUSIÓN:**
    Cuando las partes han suscrito un contrato simulado para ocultar una relación jurídica distinta, y una de ellas pretende hacer valer el negocio aparente, el análisis jurídico procede a determinar la prevalencia de la verdadera voluntad de las partes sobre la declaración fingida. Si se prueba la simulación, el negocio aparente no puede ser exigible entre los contratantes, ya que su declaración no estaba orientada a producir efectos reales para ellos. En este escenario, la acción de simulación buscaría dejar al descubierto la verdad oculta y deshacer los efectos del fingimiento, haciendo prevalecer la intención real sobre la apariencia creada.",1,
52,"En un contrato de comodato, ¿cómo incide el uso distinto de la cosa prestada sobre la responsabilidad del comodatario por deterioro o pérdida?",No encontrado en el corpus. El contexto recuperado no contiene información suficiente para responder.,"SILOGISMO JURÍDICO:

1.  **PREMISA MAYOR:**
    El Artículo 2200 del Código Civil Colombiano define el comodato o préstamo de uso como un contrato en el que una de las partes entrega a la otra gratuitamente una especie mueble o raíz, para que haga uso de ella, y con cargo de restituir la misma especie después de terminar el uso. La jurisprudencia complementa que los comodatarios son tenedores legítimos de la cosa con facultad de uso (Sentencia SC4966_2019, página 45).

2.  **PREMISA MENOR:**
    El contexto recuperado define el contrato de comodato y las facultades de uso del comodatario. Sin embargo, no contiene ninguna disposición normativa o jurisprudencial que establezca específicamente cómo incide un ""uso distinto de la cosa prestada"" sobre la responsabilidad del comodatario por su deterioro o pérdida. Las normas y sentencias proporcionadas abordan la definición del contrato, la indemnización por mala calidad de la cosa prestada por parte del comodante, el comodato de cosa ajena, la transmisibilidad de derechos y obligaciones, y aspectos relacionados con la tenencia y la prescripción, pero no regulan la responsabilidad del comodatario por un uso diferente al convenido o al natural de la cosa.

3.  **CONCLUSIÓN:**
    Basándose *únicamente* en el contexto recuperado, no es posible determinar cómo incide el uso distinto de la cosa prestada sobre la responsabilidad del comodatario por deterioro o pérdida, ya que la información proporcionada no aborda directamente este supuesto.",1,
53,"¿Cómo se determina si una obligación es divisible o indivisible cuando la prestación principal admite fraccionamiento material, pero el interés del acreedor parece unitario?",No encontrado en el corpus. El contexto recuperado no contiene información suficiente para responder.,"SILOGISMO JURÍDICO:

1.  **PREMISA MAYOR:**
    Según el Artículo 1581 del Código Civil colombiano, la obligación es divisible o indivisible según tenga o no tenga por objeto una cosa susceptible de división, sea física, intelectual o de cuota. No obstante, la jurisprudencia complementa esta definición al establecer que la divisibilidad de la prestación no se limita exclusivamente a su fraccionamiento material. La Corte Suprema de Justicia ha definido que la solidaridad, por ejemplo, es una característica que impide el fraccionamiento de la prestación, *a pesar de ser viable* materialmente (art. 1568 Código Civil), en razón a que su principal propósito es conminar a cualquiera de los integrantes de la parte plural a cumplir la *totalidad* de la prestación (SC2850_2022). Asimismo, para distinguir el tipo de obligación y su cumplimiento, se considera la incidencia que en el concepto de cumplimiento pueda tener el que con la conducta debida se realice el *interés primario del acreedor*, es decir, que este efectivamente obtenga el *resultado útil o la finalidad práctica que espera lograr* (SC4786_2020).

2.  **PREMISA MENOR:**
    En el escenario donde la prestación principal admite fraccionamiento material, pero el interés del acreedor parece unitario, la determinación de la divisibilidad o indivisibilidad de la obligación no se basa únicamente en la capacidad física de división del objeto. Si el interés primario del acreedor es unitario y la finalidad práctica que busca solo puede ser satisfecha con la ejecución completa e íntegra de la prestación, la obligación se considerará indivisible desde la perspectiva del cumplimiento y del interés del acreedor. Esto se alinea con la jurisprudencia que prioriza el propósito de la obligación de asegurar la totalidad de la prestación, incluso si el objeto es materialmente divisible, como ocurre en el caso de la solidaridad, donde se busca el cumplimiento total por cualquiera de los deudores, impidiendo el fraccionamiento.

3.  **CONCLUSIÓN:**
    Por lo tanto, una obligación se determina como indivisible, a pesar de que la prestación principal admita fraccionamiento material, cuando el interés del acreedor es unitario y la finalidad práctica que busca solo puede ser satisfecha con la ejecución completa e íntegra de la prestación, o cuando una característica legal como la solidaridad impida su fraccionamiento para asegurar el cumplimiento total. La divisibilidad no es solo material, sino también funcional y teleológica respecto al interés del acreedor.",1,
54,"Si un contrato prevé varias causales de terminación y una cláusula general de incumplimiento grave, ¿cómo se define si una conducta no listada permite resolver el vínculo?",No encontrado en el corpus. El contexto recuperado no contiene información suficiente para responder.,"SILOGISMO JURÍDICO:

1.  **PREMISA MAYOR:**
    El artículo 1546 del Código Civil, al que la jurisprudencia se refiere, habilita al contratante cumplido a demandar la cesación de los efectos generados por el vínculo contractual o a optar por su cumplimiento, en ambos casos con indemnización de perjuicios, ante el incumplimiento de los compromisos asumidos por la otra parte (SC5569-2019, p. 49; SC3666-2021, p. 30; SC5430-2021, p. 58). La Corte ha establecido que ""encontrar, eventualmente, una forma de terminación del vínculo negocial ajena a una u otra de las hipótesis esbozadas, esto es, al margen de lo convenido por los contratantes o de lo regulado en la ley, evidenciaría, de manera palpable, un incumplimiento de la relación referida"" (SC3675-2021, p. 22). Además, se considera ""incumplimiento relevante"" cuando se termina un contrato sin preaviso o incumpliendo requisitos legales (SC3675-2021, p. 22). Para determinar la existencia de un incumplimiento, pueden valorarse circunstancias como la evidencia de mala fe o fraude en el comportamiento contractual del incumplido (SC5569-2019, p. 49).

2.  **PREMISA MENOR:**
    En el caso de un contrato que contiene tanto causales de terminación específicas como una cláusula general de ""incumplimiento grave"", una conducta que no esté explícitamente listada entre las causales específicas puede, no obstante, permitir la resolución del vínculo. Esto ocurre si dicha conducta se enmarca dentro de la definición de ""incumplimiento grave"" de la cláusula general, al representar una desviación de lo convenido por las partes o de lo regulado en la ley. La jurisprudencia indica que tal desviación constituye un incumplimiento de la relación contractual, y su relevancia o gravedad puede ser evaluada considerando factores como la mala fe o el fraude del contratante incumplido.

3.  **CONCLUSIÓN:**
    Por lo tanto, si una conducta no está específicamente listada como causal de terminación, pero se subsume en una cláusula general de ""incumplimiento grave"", sí puede permitir resolver el vínculo contractual. Para ello, la conducta debe ser considerada un incumplimiento relevante por apartarse de lo pactado o de la ley, y su gravedad puede ser determinada por el juez, quien podrá considerar, entre otras circunstancias, la existencia de mala fe o fraude.",1,
55,¿Qué efectos tiene sobre la exigibilidad de la obligación una cláusula que supedita el pago a la satisfacción subjetiva del acreedor respecto del resultado obtenido?,No encontrado en el corpus. El contexto recuperado no contiene información suficiente para responder.,"SILOGISMO JURÍDICO:

1.  **PREMISA MAYOR:**
    Según el contexto recuperado, en las obligaciones de resultado, el deudor puede garantizar que el acreedor obtenga un ""resultado o logro concreto"" o ""efecto preciso"" que constituye su ""interés primario"", ya que el componente aleatorio es exiguo. En estos casos, el deudor debe alcanzar la ""consecuencia concreta"" que se espera de su actuar. Para acreditar el incumplimiento, basta al demandante alegar que ""no se alcanzó el efecto concreto pretendido con la prestación incumplida"", y el ""simple hecho de la no satisfacción del acreedor"" (entendida como la no consecución de dicho efecto concreto) permite presumir la inejecución. El derecho a exigir el cumplimiento de la prestación surge de la ""exigibilidad de la obligación pactada en el contrato"" y de su ""certeza jurídica"".

2.  **PREMISA MENOR:**
    Una cláusula que supedita el pago a la satisfacción *subjetiva* del acreedor respecto del resultado obtenido introduce un criterio de cumplimiento que difiere del ""resultado o logro concreto"" o ""efecto preciso"" que el deudor puede garantizar en una obligación de resultado. La ""satisfacción del acreedor"" a la que se refiere el contexto está intrínsecamente ligada a la consecución de un ""efecto concreto pretendido"", no a una apreciación puramente personal o arbitraria. Al introducir una condición subjetiva, se desvirtúa la objetividad del resultado garantizado y la ""certeza jurídica"" de la obligación pactada, haciendo que la exigibilidad del pago dependa de un factor no objetivable y potencialmente ajeno al control del deudor sobre el ""logro de un efecto preciso"".

3.  **CONCLUSIÓN:**
    Por lo tanto, una cláusula que supedita el pago a la satisfacción subjetiva del acreedor respecto del resultado obtenido, si no se vincula a la consecución de un ""resultado o logro concreto"" objetivamente verificable, podría afectar la exigibilidad de la obligación al introducir un elemento de arbitrio que contradice la naturaleza de las obligaciones de resultado, donde el deudor garantiza un ""efecto preciso"" y la exigibilidad se basa en la obligación pactada y su certeza jurídica.",1,
56,"¿Cómo debe analizarse la validez de una obligación contractual cuyo objeto fue descrito de forma genérica, sin parámetros suficientes para individualizar la prestación?","Para analizar una obligación contractual cuyo objeto fue descrito de forma genérica, sin parámetros suficientes para individualizar la prestación, el contexto recuperado indica que:

1.  Existe la necesidad de que se individualice el riesgo asegurado. El asegurador solo está obligado a resarcir un daño o cumplir la prestación convenida si ocurre el evento previsto, en el marco de un riesgo debidamente determinado.
2.  La enumeración de los riesgos y la extensión de la cobertura debe apreciarse literal, restrictiva o limitativamente, por lo que no es admisible la interpretación analógica ni extensiva de la póliza para determinar el riesgo asegurado.
3.  Las exclusiones deben ser definidas de forma taxativa y expresa al momento de contratar.

[SENTENCIA | Sentencias | sc3893_2020_clase_de_actuación_recurso_de_casación_tipo_de_providencia_sentencia_fecha_19_10_2020_po_711485_número_de_pr | página 20]
[SENTENCIA | Sentencias | sc487_2022_clase_de_actuación_recurso_de_casación_tipo_de_providencia_sentencia_fecha_04_04_2022_pon_764531_número_de_pr | página 41]","SILOGISMO JURÍDICO:

1.  **PREMISA MAYOR**: En el Derecho Contractual Civil Colombiano, para la validez y determinación del alcance de las obligaciones, es fundamental que el objeto del contrato, los riesgos asegurados o las exclusiones sean individualizados, definidos de forma literal, restrictiva, limitativa, taxativa y expresa al momento de contratar. No es admisible la interpretación analógica ni extensiva para determinar el riesgo asegurado o el contenido y alcance de la prestación, ya que esto podría generar un grave desequilibrio en el conjunto de las obligaciones de las partes (SC3893_2020, página 20; SC487_2022, página 41; SC4786_2020, página 25).

2.  **PREMISA MENOR**: La pregunta plantea una obligación contractual cuyo objeto fue descrito de forma genérica, sin parámetros suficientes para individualizar la prestación. Esta descripción genérica impide la individualización, la definición taxativa y expresa, y la apreciación literal y restrictiva que la jurisprudencia exige para determinar el contenido y alcance de las obligaciones contractuales.

3.  **CONCLUSIÓN**: Con base en el contexto recuperado, una obligación contractual cuyo objeto fue descrito de forma genérica, sin parámetros suficientes para individualizar la prestación, no sería válida o, en su defecto, su alcance sería ineficaz o indeterminable, al contravenir la exigencia de individualización y definición expresa y restrictiva del objeto contractual.",1,
57,"En un contrato bilateral, ¿qué condiciones deben concurrir para invocar válidamente la excepción de contrato no cumplido?","En un contrato bilateral, para invocar válidamente la excepción de contrato no cumplido, las condiciones que deben concurrir, según el artículo 1609, son que ninguno de los contratantes está en mora, dejando de cumplir lo pactado, mientras el otro no lo cumpla por su parte, o no se allane a cumplirlo en la forma y tiempo debidos.

[SENTENCIA | Sentencias | sc3375_2021_clase_de_actuación_recurso_de_casación_tipo_de_providencia_sentencia_fecha_01_09_2021_po_742707_número_de_pr | página 40]","SILOGISMO JURÍDICO:

1.  **PREMISA MAYOR:**
    En los contratos bilaterales, el artículo 1609 del Código Civil establece que ""ninguno de los contratantes está en mora, dejando de cumplir lo pactado, mientras el otro no lo cumpla por su parte, o no se allane a cumplirlo en la forma y tiempo debidos"" ([SENTENCIA | sc3375_2021 | página 40]). Esta disposición fundamenta la excepción de contrato no cumplido y es aplicable en el derecho contractual civil colombiano ([SENTENCIA | sc3159_2022 | página 10]).

2.  **PREMISA MENOR:**
    Para invocar válidamente la excepción de contrato no cumplido, la parte que la propone debe demostrar que la contraparte, quien exige el cumplimiento o la resolución del contrato, no ha cumplido sus propias obligaciones o no se ha allanado a cumplirlas en la forma y tiempo debidos. El contexto recuperado ([SENTENCIA | sc3375_2021 | página 40]) aclara que si el demandante ya cumplió sus obligaciones, la excepción no procede. Por lo tanto, la excepción opera cuando la parte que demanda no ha cumplido o no ha ofrecido cumplir sus prestaciones recíprocas.

3.  **CONCLUSIÓN:**
    En un contrato bilateral, para invocar válidamente la excepción de contrato no cumplido, es necesario que la parte que demanda el cumplimiento o la resolución del contrato no haya cumplido sus propias obligaciones *o* no se haya allanado a cumplirlas en la forma y tiempo debidos.",2,
58,¿Cómo se distingue entre imposibilidad sobreviniente y simple dificultad económica en el cumplimiento de una obligación contractual?,"La distinción entre imposibilidad sobrevenida y simple dificultad de cumplimiento radica en que la imposibilidad sobrevenida es una situación impeditiva del cumplimiento que incide directamente sobre el contenido de la prestación, intrínsecamente considerada, y que no resulta superable ni susceptible de ser vencida por las fuerzas humanas. La responsabilidad puede ser excluida solo por una imposibilidad sobrevenida ""no imputable"" al deudor.

Por otro lado, la simple dificultad de cumplimiento no es suficiente para excluir la responsabilidad, pues en este evento se impone al deudor que realice un ""esfuerzo"" para cumplir, inclusive superior al que se necesita. Un evento debe ser irresistible, en el sentido de que haya colocado al deudor en la imposibilidad absoluta (no simplemente en la dificultad ni en la imposibilidad relativa) de ejecutar la obligación.

Citas:
*   [SENTENCIA | Sentencias | sc2850_2022_clase_de_actuación_recurso_de_casación_tipo_de_providencia_sentencia_fecha_25_10_2022_po_784543_número_de_pr | página 58]
*   [SENTENCIA | Sentencias | sc5185_2021_clase_de_actuación_recurso_de_casación_tipo_de_providencia_sentencia_fecha_26_11_2021_po_751932_número_de_pr | página 75]","SILOGISMO JURÍDICO:

1.  **PREMISA MAYOR:**
    Según la doctrina y la jurisprudencia de la Corte Suprema de Justicia, la responsabilidad contractual puede ser excluida únicamente por una imposibilidad sobrevenida que no sea imputable al deudor. Esta imposibilidad se define como una situación impeditiva del cumplimiento que incide directamente sobre el contenido de la prestación, intrínsecamente considerada, y que no resulta superable ni susceptible de ser vencida por las fuerzas humanas [SC2850_2022, p. 58]. Para que un hecho constituya una excusa para el incumplimiento, debe reunir los siguientes caracteres: a) no ser imputable al deudor; b) no haber concurrido con culpa de este; c) ser irresistible, en el sentido de que haya colocado al deudor en la imposibilidad absoluta (no simplemente en la dificultad ni en la imposibilidad relativa) de ejecutar la obligación; y d) haber sido imprevisible, es decir, que no haya sido suficientemente probable para que el deudor debiera razonablemente precaverse contra él [SC5185_2021, p. 75]. La simple dificultad de cumplimiento no es suficiente para eximir de responsabilidad, pues en este evento se impone al deudor la obligación de realizar un ""esfuerzo"" para cumplir, inclusive superior al que se necesita ordinariamente [SC2850_2022, p. 58].

2.  **PREMISA MENOR:**
    La pregunta busca distinguir entre imposibilidad sobreviniente y simple dificultad económica en el cumplimiento de una obligación contractual. Conforme a la premisa mayor, la imposibilidad sobreviniente es una barrera absoluta, irresistible, imprevisible y no imputable que hace objetivamente irrealizable la prestación, es decir, que no puede ser superada ni vencida por las fuerzas humanas. Por el contrario, la simple dificultad económica, aunque pueda representar un obstáculo para el deudor, no alcanza el umbral de la imposibilidad absoluta e irresistible. El contexto enfatiza que la ""simple dificultad de cumplimiento"" no exime de responsabilidad, sino que, por el contrario, exige al deudor realizar un ""esfuerzo"" para cumplir, incluso si este es superior al que normalmente se necesitaría. Una dificultad económica, por grave que sea, generalmente no se considera una situación ""no superable ni susceptible de ser vencida por las fuerzas humanas"" en el sentido de una imposibilidad absoluta, ya que, por su naturaleza, suele ser un obstáculo relativo que, con un esfuerzo adicional o una gestión diferente, podría ser superado, a diferencia de una imposibilidad que afecta intrínsecamente la prestación y la hace objetivamente irrealizable para cualquier deudor.

3.  **CONCLUSIÓN:**
    La distinción fundamental entre imposibilidad sobreviniente y simple dificultad económica en el cumplimiento de una obligación contractual radica en que la imposibilidad sobreviniente es una situación absoluta, irresistible, imprevisible y no imputable que hace objetivamente irrealizable la prestación, eximiendo de responsabilidad al deudor. En contraste, la simple dificultad económica, aunque pueda complicar el cumplimiento, no alcanza el carácter de imposibilidad absoluta, exigiendo al deudor un esfuerzo, incluso superior, para ejecutar la obligación, y no lo exime de su responsabilidad contractual.",1,
59,"Si una parte alega fuerza mayor por hechos previsibles pero irresistibles, ¿qué examen jurídico debe hacerse para determinar si realmente se exonera de responsabilidad?","Para determinar si un hecho alegado como fuerza mayor exonera de responsabilidad, se debe realizar un examen jurídico para establecer si cumple con los requisitos de imprevisibilidad e irresistibilidad.

La Corte ha establecido que ""Imprevisibilidad e irresistibilidad son, pues, los dos elementos que, in casu, permiten calificar la vis maior o casus fortuitus"" [SENTENCIA | Sentencias | sc5185_2021... | página 74]. Para que un hecho sea considerado fuerza mayor o caso fortuito, ""es necesario que, de una parte, no exista manera de contemplar su ocurrencia en condiciones de normalidad... y, de la otra, que sea inevitable, fatal o ineludible"" [SENTENCIA | Sentencias | sc5185_2021... | página 74].

Cuando un contratante pretende alegar un hecho como factor exonerante de responsabilidad, ""deberá probar que tal hecho fue imprevisible e irresistible"" [SENTENCIA | Sentencias | sc5185_2021... | página 76]. Si un hecho no cumple los requisitos de imprevisibilidad e irresistibilidad, ""no califica como fuerza mayor y caso fortuito"" [SENTENCIA | Sentencias | sc5185_2021... | página 73].

Por lo tanto, si una parte alega fuerza mayor por hechos previsibles, no se cumpliría con el requisito de imprevisibilidad, que es uno de los dos elementos esenciales para calificar la figura jurídica de fuerza mayor. La evaluación de la fuerza mayor ""no es meramente formal, ni cuestión de simples denominaciones o nomenclaturas, sino que exige el minucioso examen de las razones"" [SENTENCIA | Sentencias | sc5125_2020... | página 28] para establecer si corresponden a los factores que provocan el rompimiento del nexo causal.","SILOGISMO JURÍDICO:

1.  **PREMISA MAYOR:**
    Según el Derecho Contractual Civil Colombiano, la fuerza mayor es un eximente de responsabilidad que se configura por un hecho o fenómeno que cumple con dos elementos esenciales: la imprevisibilidad y la irresistibilidad. La Corporación ha doctrinado que la fuerza mayor es un hecho o fenómeno ""que no es posible prever, cuyos efectos son irresistibles y que además son ajenos al comportamiento o actividad desplegada por la persona a quien se le quiere atribuir responsabilidad"" (SC4786_2020, página 44). La jurisprudencia reitera que ""Imprevisibilidad e irresistibilidad son, pues, los dos elementos que, in casu, permiten calificar la vis maior o casus fortuitus"" (SC5185_2021, página 74). En consecuencia, para que un hecho sea considerado fuerza mayor, debe ser ""imprevisible e irresistible, pues ‘...en tanto sea posible prever la realización de un hecho susceptible de oponerse a la ejecución de un contrato, y que este evento pueda evitarse con diligencia y cuidado, no hay caso fortuito ni fuerza mayor"" (SC5185_2021, página 76).

2.  **PREMISA MENOR:**
    En el caso planteado, la parte alega fuerza mayor por hechos que son ""previsibles pero irresistibles"". Al realizar el examen jurídico, se debe verificar si el hecho cumple con ambos requisitos de la fuerza mayor. Dado que el hecho es calificado como ""previsible"", incumple uno de los dos elementos esenciales y concurrentes exigidos por la jurisprudencia para la configuración de la fuerza mayor: la imprevisibilidad. La previsibilidad de un evento, incluso si sus efectos son irresistibles, impide que se le considere fuerza mayor, ya que la posibilidad de preverlo implica que no se presenta ""de súbito o en forma intempestiva"" (SC5185_2021, página 74). Un ejemplo de esto se encuentra en el contexto, donde un hecho más grave ya había ocurrido, lo que ""tornó en previsible que algo similar pudiera volver a pasar"", descartando así la imprevisibilidad y, por ende, la calificación de fuerza mayor (SC5185_2021, página 73).

3.  **CONCLUSIÓN:**
    Si una parte alega fuerza mayor por hechos previsibles pero irresistibles, el examen jurídico debe determinar que, al carecer del elemento de imprevisibilidad, dicho evento no califica como fuerza mayor o caso fortuito y, por lo tanto, no exonera de responsabilidad a la parte que lo alega.",1,
60,"En un contrato civil de larga duración, ¿puede la alteración extraordinaria de circunstancias justificar adaptación o terminación, y bajo qué presupuestos argumentativos?","La alteración de circunstancias puede justificar la terminación de un contrato. Específicamente, la resolución del contrato puede ocurrir cuando un evento ""posterior a la formacion del contrato, que de algun modo altere las relaciones entre las partes tal como se habian constituido originariamente, o perturbe el normal desarrollo (ejecucion del contrato), de manera que este no pueda continuar existiendo, porque se ha modificado o en absoluto se ha roto, aquella composicion de intereses, cuya expresion constituye el contrato, y ala cual las partes han hecho referenda al celebrarlo. Por tanto, la resolucion pone fin (ex nunc) al contrato"".

Como presupuesto argumentativo, el contexto también menciona una ""situacion de «estancamiento contractual, irresoluble con la institucion del mutuo disenso, o con las tradicionales alternativas del articulo 1546»"".

El contexto recuperado no especifica que estas condiciones apliquen exclusivamente a un ""contrato civil de larga duración"", refiriéndose a ""el contrato"" de manera general. Tampoco se menciona explícitamente la ""adaptación"" del contrato como una consecuencia de la alteración de circunstancias, sino la ""resolución"" que le pone fin.

[SENTENCIA | Sentencias | sc3666_2021_clase_de_actuación_recurso_de_casación_tipo_de_providencia_sentencia_fecha_25_08_2021_po_742226_número_de_pr | página 88]
[SENTENCIA | Sentencias | sc3666_2021_clase_de_actuación_recurso_de_casación_tipo_de_providencia_sentencia_fecha_25_08_2021_po_742226_número_de_pr | página 152]","**PREMISA MAYOR:**
Según el contexto recuperado, la resolución de un contrato puede ocurrir cuando un evento posterior a su formación altera las relaciones entre las partes o perturba su normal desarrollo, de tal manera que el contrato no puede continuar existiendo debido a la modificación o ruptura de la composición de intereses original. En este escenario, la resolución pone fin al contrato (SC3666-2021, p. 88). Las partes también pueden regular contractualmente las causas para suspender o terminar el contrato (SC3689-2021, p. 8). Sin embargo, el contexto no vislumbra la supuesta situación de ""estancamiento contractual, irresoluble con la institución del mutuo disenso, o con las tradicionales alternativas del artículo 1546"" como una justificación (SC3666-2021, p. 152).

**PREMISA MENOR:**
La pregunta indaga si una alteración extraordinaria de circunstancias puede justificar la adaptación o terminación de un contrato civil de larga duración. El contexto establece que un evento posterior a la formación del contrato que altere las relaciones o perturbe su ejecución de modo que no pueda continuar existiendo, puede dar lugar a la resolución (terminación). Esto implica que una alteración de circunstancias que rompa la composición de intereses original es un fundamento para la terminación. No obstante, el contexto no menciona la ""adaptación"" como una consecuencia de tales circunstancias, sino la ""resolución"". Además, se descarta la validez de la ""supuesta situación de estancamiento contractual, irresoluble con el mutuo disenso o el artículo 1546"" como un argumento para la oficiosidad.

**CONCLUSIÓN:**
Sí, una alteración extraordinaria de circunstancias posterior a la formación de un contrato civil de larga duración puede justificar su terminación (resolución), siempre que dicha alteración modifique o rompa la composición de intereses original y perturbe el normal desarrollo del contrato de tal manera que este no pueda continuar existiendo. El contexto no reconoce la situación de ""estancamiento contractual irresoluble"" como un fundamento adicional para ello, ni se refiere explícitamente a la ""adaptación"" como una consecuencia directa de estas circunstancias. La posibilidad de terminación también puede estar sujeta a las causas reguladas por las partes en el propio contrato.",2,
61,"¿Qué valor tienen los borradores, minutas y comunicaciones precontractuales para interpretar una cláusula ambigua del contrato definitivo?",No encontrado en el corpus. El contexto recuperado no contiene información suficiente para responder.,"SILOGISMO JURÍDICO:

1.  **PREMISA MAYOR**: Para la interpretación de los contratos, los postulados consultan tanto elementos subjetivos, como la intención de las partes, como objetivos, concernientes con las declaraciones regulatorias del acto jurídico. El artículo 1618 del Código Civil establece que la intención de los contratantes prevalece sobre lo literal de las palabras, cuando aquella está claramente establecida. En caso de no poder aplicarse ninguna de las reglas precedentes de interpretación, las cláusulas ambiguas se interpretarán a favor del deudor, conforme al Artículo 1624 del Código Civil.

2.  **PREMISA MENOR**: La pregunta busca determinar el valor de los borradores, minutas y comunicaciones precontractuales para interpretar una cláusula ambigua. Si bien el contexto recuperado resalta la importancia de la ""intención de los contratantes"" como un elemento subjetivo fundamental para la interpretación contractual, y su prevalencia cuando está claramente establecida (Artículo 1618), el contexto *no menciona explícitamente* los ""borradores, minutas y comunicaciones precontractuales"" ni les atribuye un valor específico como elementos para establecer dicha intención o para la interpretación de cláusulas ambiguas.

3.  **CONCLUSIÓN**: Basándose *únicamente* en el contexto recuperado, no es posible determinar el valor específico de los borradores, minutas y comunicaciones precontractuales para interpretar una cláusula ambigua del contrato definitivo, dado que el contexto no los refiere ni les asigna un valor particular. Lo que sí se establece es que la intención de los contratantes, cuando está claramente establecida, prevalece sobre lo literal de las palabras, y en su defecto, las cláusulas ambiguas se interpretan a favor del deudor.",2,
62,"Si una cláusula indica que el incumplimiento será determinado “a juicio razonable” de una de las partes, ¿cómo se controla jurídicamente esa discrecionalidad?",No encontrado en el corpus. El contexto recuperado no contiene información suficiente para responder.,"SILOGISMO JURÍDICO:

1.  **PREMISA MAYOR:** Si bien los contratos son fruto de la autonomía privada, esta se encuentra circunscrita y limitada por un férreo marco de intervención para garantizar el interés general. En este contexto, corresponde al juez investigar si una cláusula litigiosa ha sido verdaderamente aceptada por las partes o si su inserción constituye una trampa para una de ellas. Además, en situaciones de incumplimiento contractual, especialmente si es recíproco, el juez tiene la obligación de resolver el contrato, incluso si no ha sido peticionado por las partes, para evitar que el contrato quede definitivamente estancado y pierda su exigibilidad.

2.  **PREMISA MENOR:** Una cláusula que otorga a una de las partes la facultad de determinar el incumplimiento ""a juicio razonable"" implica un ejercicio de discrecionalidad que, aunque pactado, no escapa al control judicial. El juez, en su rol de garante del interés general y de la equidad contractual, debe investigar si esta cláusula fue genuinamente aceptada por ambas partes y si su aplicación por la parte facultada se realiza de manera verdaderamente razonable y no constituye una ""trampa"" o un abuso de dicha discrecionalidad. La intervención judicial es crucial para asegurar que la determinación del incumplimiento no sea unilateral y arbitraria, y para resolver cualquier estancamiento contractual que pudiera derivarse de un ejercicio indebido de esta facultad.

3.  **CONCLUSIÓN:** La discrecionalidad otorgada por una cláusula que indica que el incumplimiento será determinado “a juicio razonable” de una de las partes se controla jurídicamente mediante la investigación y el escrutinio judicial. El juez tiene la obligación de examinar si la cláusula fue verdaderamente aceptada y si su aplicación no constituye una trampa o un ejercicio abusivo de la discrecionalidad, pudiendo intervenir para resolver el contrato si se evidencia un incumplimiento o un uso indebido de dicha facultad, garantizando así el equilibrio contractual y el interés general.",1,
63,¿Cómo se articula la responsabilidad precontractual cuando una parte rompe negociaciones avanzadas luego de haber generado confianza legítima en la celebración del contrato?,"La responsabilidad precontractual o culpa in contrahendo se articula cuando una entidad desatiende injustificadamente las obligaciones de buena fe precontractual, información y consejo. Esto puede llevar a que sea responsable extracontractualmente por la violación de derechos como la debida diligencia, información, confianza legítima, buena fe y seguridad.

[SENTENCIA | Sentencias | sc3159_2022_clase_de_actuación_recurso_de_casación_tipo_de_providencia_sentencia_fecha_30_09_2022_po_781497_número_de_pr | página 1]","SILOGISMO JURÍDICO:

1.  **PREMISA MAYOR:**
    La jurisprudencia establece que el deber de adecuar el comportamiento a la buena fe y a la ética convencional se extiende ""desde la etapa precontractual hasta la finalización de lo estipulado"", implicando que las partes deben evitar conductas constitutivas de abuso del derecho (SC3675_2021, p. 28). En este contexto, la responsabilidad precontractual o ""culpa in contrahendo"" se articula por el ""desatender injustificadamente las obligaciones de buena fe precontractual, información y consejo"" y por la ""violación de los derechos del consumidor financiero a la debida diligencia, información, confianza legítima, buena fe, seguridad"" (SC3159_2022, p. 1). Esta responsabilidad es de naturaleza extracontractual (SC2879_2022, p. 45) y la defraudación de la confianza otorgada va en contra del principio de buena fe (SC5430_2021, p. 44). La evaluación de la culpabilidad se rige por el factor de imputación subjetivo, considerando la especial diligencia y los conocimientos que el agente debía tener sobre el contexto (SC2879_2022, p. 45).

2.  **PREMISA MENOR:**
    Cuando una parte rompe negociaciones avanzadas después de haber generado confianza legítima en la celebración del contrato, su conducta puede ser calificada como un ""desatender injustificadamente las obligaciones de buena fe precontractual"" y una ""violación de la confianza legítima"" generada. Esta acción contraviene el deber de actuar con buena fe y ética desde la etapa precontractual, pudiendo constituir un abuso del derecho. La evaluación de esta ruptura injustificada de las negociaciones implicará analizar si la parte que las interrumpió cumplió con el patrón de conducta y la diligencia esperada, considerando el nivel de avance de las ""charlas precontractuales"" y la confianza depositada.

3.  **CONCLUSIÓN:**
    La responsabilidad por romper negociaciones avanzadas tras haber generado confianza legítima en la celebración del contrato se articula como responsabilidad precontractual o ""culpa in contrahendo"", de carácter extracontractual. Esta surge del incumplimiento injustificado del deber de buena fe y ética que rige la etapa precontractual, y de la defraudación de la confianza legítima generada, siendo la imputación de la culpa determinada por la diligencia y el comportamiento esperado de la parte que interrumpe las negociaciones.",1,
64,"En un contrato de transporte civil entre particulares, ¿qué criterios permiten imputar responsabilidad por pérdida parcial de la cosa transportada cuando hubo embalaje defectuoso del remitente?","En un contrato de transporte civil entre particulares, el contexto recuperado no menciona explícitamente criterios para imputar responsabilidad por pérdida parcial de la cosa transportada cuando hubo embalaje defectuoso del remitente.

Sin embargo, el Artículo 2075 del Código Civil establece que el que ha contratado con el acarreador para el transporte de una carga es obligado al resarcimiento de daños ocasionados por el vicio de la carga.

[NORMA | Codigo_Civil | Ley desconocida | Artículo 2075 | codigo_civil_intro_rag]","SILOGISMO JURÍDICO:

1.  **PREMISA MAYOR:**
    El Artículo 2075 del Código Civil establece que el contratante del transporte de una carga es obligado al resarcimiento de daños ocasionados por el vicio de la carga. Por su parte, la jurisprudencia de la Corte Suprema de Justicia ha decantado que la obligación del acarreador no es de medios, sino de resultado, presumiéndosele en falta por la infracción del débito prestacional contraído. Para exonerarse, el acarreador debe probar la concurrencia de alguna de las causales eximentes o riesgos exceptuados, como los definidos en los artículos 1609 y 1619 del Código de Comercio, que incluyen culpas náuticas, incendio (salvo culpa del transportador), peligros de mar o aguas navegables, y fuerza mayor. La obligación de transporte es compleja e incluye el traslado de mercancías en las mismas condiciones, su custodia y conservación, y la entrega en destino.

2.  **PREMISA MENOR:**
    La pregunta busca criterios para imputar responsabilidad por pérdida parcial de la cosa transportada en un contrato de transporte civil entre particulares, específicamente cuando hubo embalaje defectuoso del remitente. El contexto recuperado indica que el contratante del transporte (remitente) es responsable por los daños ocasionados ""por el vicio de la carga"" según el Artículo 2075 del Código Civil. Sin embargo, el contexto no proporciona una definición de ""vicio de la carga"" ni establece explícitamente que un ""embalaje defectuoso atribuible al remitente"" se encuadre dentro de dicho concepto. Por lo tanto, el contexto no ofrece criterios específicos que permitan imputar responsabilidad al remitente por el ""embalaje defectuoso"" como tal. En cuanto al transportador, se presume su responsabilidad por la pérdida, a menos que pruebe una de las causales de exoneración mencionadas en el Código de Comercio, entre las cuales no se incluye el embalaje defectuoso del remitente.

3.  **CONCLUSIÓN:**
    Basándose *únicamente* en el contexto recuperado, no se proporcionan criterios explícitos que permitan imputar responsabilidad por ""embalaje defectuoso del remitente"" en un contrato de transporte civil entre particulares. El contexto solo establece que el remitente es responsable por los daños ocasionados ""por el vicio de la carga"" (Artículo 2075 del Código Civil), sin definir este concepto ni vincularlo directamente con el embalaje defectuoso. La responsabilidad del transportador se presume por la pérdida, salvo que demuestre una de las causales eximentes previstas en el Código de Comercio, las cuales no incluyen el embalaje defectuoso del remitente.",2,
65,¿Qué efectos genera la cesión de un crédito litigioso cuando el deudor no fue oportunamente notificado y paga al acreedor original?,"Cuando el deudor no ha sido notificado por el cesionario o no ha aceptado la cesión, esta no produce efecto contra el deudor ni contra terceros.

Cita: Artículo 1960 del Código Civil.","SILOGISMO JURÍDICO:

1.  **PREMISA MAYOR:**
    El Artículo 1960 del Código Civil Colombiano establece que la cesión de un crédito no produce efecto contra el deudor ni contra terceros mientras no haya sido notificada por el cesionario al deudor o aceptada por este. La jurisprudencia de la Corte Suprema de Justicia ha precisado que, aunque la cesión es válida entre cedente y cesionario con la entrega del título, la falta de notificación al deudor cedido no implica que la cesión sea ""imperfecta o inexistente"" entre ellos, sino que suspende sus efectos frente al deudor y terceros.

2.  **PREMISA MENOR:**
    En el escenario planteado, el deudor no fue oportunamente notificado de la cesión del crédito litigioso. Al no haberse cumplido con el requisito de la notificación o aceptación por parte del deudor, la cesión no ha producido efectos contra él. En consecuencia, para el deudor, el acreedor original (cedente) sigue siendo el titular legítimo del crédito. Si el deudor, en esta situación, realiza el pago al acreedor original, lo hace a quien considera su acreedor válido, sin que la cesión le sea oponible.

3.  **CONCLUSIÓN:**
    Si el deudor de un crédito litigioso no fue oportunamente notificado de su cesión y realiza el pago al acreedor original (cedente), dicho pago es plenamente válido y liberatorio para el deudor, ya que la cesión no produce efectos contra él hasta que no sea notificada o aceptada, conforme a lo dispuesto en el Artículo 1960 del Código Civil Colombiano.",1,
66,¿Cómo debe analizarse una cesión de posición contractual cuando el contrato base guarda silencio sobre su posibilidad?,No encontrado en el corpus. El contexto recuperado no contiene información suficiente para responder.,"SILOGISMO JURÍDICO:

1.  **PREMISA MAYOR:**
    La cesión de contrato es una figura jurídica por la cual el contratante cedente es sustituido por un tercero (cesionario) en la totalidad o en parte de las relaciones derivadas del contrato. Esta figura aplica a contratos de ejecución periódica, sucesiva o prolongada en el tiempo y, por excepción, a los de ejecución instantánea con prestaciones pendientes de cumplir, conforme al artículo 887 del Código de Comercio. Los efectos de la cesión se producen entre cedente y cesionario desde su celebración, y respecto del contratante cedido y de terceros, solo desde la notificación o aceptación, salvo lo previsto en el inciso tercero del artículo 888 del Código de Comercio (Artículo 894 del Código de Comercio).

2.  **PREMISA MENOR:**
    La pregunta plantea cómo analizar una cesión de posición contractual cuando el contrato base guarda silencio sobre su posibilidad. El contexto recuperado describe la figura de la cesión de contrato y su ámbito de aplicación legal (artículo 887 del Código de Comercio), así como los momentos en que produce efectos (artículo 894 del Código de Comercio). Sin embargo, el contexto no establece que la validez o posibilidad de la cesión dependa de una estipulación expresa en el contrato base que la autorice. Por el contrario, la descripción de la cesión como una figura que ""aplica a contratos"" de ciertas características sugiere que es una institución legalmente reconocida y disponible para dichos contratos, sin que su ejercicio esté condicionado a una previsión contractual específica, a menos que exista una prohibición expresa en el contrato o en la ley.

3.  **CONCLUSIÓN:**
    Cuando el contrato base guarda silencio sobre la posibilidad de una cesión de posición contractual, esta debe analizarse como una figura legalmente permitida y aplicable a los contratos que cumplen con las características establecidas en el artículo 887 del Código de Comercio (ejecución periódica, sucesiva, prolongada o instantánea con prestaciones pendientes), sin que el silencio contractual sea un impedimento para su realización. Los efectos de dicha cesión se regirán por lo dispuesto en el artículo 894 del Código de Comercio, es decir, entre cedente y cesionario desde su celebración, y respecto del contratante cedido y terceros, desde la notificación o aceptación.",1,
67,"Si un contrato de arras no aclara si estas son confirmatorias, penitenciales o penales, ¿qué criterios permiten calificar su naturaleza jurídica?",No encontrado en el corpus. El contexto recuperado no contiene información suficiente para responder.,"SILOGISMO JURÍDICO:

1.  **PREMISA MAYOR:**
    La interpretación de los contratos y la determinación de la naturaleza jurídica de sus cláusulas, cuando estas no son explícitas, se fundamenta en la reconstrucción de la recíproca intención de las partes. Para ello, es forzoso apreciar, entre muchos otros factores, el entorno cultural, social, económico, político, geográfico y temporal en una perspectiva retrospectiva y prospectiva. Esto implica considerar no solo la celebración, ejecución y conducta práctica negocial, sino también la fase prodrómica, de gestación o formación del contrato, teniendo en cuenta que los actos, tratos o conversaciones preliminares, una vez formado el consentimiento, son parte integrante de él y sirven como medios auxiliares para interpretar la verdadera intención de las partes. Asimismo, las circunstancias en las cuales se configura el pacto son determinantes a efectos de establecer la intención que lo detonó, siendo indispensable auscultar ""las circunstancias en que se realiza"" (Sentencia SC5185-2021, página 23; Sentencia SC575-2022, página 47).

2.  **PREMISA MENOR:**
    En el escenario de un contrato de arras que no especifica si estas son confirmatorias, penitenciales o penales, la calificación de su naturaleza jurídica no puede derivarse de una estipulación expresa. Por consiguiente, para determinar la clase de arras, es necesario indagar la verdadera intención de las partes. Esta intención se debe inferir de un análisis exhaustivo de todas las circunstancias que rodearon la negociación y celebración del contrato, la conducta de las partes antes y durante su ejecución, y el contexto general en el que se inserta el acuerdo, tal como lo establecen los criterios de interpretación contractual.

3.  **CONCLUSIÓN:**
    Para calificar la naturaleza jurídica de unas arras que no aclaran si son confirmatorias, penitenciales o penales, los criterios determinantes son la intención recíproca de las partes, la cual debe ser auscultada a través de la valoración de todas las circunstancias que rodearon la gestación, celebración y ejecución del contrato, incluyendo los actos y conversaciones preliminares, así como el entorno general del pacto.",1,
68,¿Cómo se evalúa la eficacia de una cláusula de renovación automática cuando no establece mecanismo claro de oposición ni plazo razonable para manifestarla?,No encontrado en el corpus. El contexto recuperado no contiene información suficiente para responder.,"SILOGISMO JURÍDICO:

1.  **PREMISA MAYOR:** La jurisprudencia colombiana establece que las actuaciones contractuales, como la terminación, pueden ser declaradas ""ineficaz[ces] por extemporánea[s]"" si no se ejercen dentro de un plazo adecuado (SC575-2022). Asimismo, las declaraciones de voluntad unilateral, aunque puedan ser ""ad nutum"", no eximen al contratante del deber constitucional y legal de no abusar de sus derechos (art. 95-1 C. Pol. y 830 C. de Co.), siendo el abuso una conducta que trasciende el mero arbitrio y puede generar indemnización de perjuicios (SC3907-2021). En el ámbito contractual, se considera la necesidad de un ""periodo razonable y ajustado"" para valorar plazos de preaviso (SC3675-2021).

2.  **PREMISA MENOR:** Cuando una cláusula de renovación automática carece de un mecanismo claro de oposición y de un plazo razonable para manifestarla, se genera una incertidumbre que impide a las partes ejercer su derecho a no renovar de manera efectiva. Esta falta de claridad puede llevar a que cualquier intento de oposición sea considerado ""ineficaz por extemporánea"", al no existir un marco temporal o procedimental definido. Tal situación podría ser interpretada como una ""actuación abusiva y desleal"" por parte de quien se beneficia de la renovación automática, al dificultar o impedir el ejercicio de un derecho legítimo, contraviniendo el principio de no abuso de los derechos.

3.  **CONCLUSIÓN:** La eficacia de una cláusula de renovación automática que no establece un mecanismo claro de oposición ni un plazo razonable para manifestarla se ve seriamente comprometida. La ausencia de estas condiciones esenciales puede resultar en la ineficacia de cualquier intento de oposición por extemporaneidad y, además, podría configurar una conducta abusiva o desleal por parte de quien se beneficia de la ambigüedad, al obstaculizar el ejercicio de los derechos de la otra parte.",1,
69,"En un contrato de sociedad civil irregular, ¿qué problemas jurídicos surgen para determinar aportes, distribución de utilidades y responsabilidad entre asociados?",No encontrado en el corpus. El contexto recuperado no contiene información suficiente para responder.,"SILOGISMO JURÍDICO:

1.  **PREMISA MAYOR:**
    Para la existencia de una sociedad, deben concurrir íntegros sus elementos esenciales, a saber: la calidad de asociado, los aportes, y la participación o distribución de riesgos, pérdidas y utilidades (artículos 2079 Código Civil y 98 Código de Comercio), cohesionados en el acuerdo asociativo (animus contrahedae societatis). Sin la concurrencia de estos elementos, todos o uno, la sociedad es inexistente o degenera en un tipo negocial distinto (artículo 898 C. de Co) (página 36). Una vez constituida legalmente, la sociedad forma una persona jurídica distinta de los socios individualmente considerados (artículo 98, C. de Co), dotada de personificación normativa propia e independiente a la de sus asociados, lo que se traduce en su individuación, titularidad de derechos, atributos, autonomía patrimonial y responsabilidad personal, directa y exclusiva por sus actos, contratos y negocios (página 18). En una sociedad legalmente constituida, esta es titular de un patrimonio independiente al de sus asociados y responde por las obligaciones adquiridas en desarrollo de su objeto social, comprometiéndose los accionistas hasta el monto de sus aportes (página 97).

2.  **PREMISA MENOR:**
    En un contrato de sociedad civil irregular, la ""irregularidad"" implica que la sociedad no ha sido constituida legalmente o que sus elementos esenciales no concurren de manera íntegra o clara. Esta situación impide que la entidad forme una persona jurídica distinta de los socios individualmente considerados, lo que a su vez significa que carece de autonomía patrimonial y de una responsabilidad personal, directa y exclusiva como entidad separada. La ausencia de una constitución legal y la posible ambigüedad o falta de los elementos esenciales (como los aportes y la participación en utilidades y pérdidas) hacen que la entidad sea considerada inexistente o que degenere en un tipo negocial distinto, lo que directamente afecta la determinación de estos aspectos.

3.  **CONCLUSIÓN:**
    En un contrato de sociedad civil irregular, los problemas jurídicos para determinar los aportes, la distribución de utilidades y la responsabilidad entre asociados surgen de la falta de una constitución legal y la posible ausencia o ambigüedad de sus elementos esenciales. Al no constituir una persona jurídica distinta con autonomía patrimonial, se dificulta la clara definición y valoración de los aportes, así como la distribución de utilidades y pérdidas. Más importante aún, la ausencia de personificación jurídica propia e independiente implica que los asociados no gozan de la limitación de responsabilidad hasta el monto de sus aportes, enfrentando una responsabilidad directa y potencialmente ilimitada por las obligaciones de la entidad.",1,
70,¿Cuándo la aceptación tardía de una oferta puede entenderse como nueva oferta y no como perfeccionamiento del contrato originalmente propuesto?,No encontrado en el corpus. El contexto recuperado no contiene información suficiente para responder.,"SILOGISMO JURÍDICO:

1.  **PREMISA MAYOR:** El Derecho Contractual Civil Colombiano distingue claramente entre la oferta, la aceptación y la celebración o perfeccionamiento del contrato, siendo este último el momento en que el contrato ""nace a la vida jurídica"" (Corte Suprema de Justicia, Sala de Negocios Generales, providencia de 20 de septiembre de 1945, citada en SC397_2021, p. 42; SC5185_2021, p. 5). Si el contrato está en vía de perfeccionamiento, no se puede hablar de su existencia plena (SC397_2021, p. 42).

2.  **PREMISA MENOR:** La pregunta indaga sobre cuándo una aceptación tardía de una oferta puede entenderse como una nueva oferta y no como el perfeccionamiento del contrato originalmente propuesto. El contexto recuperado establece la distinción entre las etapas de oferta, aceptación y celebración del contrato, y que el contrato no ha nacido a la vida jurídica si no se ha perfeccionado. Sin embargo, el contexto no contiene una disposición o jurisprudencia que establezca explícitamente que una aceptación tardía de una oferta deba entenderse como una nueva oferta. Se menciona la posibilidad de ""abandono o dejación de la posibilidad de lograr la culminación del contrato"" (SC 23 feb. 2012, exp. 2007-00067-01, citada en sin_clase_de_actuación_publicación_especializada_tipo_de_providencia_publicación_especializada_fecha_776082_número_de_pr, p. 49), lo que implicaría que el contrato original no se perfecciona si la aceptación no es oportuna.

3.  **CONCLUSIÓN:** Basado únicamente en el contexto recuperado, no se encuentra una afirmación explícita que determine cuándo una aceptación tardía de una oferta se entiende como una nueva oferta. El contexto se limita a diferenciar la oferta, la aceptación y la celebración del contrato, y a señalar que el contrato no nace a la vida jurídica hasta su perfeccionamiento. Por lo tanto, si una aceptación no conduce al perfeccionamiento del contrato original, este simplemente no ha nacido a la vida jurídica, sin que el contexto especifique que tal aceptación tardía se reconfigure automáticamente como una nueva oferta.",1,
71,"Si una parte envía aceptación con modificaciones menores, ¿cómo se determina si hubo contraoferta o consentimiento suficiente sobre lo esencial?",No encontrado en el corpus. El contexto recuperado no contiene información suficiente para responder.,"SILOGISMO JURÍDICO:

1.  **PREMISA MAYOR:** El consentimiento es un requisito esencial para la existencia y validez del acto jurídico. Los contratantes serios deben conocer, al menos, la base esencial de lo que hicieron y el fin pretendido con el convenio. La voluntad que se declara públicamente es fundamental, y para contraponerse a ella con una voluntad oculta, se requiere demostrar hechos con pruebas suficientes y contextualizadas que revelen una voluntad oculta plausible.
    *   [SENTENCIA | sc5040_2021 | página 27]: ""(…) siendo por definición el consentimiento uno de los requisitos esenciales para la existencia del acto jurídico, cuando es sano, libre y espontáneo es así mismo elemento esencial para su validez"".
    *   [SENTENCIA | sc2906_2021 | página 32]: ""si son contratantes serios, de seguro, saben, al menos, la base esencial de lo que hicieron y el fin pretendido con el convenio.""
    *   [SENTENCIA | sc963_2022 | página 54]: ""Los convocados... no lograron demostrar los hechos en los que descansa su alegato, consistentes en que su voluntad no armonizaba con el negocio que declararon públicamente –la compraventa–... Aunque obran en el expediente algunos pagarés y letras de cambio, e incluso testimonios y declaraciones de parte que coinciden con esa proposición, lo cierto es que, valoradas las pruebas en conjunto y de forma contextualizada, resultan insuficientes para revelar una voluntad oculta plausible, que pudiera contraponerse al consentimiento que se expresó en el documento solemne.""

2.  **PREMISA MENOR:** La pregunta se refiere a cómo determinar si una aceptación con ""modificaciones menores"" configura una contraoferta o un consentimiento suficiente sobre lo esencial. El contexto enfatiza que los contratantes deben conocer la ""base esencial"" del convenio. Si las modificaciones son verdaderamente ""menores"" y no alteran esa ""base esencial"" ni el fin pretendido con el convenio, y la voluntad expresada públicamente sigue armonizando con dicha base esencial, podría inferirse que hay consentimiento suficiente sobre lo esencial. Sin embargo, el contexto no proporciona criterios específicos para diferenciar una ""modificación menor"" de una que altere la ""base esencial"" y, por ende, constituya una contraoferta. La valoración de si una voluntad oculta (como la de no aceptar plenamente sino contraofertar) es plausible, requiere un análisis conjunto y contextualizado de las pruebas.

3.  **CONCLUSIÓN:** El contexto recuperado no establece una regla explícita para determinar si una aceptación con ""modificaciones menores"" constituye una contraoferta o un consentimiento suficiente sobre lo esencial. No obstante, se desprende que el consentimiento es esencial y que los contratantes deben conocer la ""base esencial"" del convenio. Por lo tanto, si las ""modificaciones menores"" no alteran la ""base esencial"" del acuerdo, podría considerarse que existe consentimiento suficiente sobre lo esencial, siempre que la voluntad expresada públicamente armonice con dicha base esencial. El contexto no ofrece criterios para distinguir cuándo una modificación es ""menor"" o cuándo afecta la ""base esencial"" al punto de constituir una contraoferta, dejando la determinación a la valoración de la voluntad expresada y la posible demostración de una voluntad oculta.",1,
72,¿Cómo se interpreta una cláusula que obliga a “hacer los mejores esfuerzos” sin definir indicadores objetivos de diligencia?,"Una cláusula que obliga a ""hacer los mejores esfuerzos"" se interpreta como una indicación de que el deudor se encuentra constreñido únicamente a realizar las actividades que permitan la satisfacción de la obligación, y no a alcanzar una consecuencia precisa. En este tipo de obligaciones, el deudor solo se compromete a proporcionar aquellos medios adecuados para la consecución del fin del contrato y puede exonerarse de responsabilidad demostrando diligencia y cuidado.

**Citas:**
* SENTENCIA | Sentencias | sc4786_2020_clase_de_actuación_recurso_de_casación_tipo_de_providencia_sentencia_fecha_07_12_2020_po_716655_número_de_pr | página 18
* SENTENCIA | Sentencias | sc5430_2021_clase_de_actuación_recurso_de_casación_tipo_de_providencia_sentencia_fecha_07_12_2021_po_752896_número_de_pr | página 49","SILOGISMO JURÍDICO:

1.  **PREMISA MAYOR:**
    Según la jurisprudencia civil colombiana, expresiones como ""mejor esfuerzo"", ""actuación diligente"" o ""gestión profesional"" son indicadoras de una prestación de medios, y no de resultado. En las obligaciones de medios, el deudor se compromete a proporcionar los medios adecuados para la consecución del fin del contrato. En este tipo de obligaciones, para exonerarse de responsabilidad ante la no obtención del resultado deseado, el deudor debe demostrar que actuó con diligencia y cuidado (SC4786_2020, página 18; SC5430_2021, página 49; SC917_2020, página 29). La interpretación de los contratos debe atender a la intención de los contratantes más que a lo literal de las palabras (SC963_2022, página 10).

2.  **PREMISA MENOR:**
    La pregunta se refiere a la interpretación de una cláusula que obliga a ""hacer los mejores esfuerzos"" sin definir indicadores objetivos de diligencia. Conforme a la premisa mayor, la expresión ""mejores esfuerzos"" califica la obligación como de medios. La ausencia de indicadores objetivos de diligencia en la cláusula no altera su naturaleza de obligación de medios. En consecuencia, el deudor se compromete a desplegar la diligencia y el cuidado adecuados para la consecución del fin, y no a garantizar un resultado específico. La evaluación de su cumplimiento se centrará en la demostración de haber actuado con la debida diligencia y cuidado, independientemente de si el resultado deseado se obtuvo o no.

3.  **CONCLUSIÓN:**
    Una cláusula que obliga a ""hacer los mejores esfuerzos"" sin definir indicadores objetivos de diligencia se interpreta como una obligación de medios. Esto significa que el deudor se compromete a desplegar la diligencia y el cuidado adecuados para la consecución del fin, y no a garantizar un resultado específico. La evaluación de su cumplimiento se centrará en la demostración de haber actuado con la debida diligencia y cuidado, pudiendo exonerarse de responsabilidad si lo prueba, aun cuando el resultado deseado no se haya alcanzado.",1,
73,"En un contrato de corretaje, ¿cuándo nace el derecho del corredor a remuneración si su intervención fue indirecta o solo facilitó acercamientos preliminares?",No encontrado en el corpus. El contexto recuperado no contiene información suficiente para responder.,"SILOGISMO JURÍDICO:

1.  **PREMISA MAYOR:** El contexto recuperado aborda la calidad de los corredores de seguros como intermediarios, señalando que, al margen de las obligaciones que la ley les impone, no pueden considerarse parte de los extremos del contrato de seguro (Sentencia SC4126_2021, página 42). Asimismo, se menciona el ""origen contractual"" de un ""derecho patrimonial"" en el marco de un contrato de agencia comercial (Sentencia 11001_3103_032_2001, página 29), y se indica que un contrato ""no ha nacido a la vida jurídica"" si está ""en vía de perfeccionamiento"" (Sentencia SC397_2021, página 42).

2.  **PREMISA MENOR:** No obstante, el contexto proporcionado no contiene ninguna norma o jurisprudencia específica que establezca las condiciones o el momento en que nace el derecho del corredor a la remuneración en un contrato de corretaje, especialmente cuando su intervención ha sido indirecta o se ha limitado a facilitar acercamientos preliminares entre las partes. La información se enfoca en la naturaleza de la intermediación y las obligaciones generales, pero no en los criterios para la causación de la remuneración del corredor bajo las circunstancias planteadas.

3.  **CONCLUSIÓN:** Basándose únicamente en el contexto recuperado, no es posible determinar cuándo nace el derecho del corredor a remuneración si su intervención fue indirecta o solo facilitó acercamientos preliminares.",1,
74,¿Qué relevancia tiene la costumbre para integrar un contrato civil cuando el texto contractual es incompleto y las partes pertenecen a un sector con prácticas uniformes?,"Los contratos obligan a las partes no solo a lo expresamente pactado, sino también a todas las consecuencias que, según su naturaleza, sean conformes a la buena fe, al uso y a la ley. En este sentido, la costumbre (o los usos) tiene relevancia para integrar un contrato, derivando de ella consecuencias que no se expresan en el texto contractual.

Cita: [SENTENCIA | Sentencias | sc3273_2020_clase_de_actuación_recurso_de_casación_tipo_de_providencia_sentencia_fecha_07_09_2020_po_706877_número_de_pr | página 27]","SILOGISMO JURÍDICO:

1.  **PREMISA MAYOR:** La Corte Suprema de Justicia, al referirse al alcance de las obligaciones contractuales, ha citado códigos civiles extranjeros (francés, italiano y español) que establecen que los contratos obligan a las partes no solo a lo expresamente pactado, sino también a todas las consecuencias que se deriven de la ley, los usos (costumbre) y la equidad, según la naturaleza de la obligación (Sentencia SC3273 de 2020, página 27). Esto indica que la costumbre es un factor para determinar el alcance de las obligaciones contractuales más allá de lo explícitamente expresado.

2.  **PREMISA MENOR:** La pregunta se refiere a la relevancia de la costumbre para integrar un contrato civil incompleto, especialmente cuando las partes pertenecen a un sector con prácticas uniformes. En este escenario, las prácticas uniformes del sector constituyen una manifestación de la costumbre. Conforme a la premisa mayor, la costumbre es un elemento que complementa lo expresamente pactado, extendiendo las obligaciones contractuales a aquellas consecuencias que naturalmente se derivan de ella, lo cual es particularmente aplicable cuando el texto contractual es incompleto.

3.  **CONCLUSIÓN:** La costumbre tiene una alta relevancia para integrar un contrato civil cuando el texto contractual es incompleto y las partes pertenecen a un sector con prácticas uniformes, ya que las obligaciones contractuales se extienden no solo a lo expresamente pactado, sino también a las consecuencias que se derivan de los usos y la equidad, según la naturaleza del contrato.",1,
75,¿Cómo debe resolverse un conflicto entre la literalidad de una cláusula de garantía y las manifestaciones previas del vendedor sobre la aptitud específica del bien?,"Según el artículo 1618, se debe hacer prevalecer la intención de los contratantes sobre lo literal de las palabras, cuando aquella está claramente establecida. [SENTENCIA | Sentencias | sc2879_2022_clase_de_actuación_recurso_de_casación_tipo_de_providencia_sentencia_fecha_27_09_2022_po_781082_número_de_pr | página 75]","SILOGISMO JURÍDICO:

1.  **PREMISA MAYOR:**
    Según la jurisprudencia, el artículo 1618 establece que la intención de los contratantes prevalece sobre lo literal de las palabras, cuando aquella está claramente establecida (Sentencia SC2879-2022, página 75). Adicionalmente, en los contratos de adhesión, el Estatuto del Consumidor (Ley 1480 de 2011) exige informar previamente al contratante, con suficiencia y claridad, la existencia, efectos y alcance de las condiciones generales, las cuales deben ser redactadas de forma clara, completa y concreta. Las condiciones negociales generales que no reúnan tales requerimientos se tendrán como no escritas (Sentencia SC2879-2022, página 80).

2.  **PREMISA MENOR:**
    Ante un conflicto entre la literalidad de una cláusula de garantía y las manifestaciones previas del vendedor sobre la aptitud específica del bien, es necesario determinar la intención de las partes. Si las manifestaciones previas del vendedor establecen una intención clara y establecida respecto a la aptitud del bien que difiere de la literalidad de la cláusula de garantía, esa intención debe prevalecer. Asimismo, si la cláusula de garantía literal no cumple con los requisitos de claridad, suficiencia y concreción exigidos para las condiciones generales en contratos de adhesión, o si no fue informada adecuadamente, podría considerarse como no escrita, dando preeminencia a las expectativas generadas por las manifestaciones previas del vendedor.

3.  **CONCLUSIÓN:**
    Un conflicto entre la literalidad de una cláusula de garantía y las manifestaciones previas del vendedor sobre la aptitud específica del bien debe resolverse haciendo prevalecer la intención de los contratantes, siempre que esta se encuentre claramente establecida, conforme al principio de interpretación contractual. Las manifestaciones previas del vendedor pueden ser un elemento clave para determinar dicha intención. Además, si la cláusula literal no cumple con los estándares de claridad y suficiencia de información requeridos, especialmente en contratos de adhesión, podría ser ineficaz, lo que reforzaría la validez de las expectativas creadas por las manifestaciones previas.",1,
76,"Si un contrato contiene una condición resolutoria expresa, ¿basta la ocurrencia objetiva del supuesto pactado o se requiere declaración adicional para extinguir el vínculo?",No encontrado en el corpus. El contexto recuperado no contiene información suficiente para responder.,"SILOGISMO JURÍDICO:

1.  **PREMISA MAYOR:** El contexto recuperado aborda la condición resolutoria tácita, referida en el artículo 1546 del Código Civil, indicando que para su procedencia se exige que se trate de un contrato bilateral y que uno de los contratantes no cumpla con lo pactado, sin imponer al demandante cargas adicionales a la de ser contraparte negocial. También se refiere al mutuo disenso tácito como una postura planteada ante el incumplimiento recíproco de los contratantes.
2.  **PREMISA MENOR:** No obstante, el contexto proporcionado no contiene información específica ni pronunciamientos jurisprudenciales que traten directamente sobre los efectos de una *condición resolutoria expresa* pactada en un contrato, ni sobre si su ocurrencia objetiva es suficiente para la extinción del vínculo o si, por el contrario, requiere de una declaración adicional.
3.  **CONCLUSIÓN:** Con base *únicamente* en el contexto recuperado, no es posible determinar si la ocurrencia objetiva del supuesto pactado en una condición resolutoria expresa basta para extinguir el vínculo contractual o si se requiere una declaración adicional.",1,
77,¿Qué consecuencias tiene que una parte invoque la nulidad relativa de un contrato después de haber ejecutado voluntariamente prestaciones compatibles con su validez?,No encontrado en el corpus. El contexto recuperado no contiene información suficiente para responder.,"El contexto recuperado no contiene información que aborde las consecuencias de que una parte invoque la nulidad relativa de un contrato después de haber ejecutado voluntariamente prestaciones compatibles con su validez. La información proporcionada se refiere a:

*   Las consecuencias de la nulidad judicialmente pronunciada respecto a terceros poseedores (acción reivindicatoria).
*   La resolución de contratos por incumplimiento de obligaciones.
*   Nulidades procesales por pérdida de competencia del juez.
*   Referencias bibliográficas generales sobre nulidades e ineficacia del negocio jurídico.

Por lo tanto, no es posible estructurar una respuesta siguiendo el silogismo solicitado, ya que la premisa mayor (norma o jurisprudencia aplicable a la pregunta específica) no se encuentra en el contexto.",1,
78,¿Cómo se analiza la ratificación tácita de un negocio anulable y qué conductas permiten inferirla con suficiente certeza?,No encontrado en el corpus. El contexto recuperado no contiene información suficiente para responder.,"SILOGISMO JURÍDICO:

1.  **PREMISA MAYOR**: El contexto recuperado aborda principalmente dos temas: la identificación de negocios jurídicos simulados a través de indicios (como la falta de recursos del comprador, la cercanía de las partes, la ausencia de tratativas previas, cláusulas inusuales, transferencia masiva de activos y la *causa simulandi*), y las condiciones para la resolución tácita de contratos bilaterales por incumplimiento (existencia de contrato bilateral válido, inejecución obligacional recíproca y simultánea, y elementos conductuales indicativos de la pretensión de deshacer la convención).
2.  **PREMISA MENOR**: La pregunta se refiere al análisis de la ratificación tácita de un negocio anulable y las conductas que permiten inferirla con certeza. Sin embargo, el contexto proporcionado no contiene ninguna norma, jurisprudencia o análisis específico sobre la figura de la ratificación tácita de un negocio anulable, ni describe las conductas que permitirían inferir dicha ratificación. Los conceptos de simulación y resolución tácita son distintos a la ratificación de un acto que, siendo anulable, se convalida por la voluntad de la parte legitimada para invocar la nulidad relativa.
3.  **CONCLUSIÓN**: Basándose únicamente en el contexto recuperado, no es posible responder cómo se analiza la ratificación tácita de un negocio anulable ni qué conductas permiten inferirla con suficiente certeza, ya que dicha información no se encuentra presente en los documentos proporcionados.",1,
79,"En un contrato de transacción, ¿hasta dónde llega el efecto de cosa juzgada contractual respecto de controversias no mencionadas expresamente pero conectadas con el mismo conflicto?",No encontrado en el corpus. El contexto recuperado no contiene información suficiente para responder.,"SILOGISMO JURÍDICO:

1.  **PREMISA MAYOR:**
    El Artículo 2483 del Código Civil establece que ""La transacción produce el efecto de cosa juzgada en última instancia"". La jurisprudencia complementa que el efecto de cosa juzgada, así como la seguridad jurídica que de ella pende, están inescindiblemente ligados con el respeto irrestricto de las decisiones judiciales, y que este efecto ""depura definitivamente la relación sustancial"" (Sentencia SC3840-2020, páginas 18 y 20).

2.  **PREMISA MENOR:**
    El contexto recuperado afirma que la transacción genera el efecto de cosa juzgada, lo que implica una resolución definitiva de la relación sustancial y la búsqueda de seguridad jurídica. Sin embargo, el contexto no especifica directamente si este efecto de cosa juzgada se extiende a controversias que, aunque conectadas con el mismo conflicto, no fueron mencionadas expresamente en el contrato de transacción. La información se limita a establecer la existencia del efecto de cosa juzgada para la transacción en sí misma y su propósito de finalización y seguridad jurídica.

3.  **CONCLUSIÓN:**
    Basado únicamente en el contexto recuperado, el contrato de transacción produce el efecto de cosa juzgada en última instancia, lo que busca depurar definitivamente la relación sustancial y garantizar la seguridad jurídica. No obstante, el contexto no proporciona una definición explícita sobre el alcance de este efecto de cosa juzgada respecto de controversias no mencionadas expresamente pero conectadas con el mismo conflicto.",1,
80,¿Qué límites jurídicos enfrenta una cláusula que prohíbe de forma absoluta cualquier compensación entre créditos recíprocos?,No encontrado en el corpus. El contexto recuperado no contiene información suficiente para responder.,"SILOGISMO JURÍDICO:

1.  **PREMISA MAYOR:** El Estatuto del Consumidor proscribe la inclusión de cláusulas que permitan al proveedor modificar unilateralmente las condiciones contractuales o sustraerse del cumplimiento de sus obligaciones (art. 38). Adicionalmente, este estatuto regula y prohíbe las cláusulas abusivas, definiéndolas y sancionándolas con ineficacia de pleno derecho (art. 42 y ss).

2.  **PREMISA MENOR:** Una cláusula que prohíbe de forma absoluta cualquier compensación entre créditos recíprocos podría ser considerada una cláusula abusiva o una que permite a una de las partes sustraerse del cumplimiento de sus obligaciones, especialmente en el marco de un contrato de consumo. La compensación es un modo de extinción de obligaciones reconocido legalmente, y una prohibición absoluta de este mecanismo podría generar un desequilibrio significativo en los derechos y obligaciones de las partes, impidiendo la aplicación de un derecho legalmente establecido y, por ende, encajando en las categorías de cláusulas proscritas o abusivas.

3.  **CONCLUSIÓN:** Por lo tanto, una cláusula que prohíbe de forma absoluta cualquier compensación entre créditos recíprocos enfrenta límites jurídicos bajo el Estatuto del Consumidor, pudiendo ser declarada ineficaz de pleno derecho si se configura como una cláusula abusiva o si permite a una de las partes modificar unilateralmente las condiciones o sustraerse del cumplimiento de sus obligaciones.",1,
81,"Si el acreedor concede prórrogas sucesivas sin reserva expresa de derechos, ¿puede luego alegar mora desde el primer vencimiento?",No encontrado en el corpus. El contexto recuperado no contiene información suficiente para responder.,"SILOGISMO JURÍDICO:

1.  **PREMISA MAYOR:**
    Según el Derecho Contractual Civil Colombiano, la mora del deudor, que supone un retardo culpable en el cumplimiento de la obligación, generalmente requiere que el deudor sea reconvenido por el acreedor para su constitución (SC1170_2022, página 23). La regla general es que el deudor queda constituido en mora a partir de la reconvención judicial hecha por el acreedor (AC280_2021, página 21). No obstante, esta regla tiene excepciones: cuando el deudor no ha cumplido la obligación dentro del término pactado, salvo que la ley exija requerirlo, o cuando la obligación no haya podido ser dada o ejecutada sino dentro de cierto tiempo y el deudor lo ha dejado pasar sin cumplir (AC280_2021, página 21). La notificación del mandamiento ejecutivo también puede hacer las veces del requerimiento para constituir en mora al deudor (SC3666_2021, página 70). Es fundamental distinguir entre el incumplimiento de una obligación y la constitución en mora, siendo esta última un estado jurídico que, en principio, exige la reconvención o la configuración de alguna de sus excepciones (SC3666_2021, página 97; SC1170_2022, página 23).

2.  **PREMISA MENOR:**
    La pregunta se refiere a la posibilidad de que un acreedor alegue mora desde el primer vencimiento después de haber concedido prórrogas sucesivas sin reserva expresa de derechos. El contexto recuperado establece los requisitos y las excepciones para la constitución de la mora, enfocándose en la necesidad de la reconvención o la existencia de un término pactado o un tiempo específico para el cumplimiento. Sin embargo, ninguna de las disposiciones legales o jurisprudenciales proporcionadas aborda explícitamente el efecto jurídico de las ""prórrogas sucesivas sin reserva expresa de derechos"" sobre la validez de un vencimiento anterior o la capacidad del acreedor para alegar mora retroactivamente desde la fecha original de vencimiento. El material recuperado no contiene normas que regulen cómo las prórrogas concedidas afectan el momento de constitución de la mora o si permiten al acreedor desconocer las extensiones para invocar la mora desde una fecha previa.

3.  **CONCLUSIÓN:**
    Basándose *únicamente* en el contexto recuperado, no es posible determinar si el acreedor puede alegar mora desde el primer vencimiento después de haber concedido prórrogas sucesivas sin reserva expresa de derechos, ya que el material proporcionado no contiene normas o jurisprudencia que regulen específicamente el impacto de tales prórrogas en la constitución o retroactividad de la mora.",2,
82,"¿Cómo debe calificarse la conducta del deudor que ofrece cumplimiento parcial útil, pero no íntegro, frente a la facultad del acreedor de rechazarlo?","La conducta del deudor que ofrece un cumplimiento parcial, pero no íntegro, se califica como una ""infracción"" que ""menoscaba la utilidad procurada por el acreedor"", o como una ""ejecución incompleta o demorada de la prestación convenida"".

Citas:
*   [SENTENCIA | Sentencias | sc1043_2021... | página 17]
*   [SENTENCIA | Sentencias | sc2202_2019... | página 66]","**SILOGISMO JURÍDICO:**

1.  **PREMISA MAYOR:**
    Según la jurisprudencia, la infracción contractual se configura por la falta de realización del comportamiento prometido, su ejecución con retraso o el cumplimiento deficiente o apenas parcial, supuestos que menoscaban la utilidad procurada por el acreedor. Dicha infracción se verifica al comparar la conducta debida con la ejecutada, o el programa prestacional con lo actuado por el deudor, evidenciando una disconformidad (SC1043_2021, página 17). Adicionalmente, en las obligaciones de medio, la culpa del deudor se presume con la mera inejecución o ejecución incompleta o demorada de la prestación convenida (SC2202_2019, página 66).

2.  **PREMISA MENOR:**
    En el caso planteado, el deudor ofrece un cumplimiento parcial útil, pero no íntegro. Esta conducta se enmarca dentro de la definición de ""cumplimiento deficiente o apenas parcial"" que la jurisprudencia califica como una infracción. Aunque la prestación sea útil en parte, no satisface plenamente el ""programa prestacional"" ni la ""utilidad procurada"" en su totalidad por el acreedor, generando una disconformidad entre lo esperado y lo realizado.

3.  **CONCLUSIÓN:**
    La conducta del deudor que ofrece un cumplimiento parcial útil, pero no íntegro, debe calificarse como un **incumplimiento o infracción contractual**, dado que constituye un ""cumplimiento deficiente o apenas parcial"" que menoscaba la utilidad procurada por el acreedor y no se ajusta al programa prestacional. Esta calificación, en el contexto de una obligación de medio, incluso conlleva la presunción de culpa del deudor.",2,
83,"En un contrato con obligación alternativa, ¿qué efectos produce la pérdida de una de las prestaciones por culpa del deudor antes de la elección?",No encontrado en el corpus. El contexto recuperado no contiene información suficiente para responder.,"SILOGISMO JURÍDICO:
1.  **PREMISA MAYOR:** El contexto recuperado aborda temas como el incumplimiento contractual, la resolución o cumplimiento de contratos bilaterales con indemnización de perjuicios, la presunción de culpa en el incumplimiento y la excepción de contrato no cumplido. Sin embargo, no contiene ninguna norma o jurisprudencia que defina o regule específicamente los efectos de la pérdida de una de las prestaciones por culpa del deudor antes de la elección en un contrato con obligación alternativa.
2.  **PREMISA MENOR:** La pregunta solicita determinar los efectos que produce la pérdida de una de las prestaciones por culpa del deudor antes de la elección en un contrato con obligación alternativa. Dado que el contexto proporcionado no contiene información específica sobre este tipo de obligación ni las consecuencias de la pérdida de una de sus prestaciones bajo las condiciones descritas, no es posible realizar un análisis del caso con la información disponible.
3.  **CONCLUSIÓN:** No es posible responder a la pregunta basándose únicamente en el contexto recuperado, ya que este no contiene información relevante sobre obligaciones alternativas y los efectos de la pérdida de una de sus prestaciones por culpa del deudor antes de la elección.",1,
84,¿Cómo debe examinarse una novación alegada por una de las partes cuando el nuevo acuerdo no manifiesta claramente voluntad de extinguir la obligación anterior?,"Para reconstruir, precisar e indagar la recíproca intención de las partes, cuando el nuevo acuerdo no manifiesta claramente la voluntad de extinguir la obligación anterior, es forzoso apreciar, entre muchos otros factores, el entorno cultural, social, económico, político, geográfico y temporal en una perspectiva retrospectiva y prospectiva. Esto implica considerar, además de la celebración, ejecución y conducta práctica negocial, la fase prodrómica, de gestación o formación, teniendo en cuenta que los actos, tratos o conversaciones preliminares enderezados a preparar la producción de un consentimiento contractual no son intrascendentes; por el contrario, una vez formado el consentimiento son parte integrante de él, y su importancia se traduce en servir de medios auxiliares para interpretar la verdadera intención de las partes.

[SENTENCIA | Sentencias | sc5185_2021_clase_de_actuación_recurso_de_casación_tipo_de_providencia_sentencia_fecha_26_11_2021_po_751932_número_de_pr | página 23]","SILOGISMO JURÍDICO:

1.  **PREMISA MAYOR:** La novación opera como una causal de extinción de la obligación, y la parte que la alega debe acreditar que las obligaciones anteriores fueron extinguidas. Para reconstruir, precisar e indagar la recíproca intención de las partes, especialmente cuando el consentimiento contractual no es claro, es forzoso apreciar el entorno cultural, social, económico, político, geográfico y temporal en una perspectiva retrospectiva y prospectiva, considerando la celebración, ejecución y conducta práctica negocial, así como la fase prodrómica, de gestación o formación, incluyendo los actos, tratos o conversaciones preliminares, los cuales sirven como medios auxiliares para interpretar la verdadera intención de las partes. (Sentencias SC3840_2020, SC3941_2020 y SC5185_2021).

2.  **PREMISA MENOR:** En el caso en que el nuevo acuerdo no manifiesta claramente la voluntad de extinguir la obligación anterior, se hace necesario indagar la verdadera intención de las partes para determinar si existió la intención recíproca de novar. Para ello, el examen no se limita a la literalidad del nuevo acuerdo, sino que debe extenderse a todos los factores contextuales y temporales que rodearon la negociación, formación y ejecución del negocio jurídico, incluyendo los tratos preliminares, con el fin de establecer si, a pesar de la falta de claridad explícita, se acreditó la voluntad de extinguir la obligación original.

3.  **CONCLUSIÓN:** Por lo tanto, una novación alegada, cuando el nuevo acuerdo no manifiesta claramente la voluntad de extinguir la obligación anterior, debe examinarse mediante una interpretación contextual y retrospectiva de la verdadera intención de las partes, considerando todos los elementos que rodearon la celebración, ejecución y formación del negocio jurídico, para determinar si se acreditó la extinción de la obligación original.",1,
85,"Si una parte paga una deuda contractual con un bien distinto al pactado y la otra lo recibe sin objeciones inmediatas, ¿puede configurarse dación en pago tácita?",No encontrado en el corpus. El contexto recuperado no contiene información suficiente para responder.,"SILOGISMO JURÍDICO:

1.  **PREMISA MAYOR:** El contexto recuperado menciona la ""operación de dación en pago"" como aquella en la que los acreedores deciden ""recibir en pago"" una propiedad del deudor. Asimismo, el contexto reconoce la existencia de figuras tácitas en el derecho contractual, como la ""condición resolutoria tácita"" (que exige que uno de los contratantes no cumpla con lo pactado) y la ""renuncia tácita"" a la condición resolutoria (por el no ejercicio de la acción), así como el ""mutuo disenso tácito"" (aunque inaplicable frente a un litigante que se opone abiertamente).

2.  **PREMISA MENOR:** Si bien el contexto describe una situación donde los acreedores ""decidieron recibir en pago"" una propiedad, lo cual implica una aceptación de un bien distinto al originalmente adeudado, no se establece explícitamente que la dación en pago pueda configurarse de manera tácita por el simple hecho de que una parte reciba un bien diferente al pactado sin objeciones inmediatas. Las referencias a la configuración tácita en el contexto se limitan a la condición resolutoria y al mutuo disenso, sin extender esta posibilidad de formación tácita a la dación en pago bajo las condiciones específicas de la pregunta.

3.  **CONCLUSIÓN:** Basándose *únicamente* en el contexto recuperado, no es posible afirmar que la dación en pago pueda configurarse tácitamente por el mero hecho de que una parte pague una deuda contractual con un bien distinto al pactado y la otra lo reciba sin objeciones inmediatas. El contexto describe la operación de dación en pago y la existencia de otras figuras tácitas, pero no vincula directamente la recepción sin objeciones de un bien diferente con la configuración tácita de la dación en pago.",1,
86,¿Qué análisis corresponde cuando un tercero paga la deuda contractual sin conocimiento del deudor y luego pretende subrogarse en los derechos del acreedor?,"Cuando un tercero paga la deuda contractual sin el conocimiento del deudor y luego pretende subrogarse en los derechos del acreedor, el análisis corresponde a lo establecido en el Artículo 1631 del Código Civil.

Según este artículo: ""El que paga sin el conocimiento del deudor no tendrá acción sino para que éste le reembolse lo pagado; y no se entenderá subrogado por la ley en el lugar y derechos del acreedor, ni podrá compeler al acreedor a que le subrogue.""

[NORMA | Codigo_Civil | Ley desconocida | Artículo 1631 | codigo_civil_intro_rag]","SILOGISMO JURÍDICO:

1.  **PREMISA MAYOR:**
    El Artículo 1631 del Código Civil Colombiano establece que ""El que paga sin el conocimiento del deudor no tendrá acción sino para que éste le reembolse lo pagado; y no se entenderá subrogado por la ley en el lugar y derechos del acreedor, ni podrá compeler al acreedor a que le subrogue."" La jurisprudencia de la Corte Suprema de Justicia ha definido la subrogación como ""la transmisión de los derechos del acreedor a un tercero, que le paga"" (SC042_2022, página 151). Para que opere la subrogación, es requisito que el pago realizado por el tercero sea de deuda ajena, es decir, que el tercero no tenga ""vínculo alguno con la prestación debida"" ni sea el ""deudor, mandante o representante de éste"", y que al proceder en tal sentido, afecte su propio patrimonio (SC295_2021, página 37 y 42).

2.  **PREMISA MENOR:**
    En el caso planteado, un tercero paga una deuda contractual sin el conocimiento del deudor y luego pretende subrogarse en los derechos del acreedor. Conforme al Artículo 1631 del Código Civil, la ausencia de conocimiento del deudor sobre el pago realizado por el tercero es un factor determinante que impide la subrogación legal. A pesar de que el tercero haya satisfecho la obligación, la ley no lo subroga en los derechos del acreedor, ni le permite compeler al acreedor a realizar dicha subrogación. La única acción que le asiste al tercero en esta situación es la de reclamar al deudor el reembolso de lo pagado.

3.  **CONCLUSIÓN:**
    Cuando un tercero paga una deuda contractual sin el conocimiento del deudor y posteriormente pretende subrogarse en los derechos del acreedor, el análisis jurídico indica que, conforme al Artículo 1631 del Código Civil, dicho tercero no se entenderá subrogado por la ley en el lugar y derechos del acreedor, ni podrá compeler al acreedor a que le subrogue. Su única acción legal será la de exigir al deudor el reembolso de lo pagado.",1,
87,"¿Cómo se distingue jurídicamente entre cesión de crédito, subrogación y delegación de pago cuando las partes usan terminología incorrecta en el documento?","La cesión de un crédito es un negocio jurídico o convención genérica con fisonomía propia, inconfundible con otros contratos. Puede significar la transmisión de derechos y obligaciones en el ámbito activo o pasivo, o la sustitución de personas en cualquiera de los extremos de la relación obligatoria. Para que tenga efecto entre el cedente y el cesionario, requiere la entrega del título, o si el crédito no consta en documento, el otorgamiento de uno por el cedente al cesionario y la notificación con exhibición de dicho documento.
[SENTENCIA | Sentencias | sc3890_2021_clase_de_actuación_recurso_de_casación_tipo_de_providencia_sentencia_fecha_15_09_2021_po_744278_número_de_pr | página 19]
[NORMA | Codigo_Civil | Ley desconocida | Artículo 1959 | codigo_civil_intro_rag]

Por su parte, la subrogación es la transmisión de los derechos del acreedor a un tercero que le paga. El Código Civil la aborda desde la óptica del pago con subrogación. La subrogación legal se presenta cuando se configuran los supuestos que justifican la figura, como la protección de los derechos de quien se ve en la necesidad de pagar por el deudor, o en los casos expresamente determinados en la ley. Para que pueda hablarse de subrogación, es preciso un pago hecho por quien, no siendo deudor principal, tenga derechos de regreso contra el deudor principal, y un acuerdo de las partes interesadas o una disposición legal que dé derecho a la subrogación.
[NORMA | Codigo_Civil | Ley desconocida | Artículo 1666 | codigo_civil_intro_rag]
[SENTENCIA | Sentencias | sc295_2021_clase_de_actuación_recurso_de_casación_tipo_de_providencia_sentencia_fecha_15_02_2021_pon_721536_número_de_pr | página 8]
[SENTENCIA | Sentencias | sc042_2022_clase_de_actuación_recurso_de_casación_tipo_de_providencia_sentencia_fecha_07_02_2022_pon_758076_número_de_pr | página 151]

El contexto recuperado menciona que existe una diferencia entre la cesión de créditos y la subrogación legal o convencional.
[SENTENCIA | Sentencias | sin_clase_de_actuación_publicación_especializada_tipo_de_providencia_publicación_especializada_fecha_776082_número_de_pr | página 3]

La ""delegación de pago"" no se encuentra definida ni mencionada en el contexto recuperado. El contexto tampoco proporciona información sobre cómo distinguir jurídicamente estas figuras cuando las partes usan terminología incorrecta en el documento.","SILOGISMO JURÍDICO:

1.  **PREMISA MAYOR:**
    *   La **cesión de crédito** es un negocio jurídico o convención genérica con fisonomía propia, inconfundible con otros contratos, que puede significar la transmisión de derechos y obligaciones o la sustitución de personas en los extremos de la relación obligatoria (Sentencia SC3890-2021, pág. 19). Para su eficacia entre cedente y cesionario, requiere la entrega del título, o si no consta en documento, el otorgamiento de uno por el cedente al cesionario (Artículo 1959 del Código Civil). El objeto de la transferencia debe ser el nexo jurídico que faculta a un acreedor a reclamar de ciertas personas (Sentencia SC3941-2020, pág. 23).
    *   La **subrogación** es la transmisión de los derechos del acreedor a un tercero que le paga (Artículo 1666 del Código Civil). Se aborda desde la óptica del pago con subrogación y, en su modalidad legal, ocurre cuando se configuran los supuestos que justifican la figura, como la protección de los derechos de quien se ve en la necesidad de pagar por el deudor, o en los casos expresamente determinados en la ley (Sentencia SC295-2021, pág. 8). Para que exista subrogación, es preciso un pago hecho por quien, no siendo deudor principal, tenga derechos de regreso contra el deudor principal, y requiere un acuerdo de las partes interesadas o una disposición legal (Sentencia SC042-2022, pág. 151).
    *   El contexto recuperado no proporciona una definición o distinción específica para la ""delegación de pago"".

2.  **PREMISA MENOR:**
    Ante la pregunta de cómo se distinguen jurídicamente la cesión de crédito, la subrogación y la delegación de pago, especialmente cuando las partes usan terminología incorrecta, el análisis del contexto revela lo siguiente:
    *   La **cesión de crédito** se caracteriza por ser un negocio jurídico autónomo de transmisión de derechos, cuya formalidad esencial es la entrega del título del crédito. No necesariamente implica un pago por parte del cesionario al acreedor original como elemento definitorio de la transmisión, sino la transferencia del crédito mismo.
    *   La **subrogación** se distingue fundamentalmente por el ""pago"" que realiza un tercero al acreedor, lo que le permite adquirir los derechos de este. Es una figura que busca proteger los derechos de quien paga por el deudor y le otorga derechos de regreso.
    *   La distinción entre estas figuras, y otras como la novación, es reconocida por la jurisprudencia (Sentencia SC5569-2019, pág. 3). La clave para su diferenciación, incluso si se usa terminología incorrecta, radica en la ""fisonomía propia"" de cada negocio jurídico, es decir, en sus elementos esenciales y efectos jurídicos, más allá del nombre que las partes le asignen.
    *   Respecto a la ""delegación de pago"", el contexto no ofrece elementos para su definición o distinción jurídica.

3.  **CONCLUSIÓN:**
    Jurídicamente, la **cesión de crédito** se distingue de la **subrogación** principalmente en que la primera es la transmisión de un crédito mediante la entrega del título, mientras que la segunda es la transmisión de los derechos del acreedor a un tercero que le paga. La cesión es un negocio jurídico con fisonomía propia, mientras que la subrogación está intrínsecamente ligada al acto de pago por un tercero. En caso de que las partes utilicen terminología incorrecta, la distinción se realizará atendiendo a la naturaleza y los elementos esenciales de cada figura contractual, y no meramente a la denominación empleada. El contexto recuperado no proporciona información para distinguir la ""delegación de pago"".",1,
88,"En un contrato de seguro de hecho civil atípico entre particulares, ¿qué elementos mínimos permitirían reconocer un esquema obligacional análogo o, por el contrario, negar su configuración?","Para reconocer un esquema obligacional análogo en relaciones convencionales que no encajan dentro de los tipos reglamentados de contrato, se aprecian por analogía del tipo contractual afín al punto de vista jurídico pertinente, o por los principios generales del derecho de las obligaciones y contratos, y, a título complementario, por el arbitrio judicial.

Por el contrario, se negaría su configuración o apreciación si estos criterios violentan la voluntad libremente configurada de las partes dentro de los límites trazados por el legislador.

[SENTENCIA | Sentencias | sc3375_2021_clase_de_actuación_recurso_de_casación_tipo_de_providencia_sentencia_fecha_01_09_2021_po_742707_número_de_pr | página 25]","SILOGISMO JURÍDICO:

1.  **PREMISA MAYOR:**
    Según el Derecho Contractual Civil Colombiano, para el reconocimiento de relaciones convencionales que no encajan en tipos contractuales reglamentados (contratos atípicos), la apreciación de su esquema obligacional se realiza por analogía con un tipo contractual afín, por los principios generales del derecho de las obligaciones y contratos, y, a título complementario, por el arbitrio judicial, siempre respetando la voluntad libremente configurada de las partes dentro de los límites legales (SC3375-2021, p. 25). Adicionalmente, como requisitos *sine qua non* para la existencia de cualquier negocio jurídico, incluyendo los contratos, se exigen la capacidad de las partes, el consentimiento libre de vicios, y el objeto y causa lícitas, conforme al artículo 1502 del Código Civil (SC4126-2021, p. 32).

2.  **PREMISA MENOR:**
    En el caso de un contrato de seguro de hecho civil atípico entre particulares, para reconocer un esquema obligacional análogo, es indispensable que concurran los elementos esenciales de todo negocio jurídico: capacidad, consentimiento libre de vicios, objeto lícito y causa lícita. Una vez satisfechos estos requisitos mínimos de existencia y validez, el esquema obligacional específico del contrato atípico se configuraría y apreciaría por su similitud con un tipo contractual regulado (como el contrato de seguro típico, si sus elementos esenciales se replican en la voluntad de las partes), o mediante la aplicación de los principios generales de las obligaciones y contratos, siempre que no se violente la voluntad de las partes ni los límites legales. Por el contrario, la ausencia o vicio de cualquiera de los requisitos *sine qua non* (capacidad, consentimiento, objeto o causa lícita) impediría la configuración del contrato y, por ende, de su esquema obligacional, negando su reconocimiento.

3.  **CONCLUSIÓN:**
    Los elementos mínimos que permitirían reconocer un esquema obligacional análogo en un contrato de seguro de hecho civil atípico entre particulares son la capacidad de las partes, el consentimiento libre de vicios, el objeto lícito y la causa lícita. Una vez presentes estos, el esquema se reconocería por analogía con un tipo contractual afín o por los principios generales del derecho de las obligaciones y contratos, respetando la voluntad de las partes. Por el contrario, la ausencia o vicio de cualquiera de estos requisitos esenciales (capacidad, consentimiento, objeto o causa lícita) negaría la configuración y reconocimiento de dicho esquema obligacional.",1,
89,¿Cómo debe tratarse la contradicción entre el cuerpo del contrato y un acta posterior de ejecución firmada por las mismas partes?,"El contexto recuperado no contiene información suficiente para responder directamente cómo debe tratarse la contradicción entre el cuerpo del contrato y un acta posterior de ejecución firmada por las mismas partes.

Sin embargo, se menciona que el proceder irregular de un contradictor que ""contrarió los deberes secundarios de conducta emanados de la ejecución de buena fe del contrato (artículo 1603 del Código Civil). Particularmente, transgredió sus deberes de protección y fidelidad"", constituye responsabilidad contractual a la luz del artículo 1604 ibídem, por contrariar ""el principio “non venire contra factum proprium” y de contera, el principio de buena fe, lo que supone que su incumplimiento de manera alguna pudo tenerse como justificado"". También se señala la importancia de sopesar pruebas como una ""Carta de Negociación o instrucciones de reintegro"".

[SENTENCIA | Sentencias | sc3159_2022_clase_de_actuación_recurso_de_casación_tipo_de_providencia_sentencia_fecha_30_09_2022_po_781497_número_de_pr | página 18]","BORRADOR DE RESPUESTA: SILOGISMO JURÍDICO:

1.  **PREMISA MAYOR:** La ejecución de los contratos debe ceñirse a los deberes secundarios de conducta emanados de la buena fe (artículo 1603 del Código Civil), incluyendo los deberes de protección y fidelidad. Un proceder irregular que contraría estos deberes y el principio ""non venire contra factum proprium"" constituye responsabilidad contractual a la luz del artículo 1604 del Código Civil, al suponer un incumplimiento no justificado (Sentencia SC3159_2022, página 18).

2.  **PREMISA MENOR:** El contexto recuperado establece los principios de buena fe y ""non venire contra factum proprium"" como rectores de la ejecución contractual, y califica el proceder irregular que los contraría como fuente de responsabilidad. Sin embargo, el contexto no proporciona una regla específica o un marco jurídico para determinar cómo debe tratarse o resolverse una contradicción particular entre el cuerpo del contrato y un acta posterior de ejecución firmada por las mismas partes.

3.  **CONCLUSIÓN:** Con base únicamente en el contexto recuperado, no es posible establecer una regla específica sobre cómo debe tratarse la contradicción entre el cuerpo del contrato y un acta posterior de ejecución firmada por las mismas partes. El contexto se limita a señalar que el proceder irregular que contraría la buena fe y el principio ""non venire contra factum proprium"" genera responsabilidad contractual.",2,
90,"Si una parte alega que firmó bajo estado de necesidad económica extrema, ¿qué examen debe hacerse para diferenciar simple presión económica de vicio del consentimiento?",No encontrado en el corpus. El contexto recuperado no contiene información suficiente para responder.,"SILOGISMO JURÍDICO:

1.  **PREMISA MAYOR:**
    Para que una persona se obligue por un acto o declaración de voluntad, es indispensable que su consentimiento no adolezca de vicio, siendo estos el error, la fuerza y el dolo (Artículo 1502 y 1508 del Código Civil). El ordenamiento jurídico busca asegurar que las manifestaciones de voluntad no estén distorsionadas por factores externos como el constreñimiento, que dirijan al sujeto en un sentido opuesto al de su genuina voluntad (Sentencia SC5040_2021). Para todo acto jurídico, se requiere que el consentimiento se otorgue con cierto grado de conciencia y libertad, pues la presencia de vicios destruye esa libertad y conciencia, viciando el acto de nulidad (Sentencia SC3194_2021). La validez de una estipulación requiere la ausencia de vicio por error, dolo, fuerza, así como la ausencia de un estado de necesidad o de peligro, y no debe configurar el aprovechamiento de la manifiesta condición de inferioridad (Sentencia 11001_3103_032_2001). Los vicios del consentimiento, como la fuerza, dan lugar a la nulidad relativa (Sentencia SC2362_2022).

2.  **PREMISA MENOR:**
    Cuando una parte alega haber firmado bajo un estado de necesidad económica extrema, el examen no debe limitarse a la mera existencia de presión económica. En cambio, debe determinarse si dicha situación configuró un ""estado de necesidad o de peligro"" que, al igual que la fuerza, afectó la libertad y conciencia del consentimiento. Es crucial evaluar si esta condición de necesidad extrema fue tal que ""destruye esa libertad y conciencia"" del agente, o si implicó un ""constreñimiento"" que dirigió su voluntad en un sentido opuesto al de su genuina intención. Adicionalmente, el examen debe considerar si la otra parte se aprovechó de esta ""manifiesta condición de inferioridad"" derivada del estado de necesidad económica, lo cual podría invalidar la estipulación.

3.  **CONCLUSIÓN:**
    Para diferenciar la simple presión económica de un vicio del consentimiento (fuerza), el examen debe centrarse en determinar si el ""estado de necesidad económica extrema"" constituyó un ""estado de necesidad o de peligro"" que eliminó la libertad y conciencia del consentimiento de la parte, o si hubo un ""aprovechamiento de la manifiesta condición de inferioridad"" por parte de la otra parte. Si se comprueba que la necesidad económica extrema tuvo el efecto de destruir la libertad y conciencia del consentimiento o fue objeto de aprovechamiento, se configuraría un vicio del consentimiento o un factor que invalida la estipulación, llevando a la nulidad relativa del acto.",1,
91,¿Qué alcance tiene el deber de información en contratos civiles entre particulares cuando una parte conoce defectos ocultos relevantes del objeto negociado?,"El deber de información se exige en mayor grado al contratante que por sus calidades tiene el conocimiento de las circunstancias relevantes del acto jurídico, relacionadas con el alcance de las obligaciones, efectos y riesgos asumidos, información de la que la otra parte carece. Por lo mismo, el primero se constituye en el «deudor informado» y tiene el deber de transmitírsela al otro, que, a su vez, como profano, se torna «acreedor» de recibirla de forma completa, veraz y oportuna. De ahí que el obligado a la información «debe suministrarla objetivamente».

[SENTENCIA | Sentencias | sc5430_2021_clase_de_actuación_recurso_de_casación_tipo_de_providencia_sentencia_fecha_07_12_2021_po_752896_número_de_pr | página 45]","SILOGISMO JURÍDICO:

1.  **PREMISA MAYOR:**
    Según la jurisprudencia (SC5430-2021, página 45), el deber de información se exige en mayor grado al contratante que, por sus calidades, tiene conocimiento de las circunstancias relevantes del acto jurídico, relacionadas con el alcance de las obligaciones, efectos y riesgos asumidos, información de la que la otra parte carece. Esta parte se constituye en el «deudor informado» y tiene el deber de transmitírsela al otro, que, a su vez, como profano, se torna «acreedor» de recibirla de forma completa, veraz y oportuna. Adicionalmente, el Artículo 934 del Código de Comercio establece que si la cosa vendida presenta, con posterioridad a su entrega, vicios o defectos ocultos cuya causa sea anterior al contrato, ignorados sin culpa por el comprador, que hagan la cosa impropia para su natural destinación o para el fin previsto en el contrato, el comprador tendrá derecho a pedir la resolución del mismo o la rebaja del precio a justa tasación.

2.  **PREMISA MENOR:**
    En el escenario de contratos civiles entre particulares, cuando una de las partes tiene conocimiento de defectos ocultos relevantes del objeto negociado, esta parte asume la posición de ""deudor informado"". Consecuentemente, recae sobre ella la obligación de comunicar de manera completa, veraz y oportuna dichos defectos a la otra parte, quien es la ""acreedora"" de esa información. El ocultamiento de estos defectos, especialmente si son de tal relevancia que afectan la idoneidad del objeto para su destinación o fin previsto y son ignorados sin culpa por la contraparte, representa un incumplimiento de este deber de información.

3.  **CONCLUSIÓN:**
    El alcance del deber de información en contratos civiles entre particulares, cuando una parte conoce defectos ocultos relevantes del objeto negociado, implica la obligación de esa parte de revelar de forma completa, veraz y oportuna tales defectos. El incumplimiento de este deber, particularmente si los vicios ocultos afectan la idoneidad del objeto y son ignorados por la contraparte, puede facultar a esta última para solicitar la resolución del contrato o la rebaja del precio, conforme a los principios que rigen los vicios ocultos.",1,
92,¿Cómo se articula la garantía por vicios ocultos con cláusulas contractuales de aceptación del bien “en el estado en que se encuentra”?,No encontrado en el corpus. El contexto recuperado no contiene información suficiente para responder.,"SILOGISMO JURÍDICO:

1.  **PREMISA MAYOR:**
    Según el Artículo 934 del Código de Comercio Colombiano, en un contrato de compraventa, si la cosa vendida presenta, con posterioridad a su entrega, vicios o defectos ocultos cuya causa sea anterior al contrato, ignorados sin culpa por el comprador, y que hagan la cosa impropia para su natural destinación o para el fin previsto en el contrato, el comprador tiene derecho a pedir la resolución del contrato o la rebaja del precio a justa tasación. Si opta por la resolución, debe restituir la cosa al vendedor.

2.  **PREMISA MENOR:**
    La pregunta busca entender cómo se articula la garantía por vicios ocultos con cláusulas contractuales de aceptación del bien ""en el estado en que se encuentra"". El contexto recuperado define claramente los vicios ocultos y las acciones que el comprador puede ejercer en virtud del Artículo 934 del Código de Comercio. Sin embargo, el contexto proporcionado no contiene ninguna norma, jurisprudencia o doctrina que aborde específicamente la validez, el alcance o la articulación de cláusulas contractuales que establezcan la aceptación del bien ""en el estado en que se encuentra"" en relación con la garantía legal por vicios ocultos. Aunque se menciona la existencia de vicios y la obligación condicional que generan (SC2850-2022), no se detalla cómo un pacto contractual de aceptación del estado del bien podría modificar o excluir la aplicación de la garantía por vicios ocultos establecida legalmente.

3.  **CONCLUSIÓN:**
    Basándose únicamente en el contexto recuperado, no es posible determinar cómo se articula la garantía por vicios ocultos, regulada en el Artículo 934 del Código de Comercio, con cláusulas contractuales de aceptación del bien ""en el estado en que se encuentra"". El contexto define los vicios ocultos y los derechos del comprador, pero no proporciona información sobre la interpretación o el efecto de tales cláusulas en el marco del Derecho Contractual Civil Colombiano.",1,
93,"En la venta de un inmueble con cabida inferior a la anunciada, ¿qué factores determinan si procede rebaja del precio, resolución u otra consecuencia?",No encontrado en el corpus. El contexto recuperado no contiene información suficiente para responder.,"SILOGISMO JURÍDICO:

1.  **PREMISA MAYOR:** El Artículo 1888 del Código Civil Colombiano regula la venta de predios con relación a su cabida, estableciendo las consecuencias cuando la cabida real fuere *mayor* que la cabida declarada. En tal escenario, el comprador deberá aumentar proporcionalmente el precio, a menos que el precio de la cabida que sobre exceda en más de una décima parte del precio de la cabida real. En este último caso, el comprador tiene la opción de aumentar proporcionalmente el precio o desistir del contrato, con derecho a la indemnización de perjuicios si opta por desistir.
2.  **PREMISA MENOR:** La pregunta formulada se refiere a la venta de un inmueble con cabida *inferior* a la anunciada. Sin embargo, el contexto recuperado, incluyendo el Artículo 1888 del Código Civil, no contiene disposiciones que regulen explícitamente los factores que determinan la procedencia de la rebaja del precio, la resolución u otras consecuencias cuando la cabida real es *inferior* a la declarada. El Artículo 1888 se limita a desarrollar el supuesto de una cabida real *mayor* a la declarada.
3.  **CONCLUSIÓN:** Basándose *únicamente* en el contexto recuperado, no es posible determinar los factores que rigen la procedencia de la rebaja del precio, la resolución u otras consecuencias en la venta de un inmueble con cabida *inferior* a la anunciada, dado que el Artículo 1888 del Código Civil solo regula el caso de cabida real mayor a la declarada.",1,
94,¿Qué criterios permiten atribuir carácter esencial a una obligación accesoria a efectos de resolver el contrato por su incumplimiento?,"Los criterios que permiten atribuir carácter esencial a una obligación a efectos de resolver el contrato por su incumplimiento, según el contexto, son los siguientes:

1.  Cuando afecta y hace imposible sustancialmente la satisfacción de los intereses o finalidades del contratante cumplido.
2.  Cuando las partes previeron en el programa contractual en forma expresa, concreta y específica obligaciones esenciales y determinantes para la ejecución del contrato y estas son infringidas.
3.  Cuando por causa del incumplimiento no existen razones, indicios, inferencias que permitan al acreedor confiar que el deudor incumplido no podrá hacia el futuro subsanar o cumplir las obligaciones desatendidas, y por tanto, el deudor no tendrá interés en conservar el negocio.
4.  Cuando se transforma en irreversible la economía negocial del contratante incumplido.
5.  Cuando se evidencia mala fe o fraude en el comportamiento contractual del incumplido.

[SENTENCIA | Sentencias | sin_clase_de_actuación_publicación_especializada_tipo_de_providencia_publicación_especializada_fecha_776082_número_de_pr | página 49]","SILOGISMO JURÍDICO:

1.  **PREMISA MAYOR:** La jurisprudencia colombiana, al abordar la resolución de contratos por incumplimiento, establece criterios para determinar cuándo un incumplimiento es ""relevante"" a efectos de la resolución contractual, en el marco de la facultad alternativa prevista en el artículo 1546 del Código Civil. Un incumplimiento relevante es aquel que permite aniquilar el contrato.

2.  **PREMISA MENOR:** Aunque el contexto no distingue explícitamente entre obligaciones principales y accesorias al definir la ""esencialidad"" para la resolución, los criterios de ""incumplimiento relevante"" son aplicables a cualquier obligación cuyo incumplimiento tenga un impacto significativo. Así, una obligación, incluso si es accesoria, adquiere carácter esencial para la resolución del contrato si su incumplimiento:
    *   Afecta y hace imposible sustancialmente la satisfacción de los intereses o finalidades del contratante cumplido.
    *   Las partes previeron en el programa contractual en forma expresa, concreta y específica obligaciones esenciales y determinantes para la ejecución del contrato y estas son infringidas.
    *   Por causa del incumplimiento no existen razones, indicios, inferencias que permitan al acreedor confiar que el deudor incumplido no podrá hacia el futuro subsanar o cumplir las obligaciones desatendidas, y por tanto, el deudor no tendrá interés en conservar el negocio.
    *   Se transforma en irreversible la economía negocial del contratante incumplido.
    *   Se evidencia mala fe o fraude en el comportamiento contractual del incumplido.

3.  **CONCLUSIÓN:** Por lo tanto, el carácter esencial de una obligación accesoria a efectos de resolver el contrato por su incumplimiento se atribuye cuando la inobservancia de dicha obligación cumple con alguno de los criterios de ""incumplimiento relevante"" establecidos por la jurisprudencia, que se centran en el impacto sustancial de la falta en los intereses del contratante cumplido, la previsión contractual de su esencialidad, la imposibilidad de subsanación futura, la irreversibilidad de la economía negocial o la presencia de mala fe o fraude.",1,
95,¿Cómo debe analizarse la responsabilidad de varios codeudores cuando el contrato guarda silencio sobre distribución interna de cargas y uno de ellos paga la totalidad?,No encontrado en el corpus. El contexto recuperado no contiene información suficiente para responder.,"SILOGISMO JURÍDICO:

1.  **PREMISA MAYOR:**
    La Sentencia SC2850_2022 establece que, en el contexto de una obligación solidaria, se debe clarificar el interés que cada codeudor tiene en la deuda para especificar si existe un deber de reembolso. Precisa que si el negocio para el cual ha sido contraída la obligación solidaria concernía solamente a alguno o algunos de los deudores solidarios, serán estos responsables entre sí según las partes o cuotas que les correspondan en la deuda, y los otros codeudores serán considerados como fiadores. Complementariamente, la Sentencia SC3907_2021 indica que, en general, cuando se ha contraído por muchas personas la obligación de una cosa divisible, cada uno de los deudores es obligado solamente a su parte o cuota en la deuda.

2.  **PREMISA MENOR:**
    Cuando el contrato guarda silencio sobre la distribución interna de cargas entre varios codeudores y uno de ellos paga la totalidad de la obligación, el análisis de la responsabilidad interna no se rige por una presunción de igualdad, sino por la determinación del interés o la cuota que cada codeudor tenía en la deuda. Esto implica que el codeudor que pagó la totalidad podría tener derecho a un reembolso de los demás, pero la cuantía de dicho reembolso dependerá de la clarificación de las partes o cuotas correspondientes a cada uno en la deuda, e incluso si el negocio concernía solo a algunos de ellos.

3.  **CONCLUSIÓN:**
    Por lo tanto, la responsabilidad de varios codeudores, cuando el contrato guarda silencio sobre la distribución interna de cargas y uno de ellos paga la totalidad, debe analizarse clarificando el interés o la parte/cuota que cada codeudor tenía en la deuda, con el propósito de especificar si existe el deber de reembolso pretendido y en qué proporción.",1,
96,"Si una cláusula fija un plazo “fatal” para cumplir, pero la conducta del acreedor muestra tolerancia posterior, ¿se entiende renunciado el rigor del término?",No encontrado en el corpus. El contexto recuperado no contiene información suficiente para responder.,"SILOGISMO JURÍDICO:

1.  **PREMISA MAYOR:** El contexto recuperado establece que la doctrina de la Corte ha previsto la posibilidad de que las partes renuncien a condiciones contractuales. Asimismo, se indica que una ""conducta claramente indicativa de querer abandonar o desistir del contrato"" o un ""abandono o dejación de la posibilidad de lograr la culminación del contrato"" puede interpretarse como una renuncia tácita a un resultado contractual (SC 23 feb. 2012, exp. 2007-00067-01; SC5430_2021, p. 59; sin_clase_de_actuación_publicación_especializada, p. 6).

2.  **PREMISA MENOR:** La pregunta se refiere a si la ""tolerancia posterior"" del acreedor frente a un ""plazo fatal"" para cumplir implica la renuncia al rigor de dicho término. Aunque el contexto no utiliza explícitamente el término ""tolerancia"" en relación directa con un ""plazo fatal"", sí permite inferir que una ""conducta"" de las partes puede manifestar una renuncia tácita. Por lo tanto, si la ""tolerancia posterior"" del acreedor constituye una ""conducta claramente indicativa de querer abandonar o desistir"" de la exigencia del cumplimiento en el plazo estipulado, o de la posibilidad de lograr la culminación del contrato en ese término, podría considerarse una renuncia tácita.

3.  **CONCLUSIÓN:** Sí, basándose en el contexto recuperado, si la conducta de tolerancia del acreedor es ""claramente indicativa de querer abandonar o desistir"" de la exigencia del cumplimiento en el plazo fatal, o de la posibilidad de lograr la culminación del contrato en dicho término, podría entenderse que ha renunciado de manera tácita al rigor del plazo.",1,
97,"¿Cómo se determina si un contrato innominado debe regirse principalmente por la voluntad de las partes, por analogía legal o por principios generales?","Las relaciones convencionales que no encajan dentro de los tipos reglamentados de contrato se aprecian, en primer lugar, por la voluntad libremente configurada de las partes, ya que los demás criterios no deben violentarla dentro de los límites trazados por el legislador. A continuación, se aprecian por analogía del tipo contractual afín al punto de vista jurídico pertinente, o por los principios generales del derecho de las obligaciones y contratos. A título complementario, se utiliza el arbitrio judicial.

[SENTENCIA | Sentencias | sc3375_2021_clase_de_actuación_recurso_de_casación_tipo_de_providencia_sentencia_fecha_01_09_2021_po_742707_número_de_pr | página 25]","SILOGISMO JURÍDICO:

1.  **PREMISA MAYOR**: Según la jurisprudencia, las relaciones convencionales que no encajan dentro de ninguno de los tipos reglamentados de contrato (contratos innominados) se aprecian por analogía del tipo contractual afín al punto de vista jurídico pertinente, o por los principios generales del derecho de las obligaciones y contratos, y, a título complementario, por el arbitrio judicial. Sin embargo, es fundamental que estos criterios no violenten la voluntad libremente configurada de las partes dentro de los amplios límites trazados por el legislador (CSJ SC 3375-2021). Este principio se alinea con el canon 1618 del Código Civil, que consagra la prevalencia de la voluntad real de los contratantes sobre la literalidad de las palabras, irradiando toda la labor de interpretación contractual (CSJ SC 2879-2022, CSJ SC 963-2022).

2.  **PREMISA MENOR**: La pregunta indaga sobre cómo se determina si un contrato innominado debe regirse principalmente por la voluntad de las partes, por analogía legal o por principios generales. El contexto recuperado establece claramente que, si bien la analogía legal y los principios generales son métodos de apreciación para los contratos innominados, estos criterios deben aplicarse ""Bien entendido que éstos criterios no han de violentar la voluntad libremente configurada de las partes"". Esto posiciona la voluntad de las partes como el principio rector y limitante de los demás métodos, indicando su carácter principal.

3.  **CONCLUSIÓN**: Un contrato innominado debe regirse principalmente por la voluntad libremente configurada de las partes. Los criterios de analogía del tipo contractual afín y los principios generales del derecho de las obligaciones y contratos se aplican de manera complementaria, pero siempre supeditados a no violentar la voluntad de los contratantes.",1,
98,"En un contrato con prestaciones periódicas, ¿el incumplimiento de una cuota habilita automáticamente la terminación total del contrato o depende de la gravedad del incumplimiento?","El incumplimiento de una de las partes relativo a alguna de las prestaciones conferirá derecho a la otra para dar por terminado el contrato, cuando ese incumplimiento le haya ocasionado perjuicios graves o tenga cierta importancia, capaz por sí solo de mermar la confianza de esa parte en la exactitud de la otra para hacer los suministros sucesivos.

Cita:
*   [NORMA | Codigo_Comercio | Artículo 973 | codigo_comercio_rag]
*   [SENTENCIA | Sentencias | sc3675_2021_clase_de_actuación_recurso_de_casación_tipo_de_providencia_sentencia_fecha_25_08_2021_po_741824_número_de_pr | página 20]","SILOGISMO JURÍDICO:

1.  **PREMISA MAYOR:**
    Según el Artículo 973 del Código de Comercio, el incumplimiento de una de las partes relativo a alguna de las prestaciones conferirá derecho a la otra para dar por terminado el contrato, únicamente cuando ese incumplimiento le haya ocasionado perjuicios graves o tenga cierta importancia, capaz por sí solo de mermar la confianza de esa parte en la exactitud de la otra para hacer los suministros sucesivos. Esta disposición es reiterada por la jurisprudencia, que enfatiza que la terminación procede cuando el incumplimiento causa perjuicios graves o es capaz de minar la confianza de la parte cumplida. Además, la resolución del contrato por incumplimiento presupone la existencia de un contrato bilateral con prestaciones recíprocas.

2.  **PREMISA MENOR:**
    En el caso de un contrato con prestaciones periódicas, el incumplimiento de una cuota no habilita automáticamente la terminación total del contrato. Para que proceda la terminación, es necesario que dicho incumplimiento cumpla con los criterios de gravedad o importancia establecidos en la norma. Es decir, el incumplimiento de esa cuota debe haber ocasionado perjuicios graves a la parte cumplida o ser de tal magnitud que merme su confianza en la capacidad de la otra parte para cumplir con las prestaciones sucesivas. La jurisprudencia también sugiere que, en algunos casos, el juez puede fijar un plazo razonable para el cumplimiento antes de que el contrato se resuelva, lo que refuerza la idea de que la terminación no es inmediata ni automática ante cualquier incumplimiento.

3.  **CONCLUSIÓN:**
    En un contrato con prestaciones periódicas, el incumplimiento de una cuota no habilita automáticamente la terminación total del contrato. Por el contrario, la posibilidad de dar por terminado el contrato depende de la gravedad del incumplimiento, es decir, si este ha ocasionado perjuicios graves o ha mermado significativamente la confianza en la capacidad de la otra parte para cumplir con las prestaciones futuras.",1,
99,"¿Qué efectos produce la pérdida del documento original del contrato cuando existen copias, correos y actos de ejecución concordantes sobre su existencia?",No encontrado en el corpus. El contexto recuperado no contiene información suficiente para responder.,"SILOGISMO JURÍDICO:

1.  **PREMISA MAYOR:**
    La jurisprudencia de la Corte Suprema de Justicia establece que las copias simples o informales de documentos carecen de todo valor probatorio en el ordenamiento procesal colombiano, siendo indispensable la presentación de los documentos originales o, en su defecto, copias autenticadas para que tengan validez probatoria. (Sentencia SC3654_2021, página 35). No obstante, otros elementos como mensajes electrónicos, información contable y financiera, y declaraciones de parte pueden ser considerados como pruebas. Además, la autenticidad de un documento puede establecerse por el reconocimiento de las partes, incluso de manera implícita. (Sentencia SC3755_2022, página 56; Sentencia SC5185_2021, página 34).

2.  **PREMISA MENOR:**
    Ante la pérdida del documento original del contrato, las copias que no sean autenticadas se consideran simples o informales y, por lo tanto, carecen de valor probatorio directo. Sin embargo, la existencia de correos electrónicos y actos de ejecución concordantes con el contrato puede ser utilizada como evidencia. Estos elementos, como los mensajes electrónicos y las circunstancias conocidas que dan motivo a una presunción, pueden servir como indicios o pruebas indirectas para intentar demostrar la existencia y el contenido del acuerdo, o para corroborar la autenticidad de otros documentos relacionados, como se observa en el reconocimiento de firmas o el contenido de un documento por las partes.

3.  **CONCLUSIÓN:**
    La pérdida del documento original del contrato conlleva que las copias simples existentes no tendrán valor probatorio por sí mismas. No obstante, los correos electrónicos y los actos de ejecución concordantes pueden ser presentados como indicios o pruebas indirectas para intentar demostrar la existencia y el contenido del contrato, siempre que se logre establecer su autenticidad y relevancia en el marco probatorio. El contexto no indica que estos elementos por sí solos puedan suplir la falta del original o de una copia autenticada del contrato, especialmente si este requería una solemnidad.",1,
100,"¿Cómo debe valorarse una cláusula que obliga a una parte a renunciar anticipadamente a excepciones, defensas o medios probatorios futuros?",No encontrado en el corpus. El contexto recuperado no contiene información suficiente para responder.,"**PREMISA MAYOR:**
El derecho de defensa constituye un puntal fundamental del litigio sobre el que no debe existir incertidumbre, y el juez de la causa está obligado a interpretar razonablemente todos los escritos de las partes, incluyendo la contestación de la demanda, para considerar los alegatos defensivos como excepciones de mérito. De lo contrario, se sacrificaría la realización del derecho de defensa por un simple formalismo, contrariando el mandato de los artículos 228 de la Constitución Política y 11 del Código General del Proceso, así como el precedente de la Sala. La legislación procesal actual no enlistó a la prescripción como excepción previa, y se impone efectuar el estudio de los mecanismos defensivos aducidos por las partes.

**PREMISA MENOR:**
La pregunta se refiere a la valoración de una cláusula contractual que obliga a una parte a renunciar anticipadamente a excepciones, defensas o medios probatorios futuros. El contexto recuperado no contiene una discusión, análisis o pronunciamiento específico sobre la validez o ineficacia de este tipo particular de cláusulas contractuales en el Derecho Contractual Civil Colombiano. Sin embargo, el marco procesal y constitucional descrito en el contexto enfatiza la obligación judicial de considerar los medios personales de defensa de la demandada y de estudiar los mecanismos defensivos aducidos, sin que la vaguedad o formalismos puedan dificultar el cabal entendimiento de este derecho fundamental.

**CONCLUSIÓN:**
El contexto recuperado no proporciona información para determinar la validez o ineficacia de una cláusula contractual que obligue a una parte a renunciar anticipadamente a excepciones, defensas o medios probatorios futuros. No obstante, la jurisprudencia citada subraya la naturaleza fundamental del derecho de defensa y la obligación ineludible del juez de considerar y estudiar las excepciones de mérito propuestas por las partes, interpretando razonablemente sus escritos y sin sacrificar este derecho por formalismos, en virtud de los artículos 228 de la Constitución Política y 11 del Código General del Proceso.",2,
101,"En un acuerdo de confidencialidad previo al contrato principal, ¿qué ocurre si el contrato definitivo nada dice sobre esa obligación y luego surge disputa por divulgación de información?",No encontrado en el corpus. El contexto recuperado no contiene información suficiente para responder.,"SILOGISMO JURÍDICO:

1.  **PREMISA MAYOR:**
    El contexto recuperado establece que el ""contenido y alcance del contrato (...) es (...) el que va a indicar los deberes jurídicos que hubo de asumir"" las partes (SC4786-2020, p. 25). Asimismo, se distingue entre las ""charlas precontractuales"" y la existencia de un contrato definitivo (SC5185-2021, p. 72). En el ámbito de los negocios fiduciarios, se destaca el ""deber de información"" que recae sobre el contratante con mayor conocimiento para transmitir las circunstancias relevantes del acto jurídico, sus obligaciones, efectos y riesgos (SC5430-2021, p. 45).

2.  **PREMISA MENOR:**
    La pregunta plantea una situación en la que existe un acuerdo de confidencialidad previo al contrato principal, pero el contrato definitivo guarda silencio sobre dicha obligación. El contexto recuperado no contiene una disposición o un precedente jurisprudencial que aborde directamente la cuestión de la supervivencia o exigibilidad de un acuerdo de confidencialidad precontractual cuando el contrato principal posterior no lo reitera o incorpora. Si bien se indica que el contrato define los deberes jurídicos y se diferencian las fases precontractual y contractual, no se establece una regla específica sobre la validez de obligaciones pactadas en la fase precontractual ante la omisión del contrato principal.

3.  **CONCLUSIÓN:**
    Basado únicamente en el contexto recuperado, no es posible determinar qué ocurre si el contrato definitivo nada dice sobre una obligación de confidencialidad pactada previamente y luego surge una disputa por divulgación de información. El contexto no proporciona la norma o jurisprudencia aplicable para resolver directamente la subsistencia o exigibilidad de un acuerdo de confidencialidad precontractual en el escenario planteado.",1,
102,¿Cómo se resuelve la concurrencia entre responsabilidad contractual y extracontractual cuando el mismo hecho lesivo deriva de la ejecución defectuosa del contrato?,No encontrado en el corpus. El contexto recuperado no contiene información suficiente para responder.,"SILOGISMO JURÍDICO:

1.  **PREMISA MAYOR:** La responsabilidad civil contractual se origina en la inejecución o ejecución imperfecta o tardía de una obligación convenida en un contrato, asumiendo elementos de la responsabilidad extracontractual como la culpa, la existencia del menoscabo y el nexo causal (CSJ Sc 19 feb de 1999, exp., 5099; CSJ. Civil. Sentencia de 5 de noviembre de 2013, exp. 00025). No obstante, la jurisprudencia establece que la disparidad en la declaración de responsabilidad contractual y la absolución en materia extracontractual no es consecuencia de una inadecuada selección del tipo de súplica o de la denominada «prohibición de opción entre acciones sustanciales que rigen la responsabilidad civil», siempre que los demandantes hayan sido precisos en deslindar el pedimento (CSJ SC 4786 de 2020, pág. 59). Asimismo, en ciertos casos, los perjuicios sufridos por terceras personas, herederas o no del fallecido, pueden ser de tipo extracontractual, incluso si la reclamación original es contractual, requiriendo una clara distinción (CSJ SC 2582 de 2020, pág. 105).

2.  **PREMISA MENOR:** En el escenario donde un mismo hecho lesivo se deriva de la ejecución defectuosa de un contrato, la responsabilidad contractual es la vía natural para abordar el incumplimiento de las obligaciones pactadas. Sin embargo, la posibilidad de que concurra con la responsabilidad extracontractual no se resuelve mediante una prohibición absoluta de elegir entre una u otra acción. Por el contrario, el sistema permite a los demandantes distinguir y precisar sus pedimentos, lo que implica que, dependiendo de la naturaleza específica del daño y de la relación jurídica con la víctima (parte contractual o tercero), las acciones pueden ser deslindadas y analizadas de forma independiente, incluso si el origen fáctico es el mismo.

3.  **CONCLUSIÓN:** La concurrencia entre responsabilidad contractual y extracontractual, cuando el mismo hecho lesivo deriva de la ejecución defectuosa del contrato, se resuelve permitiendo a los demandantes deslindar y precisar sus pedimentos. No existe una prohibición de opción entre acciones sustanciales que impida la coexistencia de análisis o resultados distintos para cada tipo de responsabilidad, siempre que las reclamaciones se distingan adecuadamente, pudiendo incluso terceros reclamar perjuicios extracontractuales derivados del mismo hecho.",1,
103,"Si una parte incumple un deber secundario de colaboración y ello impide el cumplimiento de la otra, ¿cómo se distribuyen jurídicamente las consecuencias del incumplimiento?",No encontrado en el corpus. El contexto recuperado no contiene información suficiente para responder.,"**SILOGISMO JURÍDICO:**

1.  **PREMISA MAYOR:**
    Según el criterio doctrinal de la Corte, si contractualmente los interesados establecieron un orden prestacional, la infracción contractual del primero en el tiempo justifica la renuencia del segundo a cumplir, permitiendo a este último ejercitar las acciones alternativas previstas en el artículo 1546 del Código Civil: ejecutar o resolver, con indemnización de perjuicios. En este sentido, el demandante que primero incumplió las obligaciones correlativas carece de legitimación para solicitar la resolución o la ejecución de un contrato bilateral válido, pues el derecho solo puede ser ejercido por quien ha cumplido o se ha allanado a acatar sus obligaciones. Adicionalmente, si de dos codeudores de un hecho que deba ejecutarse en común, el uno está pronto a cumplirlo, y el otro lo rehúsa o retarda, este último será el único responsable de los perjuicios que de la inejecución o retardo resultaren al acreedor. El incumplimiento de uno de los contratantes repercute de forma inmediata sobre el sinalagma contractual, comprometiendo su funcionalidad, lo que autoriza al otro contratante a sustraerse del contrato y, por ende, de la obligación de ejecutar la prestación delante de quien se colocó como incumplido.

2.  **PREMISA MENOR:**
    En el escenario planteado, donde una parte incumple una obligación y ello impide el cumplimiento de la otra, se configura una infracción contractual del primero en el tiempo. Esta situación se alinea con el principio de que la renuencia a cumplir de la segunda parte está justificada por el incumplimiento previo de la primera, ya que la acción de una parte ha obstaculizado la ejecución de la prestación de la otra, afectando el orden prestacional y el sinalagma contractual.

3.  **CONCLUSIÓN:**
    Por lo tanto, las consecuencias jurídicas del incumplimiento se distribuyen de tal manera que la parte que incumplió primero y con ello impidió el cumplimiento de la otra, será considerada la responsable de la infracción contractual. La parte cuyo cumplimiento fue impedido estará legitimada para ejercer las acciones de ejecución o resolución del contrato, con derecho a indemnización de perjuicios, mientras que la parte que incumplió primero carecerá de legitimación para solicitar dichas acciones.",2,
104,¿Qué análisis exige la validez de una cláusula de indemnización predeterminada cuando su cuantía parece desligada del daño razonablemente previsible?,No encontrado en el corpus. El contexto recuperado no contiene información suficiente para responder.,"SILOGISMO JURÍDICO:

1.  **PREMISA MAYOR:**
    El derecho contractual civil colombiano establece que el deudor solo está obligado a indemnizar los daños y perjuicios que se hayan previsto o podido prever en el momento de la celebración del contrato, a menos que haya habido dolo por su parte (SC282_2021, p. 27, en referencia al artículo 1616 del Código Civil). En este sentido, la tasación del daño, incluso cuando es consecuencia de culpas concurrentes, no puede ser el resultado de deducciones antojadizas y arbitrarias, sino que debe ser efecto de un prudente juicio, ajeno al capricho y voluntarismo del juzgador, basado en pruebas regular y oportunamente allegadas al proceso (SC5176_2020, p. 52). De igual forma, una decisión sobre la indemnización no debe emerger como una conclusión caprichosa o contraevidente (SC3907_2021, p. 51).

2.  **PREMISA MENOR:**
    Cuando se analiza la validez de una cláusula de indemnización predeterminada cuya cuantía parece desligada del daño razonablemente previsible, el examen debe centrarse en determinar si el monto estipulado corresponde a los daños que las partes pudieron prever al momento de contratar. Si la cuantía predeterminada se aparta de lo razonablemente previsible y se configura como una deducción arbitraria, caprichosa o contraevidente en relación con los daños esperados, se desvirtuaría el fundamento de la indemnización contractual.

3.  **CONCLUSIÓN:**
    Por lo tanto, la validez de una cláusula de indemnización predeterminada, cuando su cuantía parece desligada del daño razonablemente previsible, exige un análisis que verifique si el monto acordado se ajusta a los daños que pudieron ser previstos al momento de la celebración del contrato. Una estipulación que resulte arbitraria, caprichosa o contraevidente respecto a la previsibilidad del daño carecería de sustento jurídico válido.",1,
105,"¿Cómo deben interpretarse las expresiones “a la mayor brevedad”, “oportunamente” o “tan pronto como sea posible” en obligaciones contractuales cuyo tiempo de cumplimiento es controvertido?",No encontrado en el corpus. El contexto recuperado no contiene información suficiente para responder.,"SILOGISMO JURÍDICO:

1.  **PREMISA MAYOR:** El Derecho Contractual Civil Colombiano, según el contexto recuperado, establece que las obligaciones puras y simples son exigibles desde el momento de su celebración, salvo que se haya pactado un plazo, condición o modo, en cuyo caso la exigibilidad sobreviene cuando se cumpla el plazo (definido como la época fijada para el cumplimiento de la obligación) o la condición. Adicionalmente, se reconoce que el sentido común enseña la necesidad de tiempos mínimos o prudenciales para culminar determinadas relaciones contractuales, y que la extensión de un término puede estar ligada a los periodos de cumplimiento de las obligaciones.

2.  **PREMISA MENOR:** El contexto recuperado no contiene una definición o una guía de interpretación específica para las expresiones contractuales ""a la mayor brevedad"", ""oportunamente"" o ""tan pronto como sea posible"" en el marco de las obligaciones contractuales cuyo tiempo de cumplimiento es controvertido. Aunque se menciona la palabra ""oportuna"" en relación con la suficiencia de un término para la terminación unilateral de un contrato, no se le atribuye un alcance interpretativo general para el cumplimiento de obligaciones.

3.  **CONCLUSIÓN:** Por lo tanto, basándose únicamente en el contexto proporcionado, no es posible determinar cómo deben interpretarse las expresiones ""a la mayor brevedad"", ""oportunamente"" o ""tan pronto como sea posible"" en obligaciones contractuales cuyo tiempo de cumplimiento es controvertido.",2,
106,"En un contrato de permuta, ¿qué diferencias analíticas surgen frente a la compraventa para evaluar saneamiento, riesgo y prestaciones equivalentes?",No encontrado en el corpus. El contexto recuperado no contiene información suficiente para responder.,"SILOGISMO JURÍDICO:

1.  **PREMISA MAYOR:** El contexto recuperado establece que la naturaleza de las obligaciones que emergen de los diferentes tipos de contratos son sustancialmente distintas, lo que impide la aplicación analógica de normas de un tipo contractual a otro (por ejemplo, el artículo 925 del Código de Comercio, aplicable a la compraventa, no es factible aplicarlo a la promesa de celebrar un negocio jurídico). Asimismo, se resalta que cada tipo negocial posee sus propios elementos esenciales y naturales, características y restricciones (Art. 1500 C.C.). En el contrato de compraventa, se mencionan instituciones como la ""lesión enorme"" para evaluar el ""justo precio"" y el ""valor de mercado"", y los ""vicios redhibitorios"" como una forma de saneamiento.

2.  **PREMISA MENOR:** La pregunta solicita las diferencias analíticas entre un contrato de permuta y uno de compraventa en cuanto a saneamiento, riesgo y prestaciones equivalentes. No obstante, el contexto recuperado no contiene ninguna mención al contrato de permuta, ni ofrece una comparación o distinción analítica entre este y el contrato de compraventa respecto a los aspectos de saneamiento, riesgo o prestaciones equivalentes. Aunque se abordan conceptos como la ""lesión enorme"" y los ""vicios redhibitorios"" en el marco de la compraventa, no se contrastan con el contrato de permuta.

3.  **CONCLUSIÓN:** Debido a que el contexto recuperado no proporciona información sobre el contrato de permuta ni establece diferencias analíticas entre este y el contrato de compraventa en relación con el saneamiento, el riesgo o las prestaciones equivalentes, no es posible responder a la pregunta basándose únicamente en la información suministrada.",1,
107,¿Qué efectos tiene la imposibilidad parcial sobreviniente en contratos sinalagmáticos cuando la prestación restante conserva utilidad para el acreedor?,No encontrado en el corpus. El contexto recuperado no contiene información suficiente para responder.,"El contexto recuperado no contiene información específica que aborde los efectos de la imposibilidad parcial sobreviniente en contratos sinalagmáticos cuando la prestación restante conserva utilidad para el acreedor. Los extractos se refieren a la imposibilidad sobrevenida en términos generales como causa de exclusión de responsabilidad, a las reglas generales de los contratos sinalagmáticos en caso de incumplimiento total, y a las opciones del contratante cumplido frente al incumplimiento de la otra parte, pero no detallan el escenario de una imposibilidad parcial con utilidad remanente.",1,
108,"¿Cómo debe calificarse el incumplimiento cuando el deudor ejecuta exactamente lo pactado, pero de manera contraria a la finalidad práctica conocida por ambas partes?","Se califica como incumplimiento, ya que el criterio más aceptado para el concepto de cumplimiento es que con la conducta debida se realice el interés primario del acreedor, es decir, que este obtenga el resultado útil o la finalidad práctica que espera lograr. Si el deudor ejecuta lo pactado de manera contraria a la finalidad práctica conocida por ambas partes, no se logra dicho resultado útil o finalidad práctica, lo que implica que no se cumple con el proceder debido. El incumplimiento es una situación antijurídica o contraria a derecho, que se presenta cuando el deudor se aparta u obra de manera distinta de lo que constituiría su proceder debido, implicado en la obligación a su cargo.

Citas:
*   [SENTENCIA | Sentencias | sc4786_2020_clase_de_actuación_recurso_de_casación_tipo_de_providencia_sentencia_fecha_07_12_2020_po_716655_número_de_pr | página 16]
*   [SENTENCIA | Sentencias | sc1043_2021_clase_de_actuación_recurso_de_casación_tipo_de_providencia_sentencia_fecha_05_04_2021_po_726450_número_de_pr | página 19]","SILOGISMO JURÍDICO:

1.  **PREMISA MAYOR:**
    Según la jurisprudencia, el criterio más aceptado para distinguir el cumplimiento de una obligación se centra en la incidencia que la conducta debida tenga en la realización del interés primario del acreedor, es decir, en que este obtenga efectivamente el resultado útil o la finalidad práctica que espera lograr. En este sentido, el incumplimiento se define como una situación antijurídica o contraria a derecho, que se presenta cuando el deudor se aparta u obra de manera distinta de lo que constituiría su proceder debido, implicado en la obligación a su cargo.

2.  **PREMISA MENOR:**
    En el caso planteado, aunque el deudor ejecuta ""exactamente lo pactado"", esta ejecución se realiza ""de manera contraria a la finalidad práctica conocida por ambas partes"". Esto significa que, a pesar de una observancia literal de la conducta, no se logra el resultado útil ni la finalidad práctica que constituye el interés primario del acreedor. Por lo tanto, el proceder del deudor, al no satisfacer el propósito esencial de la obligación, se aparta de lo que se consideraría su ""proceder debido"" en un sentido sustancial.

3.  **CONCLUSIÓN:**
    Por consiguiente, el incumplimiento debe calificarse como tal, ya que la conducta del deudor, al ser contraria a la finalidad práctica conocida por ambas partes y no satisfacer el interés primario del acreedor, constituye una desviación del proceder debido, a pesar de una ejecución literal de lo pactado.",1,
109,"Si un contrato fue firmado en blanco y luego completado por una de las partes, ¿qué hechos y reglas son decisivos para determinar abuso del llenado o conformidad tácita?",No encontrado en el corpus. El contexto recuperado no contiene información suficiente para responder.,"SILOGISMO JURÍDICO:

1.  **PREMISA MAYOR:**
    La jurisprudencia colombiana establece que la intención de las partes y la existencia de un ""fin desleal"" se determinan a partir de ""las circunstancias en que se realiza"" el acto jurídico (SC575-2022, p. 47). Para ello, es indispensable auscultar dichas circunstancias (SC575-2022, p. 47) y valorar el acervo probatorio de manera integral y en conjunto, estudiando el contrato, los documentos cruzados entre las partes, las pruebas practicadas en el proceso, y delimitando los hechos probados antes de la celebración del contrato, durante su ejecución y con posterioridad a la terminación (SC3755-2022, p. 40). La valoración de estas circunstancias y de los indicios debe hacerse bajo el prisma de la sana crítica, la lógica formal y las reglas de la experiencia (obligaciones_a_plazo, p. 9). Un ""fin desleal"" puede manifestarse, por ejemplo, en un acto sorpresivo, sin razón valedera o inopinado, es decir, sin requerimiento previo para explicaciones (SC575-2022, p. 47).

2.  **PREMISA MENOR:**
    La pregunta se refiere a la determinación de abuso en el llenado de un contrato firmado en blanco o la conformidad tácita con dicho llenado. Aunque el contexto recuperado no aborda explícitamente la figura del ""contrato en blanco"" o el ""abuso del llenado"", los principios generales de interpretación de la intención y la valoración probatoria son aplicables. Para determinar si hubo abuso o conformidad, sería decisivo auscultar las circunstancias en que se realizó el llenado y la posterior ejecución del contrato. Esto implica analizar la intención de las partes al momento de la firma en blanco, los hechos ocurridos durante el llenado y la ejecución, y las actitudes posteriores de las partes. Por analogía con los indicadores de un ""fin desleal"" en la culminación de un pacto, la ausencia de razón valedera para el llenado, un llenado sorpresivo o inopinado sin requerimiento previo para explicaciones, serían elementos a considerar. La valoración integral de todas las pruebas y circunstancias, aplicando la sana crítica, la lógica formal y las reglas de la experiencia, permitiría establecer la verdadera intención y si hubo un actuar desleal o una aceptación tácita.

3.  **CONCLUSIÓN:**
    Para determinar si hubo abuso en el llenado de un contrato firmado en blanco o conformidad tácita, los hechos y reglas decisivos se centran en la valoración integral de las circunstancias que rodearon el acto. Esto incluye la intención de las partes, la existencia de un ""fin desleal"" (evidenciado, por ejemplo, por un llenado sorpresivo, sin razón valedera o inopinado), y el análisis de los hechos probados antes, durante y después del llenado del contrato, todo ello bajo el prisma de la sana crítica, la lógica formal y las reglas de la experiencia.",2,
110,¿Cómo se analiza la prueba del consentimiento en contratos celebrados mediante mensajes instantáneos cuando no existe firma manuscrita ni firma digital certificada?,"Para analizar la prueba del consentimiento en contratos celebrados mediante mensajes de datos (que pueden incluir mensajes instantáneos) cuando no existe firma manuscrita ni firma digital certificada, se deben tener en cuenta los siguientes criterios:

1.  **Criterios para valorar un mensaje de datos**: Al valorar la fuerza probatoria de un mensaje de datos, se debe considerar la confiabilidad de la forma en que se haya generado, archivado o comunicado el mensaje, la confiabilidad de la forma en que se haya conservado la integridad de la información, la forma en la que se identifique a su iniciador y cualquier otro factor pertinente (artículo 11 de la Corte Constitucional, C-622 del 8 de junio de 2000).
    [SENTENCIA | Sentencias | sc5185_2021_clase_de_actuación_recurso_de_casación_tipo_de_providencia_sentencia_fecha_26_11_2021_po_751932_número_de_pr | página 45]

2.  **Documentos sin firmas**: Un documento sin firmas, si bien no es prueba del contrato como tal, puede ser demostrativo de los términos del acuerdo al que llegaron las partes.
    [SENTENCIA | Sentencias | sc5185_2021_clase_de_actuación_recurso_de_casación_tipo_de_providencia_sentencia_fecha_26_11_2021_po_751932_número_de_pr | página 60]

3.  **Ponderación conjunta de pruebas**: La celebración de un acuerdo puede acreditarse mediante la ponderación conjunta de pruebas como correos electrónicos de envío y devolución de un escrito (una vez aprobado su contenido), y el dictamen y testimonio de un experto que certifique la veracidad y autenticidad de tales mensajes de datos.
    [SENTENCIA | Sentencias | sc5185_2021_clase_de_actuación_recurso_de_casación_tipo_de_providencia_sentencia_fecha_26_11_2021_po_751932_número_de_pr | página 60]","SILOGISMO JURÍDICO:

1.  **PREMISA MAYOR:** La valoración probatoria de un mensaje de datos se realiza considerando la confiabilidad de la forma en que se haya generado, archivado o comunicado, la confiabilidad de la conservación de la integridad de la información, la forma en que se identifique a su iniciador y cualquier otro factor pertinente (Artículo 11, Corte Constitucional, C-622 de 2000, citado en SC5185-2021, pág. 45). La ponderación conjunta de pruebas, incluyendo documentos sin firmas que demuestran los términos de un acuerdo, correos electrónicos de envío y aprobación de contenido, y dictámenes periciales que certifiquen la veracidad y autenticidad de tales mensajes de datos, puede acreditar la celebración de un contrato (SC5185-2021, pág. 60).

2.  **PREMISA MENOR:** En el contexto de contratos celebrados mediante mensajes instantáneos donde no existe firma manuscrita ni firma digital certificada, el análisis del consentimiento se centra en la fuerza probatoria de los mensajes de datos. Esto implica evaluar la fiabilidad del proceso de comunicación electrónica, la integridad del contenido intercambiado y la identificación clara de los intervinientes. La aprobación de los términos contractuales o del contenido del acuerdo a través de estos medios electrónicos, aunque no esté formalmente firmada, puede ser considerada una manifestación de voluntad, especialmente si se corrobora con pruebas adicionales, como la certificación pericial de la autenticidad y veracidad de los mensajes.

3.  **CONCLUSIÓN:** La prueba del consentimiento en contratos celebrados mediante mensajes instantáneos, sin firma manuscrita ni firma digital certificada, se analiza a través de una valoración conjunta y exhaustiva de los mensajes de datos. Esta valoración debe atender a la confiabilidad de su generación, archivo, comunicación, la integridad de la información y la identificación del iniciador, pudiendo ser complementada con experticias que certifiquen su veracidad y autenticidad para acreditar la existencia del acuerdo y el consentimiento de las partes.",1,
111,¿Qué criterios permiten imputar a una parte el conocimiento de anexos o reglamentos externos mencionados por referencia en el contrato principal?,"Para imputar a una parte el conocimiento de anexos o reglamentos externos, en los casos en que las condiciones no aparezcan expresamente acordadas, se tendrán como condiciones del contrato aquellas de la póliza o anexo que el asegurador haya depositado en la Superintendencia Financiera para el mismo ramo, amparo, modalidad del contrato y tipo de riesgo.

Además, para que las exclusiones que consten en algún anexo resulten admisibles y se tenga por satisfecho el deber de información, el anexo deberá estar por lo menos enunciado en la primera página del contrato.

[SENTENCIA | Sentencias | sc2879_2022_clase_de_actuación_recurso_de_casación_tipo_de_providencia_sentencia_fecha_27_09_2022_po_781082_número_de_pr | página 123]","SILOGISMO JURÍDICO:

1.  **PREMISA MAYOR**: Para que las condiciones o exclusiones contenidas en anexos sean admisibles y se entienda satisfecho el deber de información, la jurisprudencia colombiana establece que el anexo deberá estar por lo menos enunciado en la primera página del contrato principal (Sentencia SC2879-2022, página 123). Complementariamente, el Artículo 1049 del Código de Comercio dispone que los anexos deben indicar la identidad precisa de la póliza a la que acceden.

2.  **PREMISA MENOR**: La pregunta busca los criterios para imputar a una parte el conocimiento de anexos o reglamentos externos mencionados por referencia en el contrato principal. El contexto recuperado indica que, para que tales anexos o exclusiones sean admisibles y se considere cumplido el deber de información, no basta con una mera referencia, sino que el anexo debe estar expresamente enunciado en la primera página del contrato. Además, el anexo debe identificar con precisión la póliza a la que se vincula.

3.  **CONCLUSIÓN**: Para imputar a una parte el conocimiento de anexos o reglamentos externos mencionados por referencia en el contrato principal, es indispensable que dichos anexos estén expresamente enunciados en la primera página del contrato principal, lo cual satisface el deber de información. Adicionalmente, los anexos deben indicar la identidad precisa de la póliza a la que acceden.",1,
112,"En un contrato de opción, ¿qué requisitos permiten diferenciar una verdadera opción irrevocable de una simple invitación a contratar futura?",No encontrado en el corpus. El contexto recuperado no contiene información suficiente para responder.,"**PREMISA MAYOR:**
El contexto recuperado no contiene normas o jurisprudencia que definan el contrato de opción, sus requisitos de irrevocabilidad, o los criterios para diferenciarlo de una simple invitación a contratar futura.

**PREMISA MENOR:**
La pregunta solicita los requisitos para diferenciar una verdadera opción irrevocable de una invitación a contratar futura en un contrato de opción. Sin embargo, el material proporcionado aborda temas como el abandono tácito de la culminación de un contrato, la conceptualización de obligaciones futuras, el incumplimiento contractual y las acciones derivadas del artículo 1546 del Código Civil, el carácter de orden público de ciertas leyes y la nulidad absoluta, la exigibilidad de obligaciones puras y simples, la distinción entre contratos ""de gre a gré"" y de adhesión, y aspectos de contratos de seguros y preexistencias. Ninguno de estos fragmentos ofrece una definición o los elementos distintivos específicos del contrato de opción o de la invitación a contratar que permitan establecer la diferenciación solicitada.

**CONCLUSIÓN:**
No es posible responder a la pregunta sobre los requisitos que permiten diferenciar una verdadera opción irrevocable de una simple invitación a contratar futura, ya que el contexto recuperado no proporciona la información necesaria para ello.",1,
113,¿Cómo se determina si la entrega anticipada de un bien antes del perfeccionamiento formal del contrato configura mera tenencia provisional o ejecución anticipada del negocio?,No encontrado en el corpus. El contexto recuperado no contiene información suficiente para responder.,"SILOGISMO JURÍDICO:

1.  **PREMISA MAYOR**: La determinación de la naturaleza de la entrega de un bien, ya sea como mera tenencia provisional o como parte de la ejecución de un contrato, depende de lo ""pactado"" entre las partes y de cómo dicha entrega se relaciona con el ""perfeccionamiento"" del contrato. La jurisprudencia distingue la ""tenencia del bien"" de la ""posesión"", señalando que un proceso fundado exclusivamente en la tenencia no interrumpe la posesión ni la prescripción adquisitiva extraordinaria de dominio [SENTENCIA | sc3727_2021, página 8]. Asimismo, se reconoce la existencia de una ""entrega provisional"" y se destaca que un ""Acta de Entrega"" puede documentar la entrega real y material de un bien para el ""ejercicio de su tenencia, conforme a lo pactado"", y que a partir de dicha entrega puede perfeccionarse el contrato, como en el caso de un arrendamiento [SENTENCIA | sc5185_2021, páginas 32 y 34]. Los tratos preliminares son relevantes para establecer la celebración del contrato y sus términos precisos [SENTENCIA | sc5185_2021, página 22].

2.  **PREMISA MENOR**: Para discernir si la entrega anticipada de un bien antes del perfeccionamiento formal del contrato constituye mera tenencia provisional o ejecución anticipada del negocio, es imperativo analizar la voluntad de las partes y los términos específicos acordados. Si la entrega se realiza explícitamente ""para el ejercicio de su tenencia, conforme a lo pactado"" y no se ha perfeccionado el contrato principal que le daría un carácter de ejecución, se trataría de mera tenencia provisional. Sin embargo, si la entrega, aunque anticipada a ciertos formalismos (como el registro de una compraventa), se efectúa en el marco de un acuerdo que ya se considera perfeccionado (por ejemplo, un contrato de arrendamiento que se perfecciona con la entrega y un acta correspondiente) y se destina al ejercicio de la tenencia según lo convenido, entonces la entrega se alinea con la ejecución de las obligaciones contractuales. La clave reside en la intención de las partes, manifestada en los acuerdos (incluyendo los tratos preliminares), y en si la entrega está destinada a la mera tenencia sin ánimo de señor y dueño, o si ya forma parte de la ejecución de un contrato perfeccionado que confiere la tenencia.

3.  **CONCLUSIÓN**: La determinación de si la entrega anticipada de un bien configura mera tenencia provisional o ejecución anticipada del negocio se establece a partir de lo ""pactado"" entre las partes, la finalidad de dicha entrega (si es para el ""ejercicio de su tenencia"") y si la misma se enmarca en el ""perfeccionamiento"" del contrato o es una fase previa a este. Si la entrega se realiza para el ejercicio de la tenencia conforme a un acuerdo que perfecciona el contrato (como un arrendamiento), se considera parte de la ejecución contractual. Si, por el contrario, la entrega es meramente provisional y no implica el perfeccionamiento del contrato ni la intención de transferir la posesión, se tratará de mera tenencia.",1,
114,"Si una parte formula reservas al momento de recibir la prestación pero continúa ejecutando el contrato, ¿cómo incide ello sobre su posterior acción resolutoria o indemnizatoria?",No encontrado en el corpus. El contexto recuperado no contiene información suficiente para responder.,,0,"503 UNAVAILABLE. {'error': {'code': 503, 'message': 'This model is currently experiencing high demand. Spikes in demand are usually temporary. Please try again later.', 'status': 'UNAVAILABLE'}}"
115,¿Qué tratamiento jurídico merece una cláusula que impone al deudor la carga de probar su ausencia de culpa en cualquier supuesto de incumplimiento?,No encontrado en el corpus. El contexto recuperado no contiene información suficiente para responder.,"SILOGISMO JURÍDICO:

1.  **PREMISA MAYOR:** En el Derecho Contractual Civil Colombiano, ante el incumplimiento de una obligación, la culpa del deudor se presume con la mera inejecución o ejecución incompleta o demorada de la prestación convenida. Por consiguiente, la carga de la prueba para desvirtuar esta presunción y exonerarse de responsabilidad recae sobre el deudor, quien debe demostrar que su incumplimiento obedeció a una causa extraña (fuerza mayor o caso fortuito) que sobrevino sin su culpa, o que empleó la diligencia y cuidado debidos para hacer posible la ejecución de su obligación (Sentencias SC2202_2019, página 66; SC4786_2020, página 20; SC5176_2020, página 20). Esta regla probatoria es una excepción a la máxima general de que ""quien demanda... incumbe en principio probar sus alegaciones"" (Sentencia SC9193_2017, página 110), ya que el instituto jurídico que rige el caso exige la prueba de la ausencia de culpa al deudor (Sentencia SC2202_2019, página 68).

2.  **PREMISA MENOR:** Una cláusula contractual que impone al deudor la carga de probar su ausencia de culpa en cualquier supuesto de incumplimiento no hace más que reiterar o confirmar una regla probatoria ya establecida por el ordenamiento jurídico. La ley ya presume la culpa del deudor ante el incumplimiento y le asigna la carga de probar su diligencia o una causa extraña para exonerarse de responsabilidad.

3.  **CONCLUSIÓN:** Dicha cláusula contractual merece el tratamiento jurídico de ser **válida y conforme a derecho**, ya que no altera sustancialmente la distribución legal de la carga de la prueba en materia de responsabilidad contractual, sino que se alinea con la presunción de culpa del deudor y la consecuente obligación de este de probar su diligencia o una causa extraña para exonerarse de responsabilidad.",1,
116,¿Cómo debe analizarse la compatibilidad entre cláusula penal y reclamación adicional de perjuicios cuando el contrato no regula expresamente su relación?,"Según el artículo 1600 del Código Civil, no podrá pedirse a la vez la pena y la indemnización de perjuicios, a menos de haberse estipulado así expresamente. Sin embargo, siempre estará al arbitrio del acreedor pedir la indemnización o la pena. Incluso si el contrato estipula una cláusula penal como estimación anticipada de perjuicios, el contratante cumplido tiene la opción de pedir aquella o el resarcimiento de los perjuicios efectivamente ocasionados.

En la hipótesis de incumplimiento recíproco de las convenciones, por ser una situación no regulada expresamente por la ley, se impone la aplicación analógica de los preceptos que se ocupan de los casos de incumplimiento contractual. En este escenario, está al alcance de cualquiera de los contratantes solicitar la resolución o el cumplimiento forzado del acuerdo de voluntades, pero sin que haya lugar a reclamar ni a reconocer indemnización de perjuicios, quedando comprendido dentro de esta limitación el cobro de la cláusula penal.

[SENTENCIA | Sentencias | sc5185_2021_clase_de_actuación_recurso_de_casación_tipo_de_providencia_sentencia_fecha_26_11_2021_po_751932_número_de_pr | página 70]
[SENTENCIA | Sentencias | sc3666_2021_clase_de_actuación_recurso_de_casación_tipo_de_providencia_sentencia_fecha_25_08_2021_po_742226_número_de_pr | página 29]","SILOGISMO JURÍDICO:

1.  **PREMISA MAYOR:** Según el artículo 1600 del Código Civil, ""[n]o podrá pedirse a la vez la pena y la indemnización de perjuicios, a menos de haberse estipulado así expresamente; pero siempre estará al arbitrio del acreedor pedir la indemnización o la pena"". Esto significa que, incluso si existe una cláusula penal como estimación anticipada de perjuicios, el contratante cumplido tiene la opción de pedir aquella o el resarcimiento de los perjuicios efectivamente ocasionados. Si escoge la pena, no debe demostrar la causación del daño ni su cuantía; si reclama la reparación, sí debe acreditar su ocurrencia y monto.

2.  **PREMISA MENOR:** La pregunta se refiere a la compatibilidad entre la cláusula penal y la reclamación adicional de perjuicios cuando el contrato no regula expresamente su relación. Conforme a la norma citada, la ausencia de una estipulación expresa que permita pedir a la vez la pena y la indemnización de perjuicios implica que la regla general es la incompatibilidad para su cobro simultáneo. En este escenario, el acreedor no puede pedir ambas de forma concurrente, sino que debe ejercer su arbitrio para elegir entre una u otra.

3.  **CONCLUSIÓN:** Cuando el contrato no regula expresamente la relación entre la cláusula penal y la reclamación adicional de perjuicios, la compatibilidad debe analizarse bajo la premisa de que no pueden pedirse ambas a la vez. En consecuencia, el acreedor tiene la facultad de elegir entre solicitar el pago de la pena estipulada o la indemnización de los perjuicios efectivamente ocasionados, asumiendo las cargas probatorias correspondientes a cada elección.",1,
117,"En un contrato civil de colaboración, ¿qué criterios permiten distinguir subordinación, coordinación y autonomía para determinar la naturaleza de las obligaciones asumidas?","En un contrato civil de colaboración, los criterios para distinguir la naturaleza de las obligaciones asumidas son los siguientes:

1.  **Subordinación:** La subordinación jurídica es de la esencia del contrato de trabajo. Su ausencia da lugar a la configuración del contrato de naturaleza civil. (SENTENCIA | Sentencias | sc3663_2022_clase_de_actuación_recurso_de_casación_tipo_de_providencia_sentencia_fecha_22_11_2022_po_788788_número_de_pr | página 26)
2.  **Autonomía e Independencia:** Estas características se reflejan en el contrato de naturaleza civil, donde el contrato se inspira en la igualdad formal de las partes. (SENTENCIA | Sentencias | sc3663_2022_clase_de_actuación_recurso_de_casación_tipo_de_providencia_sentencia_fecha_22_11_2022_po_788788_número_de_pr | página 26)
3.  **Coordinación (o igualdad):** En la colaboración, se espera que la relación se desarrolle ""en pie de igualdad"", lo que implica que no haya estado uno de los colaboradores, con respecto al otro u otros, en un estado de dependencia proveniente de un contrato de arrendamiento de servicios, de un mandato o de cualquier otra convención. (SENTENCIA | Sentencias | sc2719_2022_clase_de_actuación_recurso_de_casación_tipo_de_providencia_sentencia_fecha_01_09_2022_po_779281_número_de_pr | página 28)","SILOGISMO JURÍDICO:

1.  **PREMISA MAYOR:**
    Según la jurisprudencia, la subordinación jurídica es de la esencia del contrato de trabajo, implicando un estado de dependencia. La ausencia de esta subordinación, por el contrario, da lugar a la configuración de un contrato de naturaleza civil, donde se refleja autonomía e independencia en la prestación del servicio. En la vinculación de naturaleza civil, el contrato se inspira en la igualdad formal de las partes, y la colaboración entre ellas se desarrolla en pie de igualdad, sin que una de ellas se encuentre en un estado de dependencia respecto de la otra.

2.  **PREMISA MENOR:**
    En un contrato civil de colaboración, la distinción entre subordinación, coordinación y autonomía para determinar la naturaleza de las obligaciones se establece por la ausencia de la subordinación característica de la relación laboral. Las obligaciones asumidas en este tipo de contrato se enmarcan en un contexto de autonomía e independencia de las partes, donde la relación se fundamenta en la igualdad formal y la colaboración se entiende como una coordinación entre sujetos que actúan sin dependencia jerárquica.

3.  **CONCLUSIÓN:**
    En un contrato civil de colaboración, los criterios que permiten distinguir la subordinación, coordinación y autonomía para determinar la naturaleza de las obligaciones asumidas son la ausencia de subordinación jurídica (dependencia), la presencia de autonomía e independencia en la prestación del servicio, y la igualdad formal de las partes, lo que configura una relación de coordinación entre ellas.",1,
118,¿Qué problemas jurídicos plantea la interpretación de un contrato redactado con términos contradictorios en distintas versiones idiomáticas igualmente firmadas por las partes?,No encontrado en el corpus. El contexto recuperado no contiene información suficiente para responder.,"SILOGISMO JURÍDICO:

1.  **PREMISA MAYOR:** La interpretación de los contratos debe buscar dar sentido a todas las estipulaciones, evitando aquellas que resten o cercenen sus efectos o desnaturalicen el negocio jurídico. En este sentido, se debe desestimar cualquier interpretación que desnaturalice el negocio jurídico o le reste efectos a una de sus cláusulas, y se debe preferir la interpretación que mejor cuadre con la naturaleza del contrato, considerándolo como un todo. Además, corresponde al juez investigar si las cláusulas litigiosas han sido verdaderamente aceptadas por las partes, evitando que constituyan una trampa (SC2879_2022, SC3689_2021, SC13925_2016).

2.  **PREMISA MENOR:** La existencia de un contrato con términos contradictorios en distintas versiones idiomáticas igualmente firmadas por las partes plantea el problema jurídico de determinar la voluntad real y unificada de los contratantes. Ante la contradicción, se dificulta establecer el alcance exacto de los derechos y obligaciones, y se corre el riesgo de que una interpretación anule o desnaturalice el acuerdo. El juez se ve en la necesidad de conciliar estas disposiciones conflictivas, aplicando los principios de interpretación contractual para preservar la naturaleza y el propósito del contrato en su conjunto, asegurando que las cláusulas hayan sido genuinamente aceptadas y evitando que la contradicción se convierta en una ""trampa"" para alguna de las partes.

3.  **CONCLUSIÓN:** Los problemas jurídicos que plantea la interpretación de un contrato redactado con términos contradictorios en distintas versiones idiomáticas igualmente firmadas por las partes radican en la dificultad de establecer la verdadera voluntad de los contratantes y el alcance preciso de sus obligaciones y derechos. Esto exige al operador jurídico aplicar criterios interpretativos que busquen dar sentido a todas las estipulaciones, evitar la desnaturalización del negocio jurídico, y asegurar que la interpretación se ajuste a la naturaleza del contrato considerado como un todo, descartando aquellas lecturas que anulen o cercenen los efectos del acuerdo o que no reflejen una aceptación genuina de las cláusulas.",1,
119,"¿Cómo debe examinarse una cláusula que incorpora por remisión “la legislación aplicable” sin especificar jurisdicción, pese a que una de las partes tiene vínculos con otro país?",No encontrado en el corpus. El contexto recuperado no contiene información suficiente para responder.,,0,"503 UNAVAILABLE. {'error': {'code': 503, 'message': 'This model is currently experiencing high demand. Spikes in demand are usually temporary. Please try again later.', 'status': 'UNAVAILABLE'}}"
120,"En una controversia contractual compleja, ¿qué metodología debería seguir un modelo para justificar cada afirmación con fuente normativa o documental verificable y evitar alucinaciones de autoridad, contaminación jurisdiccional o falsedad lógica?","Para justificar cada afirmación con fuente normativa o documental verificable y evitar alucinaciones de autoridad, contaminación jurisdiccional o falsedad lógica en una controversia contractual compleja, se debe seguir la siguiente metodología:

1.  **Sustentar y demostrar cada afirmación de forma concreta y completa**: Se requiere explicar y demostrar las trasgresiones de la ley, evitando generalizaciones, aludir globalmente a lo probado en el proceso o reprochar de forma abstracta las decisiones adoptadas. Cada cargo debe proponerse de forma concreta y completa.
    *   [SENTENCIA | Sentencias | sc042_2022_clase_de_actuación_recurso_de_casación_tipo_de_providencia_sentencia_fecha_07_02_2022_pon_758076_número_de_pr | página 108]

2.  **Demostrar con elementos probatorios idóneos**: El vínculo causal debe demostrarse con elementos probatorios idóneos de conformidad con el marco fáctico de circunstancias. La prueba debe ser completa, segura, plena y convincente, y las inferencias o deducciones deben ser graves, precisas y convergentes.
    *   [SENTENCIA | Sentencias | sc3460_2021_clase_de_actuación_recurso_de_casación_tipo_de_providencia_sentencia_fecha_18_08_2021_po_741106_número_de_pr | página 24]
    *   [SENTENCIA | Sentencias | 11001_3103_032_2002_00083_01_clase_de_actuacion_recurso_de_casacion_tipo_de_providencia_sentencia_su_227890_número_de_pr | página 26]

3.  **Aplicar las reglas de la sana crítica, la lógica formal y la experiencia**: Las conclusiones deben cimentarse bajo el prisma de la sana crítica, la lógica formal y las reglas de la experiencia. Esto implica tener en cuenta las necesarias conexiones, concordancias o discrepancias entre los diversos componentes probatorios y usar las reglas de la lógica, de la ciencia y de la experiencia aplicables al caso.
    *   [SENTENCIA | Sentencias | obligaciones_a_plazo | página 9]
    *   [SENTENCIA | Sentencias | sc5065_2020_clase_de_actuación_recurso_de_casación_tipo_de_providencia_sentencia_fecha_14_12_2020_po_717243_número_de_pr | página 16]
    *   [SENTENCIA | Sentencias | sc3460_2021_clase_de_actuación_recurso_de_casación_tipo_de_providencia_sentencia_fecha_18_08_2021_po_741106_número_de_pr | página 24]

4.  **Conjugar los métodos analítico y sintético en la evaluación probatoria**: Se debe realizar un estudio de lo fijado de cada prueba (método analítico) y un análisis del todo con la parte (método sintético) para lograr plena coherencia y sacar las inferencias respectivas.
    *   [SENTENCIA | Sentencias | sc5065_2020_clase_de_actuación_recurso_de_casación_tipo_de_providencia_sentencia_fecha_14_12_2020_po_717243_número_de_pr | página 16]

5.  **Para la interpretación contractual, adoptar una visión periférica o sistemática**: Se debe considerar el clausulado de manera interrelacionada e integrar un todo que reclame un sentido unívoco. Además, es posible apoyarse en la interpretación que las mismas partes hayan hecho en otro contrato sobre la misma materia, o por la aplicación práctica que hayan efectuado de ellas ambas partes.
    *   [SENTENCIA | Sentencias | sc2879_2022_clase_de_actuación_recurso_de_casación_tipo_de_providencia_sentencia_fecha_27_09_2022_po_781082_número_de_pr | página 77]","SILOGISMO JURÍDICO:

1.  **PREMISA MAYOR:**
    La jurisprudencia colombiana establece que la justificación de cualquier afirmación en una controversia contractual debe adherirse estrictamente a las reglas de la sana crítica, que comprenden la aplicación de la lógica, la ciencia y la experiencia (SC5065_2020, p. 16). Esto implica que cada acusación o afirmación debe sustentarse de forma concreta, completa y específica, explicando y demostrando las trasgresiones o fundamentos legales, y evitando meras generalizaciones, alusiones globales a lo probado o reproches abstractos (SC042_2022, p. 108). Las conclusiones deben cimentarse adecuadamente mediante la conjunción de indicios y pruebas, bajo el prisma de la sana crítica, la lógica formal y las reglas de la experiencia, asegurando que las inferencias o deducciones sean graves, precisas y convergentes, y que la prueba resultante sea completa, segura, plena y convincente (obligaciones_a_plazo, p. 9; 11001_3103_032_2002, p. 26). Adicionalmente, la interpretación contractual demanda una visión periférica o sistemática del clausulado, considerando la interrelación de las estipulaciones y la aplicación práctica que las partes hayan efectuado (SC2879_2022, p. 77).

2.  **PREMISA MENOR:**
    Para que un modelo justifique cada afirmación con fuente normativa o documental verificable y evite alucinaciones de autoridad, contaminación jurisdiccional o falsedad lógica en una controversia contractual compleja, debe implementar una metodología que integre los principios jurisprudenciales mencionados. Esto significa que el modelo no solo debe identificar y citar las fuentes, sino también procesar la información de manera que cada afirmación sea el resultado de un análisis lógico y coherente, basado en pruebas idóneas y una interpretación sistemática del contrato y la ley aplicable. La metodología debe asegurar que las inferencias sean sólidas y que la argumentación sea específica, evitando cualquier salto lógico o atribución de autoridad sin respaldo explícito en el contexto recuperado.

3.  **CONCLUSIÓN:**
    La metodología que un modelo debería seguir para justificar cada afirmación con fuente normativa o documental verificable y evitar alucinaciones de autoridad, contaminación jurisdiccional o falsedad lógica en una controversia contractual compleja es la siguiente:
    1.  **Justificación Concreta y Específica:** Cada afirmación debe ser sustentada de forma concreta, completa y específica, explicando y demostrando los fundamentos legales o fácticos, evitando generalizaciones o reproches abstractos.
    2.  **Aplicación Rigurosa de la Sana Crítica:** Las conclusiones deben cimentarse mediante la conjugación de indicios y pruebas, aplicando las reglas de la lógica formal, la ciencia y la experiencia, asegurando que las inferencias sean graves, precisas y convergentes, y que la prueba sea completa, segura, plena y convincente.
    3.  **Análisis Sistemático y Coherente:** Se debe adoptar una visión periférica o sistemática del clausulado contractual, considerando la interrelación de las estipulaciones y la interpretación práctica de las partes, utilizando métodos analíticos y sintéticos para lograr plena coherencia entre los diversos componentes probatorios.",1,
