ID_Pregunta,Pregunta,Respuesta_RAG_Base,Respuesta_Agente_CoT_CoV,Num_Revisiones_Agente,Error
1,"En un contrato de compraventa civil celebrado por escrito, una cláusula establece entrega inmediata del bien y otra dispone que la entrega solo procederá cuando el comprador obtenga aprobación bancaria, ¿cómo debe resolverse la contradicción interpretativa y qué criterios hermenéuticos deberían aplicarse para reconstruir la intención común de las partes?","Para resolver la contradicción interpretativa en un contrato de compraventa, la hermenéutica del negocio jurídico es pertinente en todo caso de disparidad, divergencia o diferencia respecto de su entendimiento recíproco. Una ""dualidad reglamentaria que podría lucir como contradictoria"" puede despejarse bajo el entendimiento de que las gestiones responden a momentos diferentes.

Los criterios hermenéuticos que deberían aplicarse para reconstruir la intención común de las partes son los señalados en la legislación civil (Arts. 28, 29, 1618 y 1622 del Código Civil). A estos criterios se incorpora la disciplina específica de la autonomía privada y libertad de contratación, para obtener, conforme a los principios explicativos, directrices y fundantes del acto y a los generales del ordenamiento, la relevancia de la ""recíproca intención de las partes"". La claridad del articulado o su significación lingüística no exceptúa el deber de precisar la finalidad común convergente de las partes, siendo la función del juzgador en la interpretación del negocio jurídico determinar su sentido.

**Citas:**
*   [SENTENCIA | Sentencias | 11001_3103_012_1999_01957_01_clase_de_actuación_recurso_de_casacion_tipo_de_providencia_sentencia_fe_227858_número_de_pr | página 0]
*   [SENTENCIA | Corte_Constitucional | T-466-11 | página 0]
*   [SENTENCIA | Sentencias | sc5141_2020_clase_de_actuación_recurso_de_casación_tipo_de_providencia_sentencia_fecha_16_12_2020_po_717717_número_de_pr | página 0]","SILOGISMO JURÍDICO:

1.  **PREMISA MAYOR:**
    La interpretación de los contratos en el Derecho Civil Colombiano se rige por criterios hermenéuticos consagrados en la disciplina del contrato y señalados en la legislación civil (Arts. 28, 29, 1618 y 1622 del Código Civil). El objetivo primordial de esta labor es determinar la ""recíproca intención de las partes"" y su ""finalidad común convergente,"" la cual no se reduce a una simple *quaestio voluntatis* y prevalece incluso sobre la claridad literal del articulado o su significación lingüística. La hermenéutica contractual es pertinente no solo en casos de ambigüedad, insuficiencia u oscuridad, sino en todo caso de ""disparidad, divergencia o diferencia respecto de su entendimiento recíproco."" En este proceso, se incorpora la disciplina de la autonomía privada y la libertad de contratación, y el juzgador, en su función de interpretar el negocio jurídico, debe determinar su sentido, pudiendo optar por una ""interpretación teleológica"" sobre una ""textual y restrictiva"" para desentrañar la verdadera voluntad. Una aparente equivocidad o contradicción puede resolverse bajo el entendimiento de que las gestiones o cláusulas responden a momentos diferentes.

2.  **PREMISA MENOR:**
    En el contrato de compraventa civil celebrado por escrito, la coexistencia de una cláusula que establece la ""entrega inmediata del bien"" y otra que dispone que la entrega ""solo procederá cuando el comprador obtenga aprobación bancaria"" genera una ""disparidad, divergencia o diferencia"" en el entendimiento de la obligación de entrega. Para resolver esta aparente contradicción, no basta con una interpretación textual y restrictiva, sino que es imperativo aplicar los criterios hermenéuticos para reconstruir la ""recíproca intención de las partes"" y su ""finalidad común convergente."" El juzgador deberá determinar el sentido del negocio jurídico, considerando si las cláusulas, a pesar de su formulación, responden a ""momentos diferentes"" o a una secuencia lógica de condiciones. La condición de aprobación bancaria, al ser un requisito financiero fundamental para la viabilidad de la compraventa, sugiere una intención de las partes de subordinar la entrega efectiva del bien a la confirmación de la capacidad de pago del comprador, lo cual se alinea con los principios de autonomía privada y libertad de contratación.

3.  **CONCLUSIÓN:**
    La contradicción interpretativa debe resolverse priorizando la ""recíproca intención de las partes"" y su ""finalidad común convergente,"" aplicando una ""interpretación teleológica"" sobre la literalidad de las cláusulas. Los criterios hermenéuticos a aplicar son los señalados en la legislación civil (Arts. 28, 29, 1618 y 1622 del Código Civil), incorporando los principios de autonomía privada y libertad de contratación. Es probable que la cláusula que condiciona la entrega a la aprobación bancaria represente una condición suspensiva o un momento previo y esencial para la materialización de la entrega, prevaleciendo sobre la disposición de entrega inmediata, la cual se entendería supeditada a la verificación de dicha aprobación.",1,
2,"Si dos partes pactan verbalmente la modificación del plazo de un contrato previamente escrito, pero el contrato original contiene una cláusula que exige que toda modificación conste por escrito, ¿qué valor jurídico tendría la modificación verbal y bajo qué supuestos podría producir efectos?","Pese a que el contrato original señale que solo podrá ser modificado por acuerdo escrito entre las partes, una decisión conjunta de las partes podría comportar una modificación sobre el término de vigencia del mismo. En este sentido, la alteración unilateral de los términos contractuales, o su lectura literal y maliciosa, se traducirían en un acto sorpresivo que traicionaría la confianza depositada. Por regla general, cualquier modificación de un contrato debe estar sometida al concurso de todas las personas que lo celebraron.

Citas:
*   [SENTENCIA | Corte_Constitucional | T-601-06 | página 0]
*   [SENTENCIA | Corte_Constitucional | T-065-15 | página 0]","SILOGISMO JURÍDICO:

1.  **PREMISA MAYOR:** Según la jurisprudencia de la Corte Constitucional, la modificación de un contrato debe estar sometida al concurso de todas las personas que lo celebraron, prohibiéndose la alteración unilateral de los términos contractuales (Corte Constitucional, T-065-15). Sin embargo, se ha reconocido que una decisión conjunta de las partes puede comportar una modificación sobre el término de vigencia de un contrato, incluso si el contrato original estipula que solo podrá ser modificado por acuerdo escrito (Corte Constitucional, T-601-06).

2.  **PREMISA MENOR:** En el caso planteado, las partes han pactado verbalmente la modificación del plazo de un contrato, lo cual se interpreta como una ""decisión conjunta de las partes"" sobre uno de los términos contractuales. Esta situación se presenta a pesar de la existencia de una cláusula en el contrato original que exige que toda modificación conste por escrito.

3.  **CONCLUSIÓN:** La modificación verbal del plazo del contrato, al ser una ""decisión conjunta"" de las partes, podría tener valor jurídico y producir efectos, especialmente en lo que respecta al término de vigencia, a pesar de la cláusula que exige la forma escrita. El supuesto bajo el cual produciría efectos es que dicha modificación verbal represente una ""decisión conjunta"" y no una alteración unilateral de los términos contractuales.",1,
3,¿Cómo debe interpretarse una cláusula penal pactada en un contrato civil cuando su redacción permite entenderla tanto como sanción moratoria como indemnización compensatoria?,No encontrado en el corpus. El contexto recuperado no contiene información suficiente para responder.,"SILOGISMO JURÍDICO:

1.  **PREMISA MAYOR:**
    La cláusula penal es una estipulación contractual en la que una persona se sujeta a una pena para asegurar el cumplimiento de una obligación, consistiendo en una valoración previa de la indemnización de perjuicios por el incumplimiento o retardo de la obligación principal (Artículo 1592 del Código Civil, según C-345-19). Existen cláusulas penales con función de indemnización compensatoria y otras con función moratoria. Si la cláusula penal tiene función de indemnización compensatoria, el acreedor no puede pedir a la vez la indemnización compensatoria y la pena estipulada para satisfacer una indemnización de la misma índole, pues se propiciaría un enriquecimiento indebido. En este caso, el artículo 1600 del Código Civil establece que ""siempre estará al arbitrio del acreedor pedir la indemnización o la pena"" (sc5185_2021, C-345-19). Por otro lado, la cláusula penal moratoria es compatible con la obligación principal (sc5185_2021, refiriéndose al Artículo 1594 del Código Civil). En la interpretación de las cláusulas contractuales, el sentido en que una cláusula pueda producir algún efecto deberá preferirse a aquel en que no sea capaz de producir efecto alguno (Artículo 1620 del Código Civil, sc038_2015).

2.  **PREMISA MENOR:**
    La pregunta busca la forma de interpretar una cláusula penal cuya redacción permite entenderla tanto como sanción moratoria como indemnización compensatoria. El contexto recuperado describe la naturaleza y las consecuencias jurídicas de cada tipo de cláusula penal (compensatoria y moratoria), así como la facultad del acreedor de optar entre la pena o la indemnización de perjuicios cuando la cláusula es compensatoria. Sin embargo, el contexto no establece una regla específica o un criterio de preferencia para resolver la ambigüedad en la clasificación inicial de una cláusula penal cuando su redacción permite ambas interpretaciones. La regla del artículo 1620 del Código Civil, que prefiere la interpretación que produce algún efecto, no es directamente aplicable para elegir entre dos efectos válidos y distintos (moratorio o compensatorio).

3.  **CONCLUSIÓN:**
    El contexto recuperado no proporciona una regla específica sobre cómo debe interpretarse una cláusula penal cuando su redacción permite entenderla tanto como sanción moratoria como indemnización compensatoria. El contexto se limita a definir la cláusula penal, diferenciar sus funciones (compensatoria y moratoria) y establecer las consecuencias jurídicas y las opciones del acreedor para cada una de ellas, sin ofrecer un criterio para resolver la ambigüedad en su clasificación inicial.",1,
4,"En un contrato de prestación de servicios civiles, ¿qué consecuencias jurídicas se derivan si la remuneración fue acordada de forma ambigua, usando simultáneamente una suma fija y un porcentaje sobre resultados, sin establecer regla de prevalencia?","En un contrato de prestación de servicios civiles, si la remuneración fue acordada de forma ambigua, se derivan las siguientes consecuencias jurídicas:

1.  Se realizará una ""forzosa interpretación sistemática del contrato de prestación de servicios"" para revelar la ""verdadera intención de las partes"" respecto a la remuneración.
    *   **Cita:** [SENTENCIA | Corte_Constitucional | T-624-02 | página 0]

2.  Para esclarecer las ambigüedades que el texto contractual presente, se aplicarán reglas de interpretación como la señalada en el artículo 1620 del Código Civil, que establece que ""el sentido en que una cláusula pueda producir algún efecto deberá preferirse a aquel en que no sea capaz de producir efecto alguno"". Esta regla es aplicable a cláusulas contractuales que pueden interpretarse en dos sentidos diversos, uno de los cuales no produciría efecto alguno.
    *   **Cita:** [SENTENCIA | Sentencias | sc038_2015_clase_de_actuación_recurso_de_casación_tipo_de_providencia_sentencia_fecha_02_02_2015_pon_356560_número_de_pr | página 0]

En un caso específico, ante una remuneración porcentual sujeta a ""resultados favorables"" que comportaba una condena a la demandada, la interpretación sistemática reveló que la verdadera intención de las partes era pactar una ""cuota litis"" en la que el porcentaje convenido se causaría siempre y cuando la decisión judicial fuese absolutoria.
*   **Cita:** [SENTENCIA | Corte_Constitucional | T-624-02 | página 0]","SILOGISMO JURÍDICO:

1.  **PREMISA MAYOR:** La interpretación de las cláusulas contractuales, especialmente cuando presentan ambigüedad, debe guiarse por principios que busquen darles efecto y desentrañar la verdadera intención de las partes. Conforme al artículo 1620 del Código Civil, ""el sentido en que una cláusula pueda producir algún efecto deberá preferirse a aquel en que no sea capaz de producir efecto alguno"". Esta interpretación debe ser sistemática para revelar la intención real de los contratantes, evitando resultados exorbitantes o desproporcionados y procurando el equilibrio y la justicia material en las prestaciones, dado el carácter sinalagmático de este tipo de contratos.

2.  **PREMISA MENOR:** En el escenario de un contrato de prestación de servicios civiles donde la remuneración se ha acordado de forma ambigua, combinando una suma fija y un porcentaje sobre resultados sin establecer una regla de prevalencia, se genera una indeterminación que impide la aplicación directa de la cláusula. Ante esta ambigüedad, no se anula la cláusula, sino que se hace necesaria una interpretación judicial. El juez deberá aplicar los principios de interpretación contractual para determinar el sentido en que la cláusula de remuneración pueda producir algún efecto, descartando aquellas interpretaciones que la hagan ineficaz. Esto implica una interpretación sistemática del contrato para discernir la verdadera intención de las partes, considerando que un resultado ""exorbitante y desproporcionado"" no encuadra dentro de lo sensato y la sindéresis, y buscando mantener el equilibrio de las prestaciones y la justicia material.

3.  **CONCLUSIÓN:** Las consecuencias jurídicas de una remuneración ambigua en un contrato de prestación de servicios civiles son que la cláusula no se considera ineficaz o nula, sino que requiere una interpretación judicial. El juez, aplicando las reglas de interpretación contractual, deberá determinar el sentido que le dé efecto a la cláusula, desentrañando la verdadera intención de las partes a través de un análisis sistemático del contrato, y buscando un resultado que sea sensato, proporcionado, equitativo y que mantenga el equilibrio contractual.",1,
5,"¿Puede considerarse perfeccionado un contrato civil cuando existe acuerdo sobre objeto y precio, pero las partes dejaron pendiente la definición de una condición de ejecución que calificaban como esencial?","No, un contrato civil no puede considerarse perfeccionado si las partes dejaron pendiente la definición de una condición de ejecución que calificaban como esencial.

Para el contrato de compraventa, por ejemplo, se establece que ""la escritura pública como la solemnidad ad substantiam actus"" es un elemento esencial, y ""el otorgamiento de este último acto debe ser el que reste por cumplir, cuando en la promesa los otros componentes del contrato concurran de la manera preestablecida en la ley"" (SENTENCIA | Sentencias | sc2221_2020_clase_de_actuación_recurso_de_casación_tipo_de_providencia_sentencia_fecha_13_07_2020_po_699010_número_de_pr | página 0).

Asimismo, para el ""contrato de compraventa de inmueble"", que es de naturaleza solemne, se requiere para su perfección ""tanto de título como de modo"". El contrato ""no hubiera podido perfeccionarse sin la inscripción en la oficina de registro"" (SENTENCIA | Corte_Constitucional | T-533-24 | página 0).","SILOGISMO JURÍDICO:

1.  **PREMISA MAYOR:**
    El contexto recuperado establece que para la perfección de ciertos contratos civiles, especialmente aquellos de naturaleza solemne como la compraventa de inmuebles, no es suficiente el acuerdo sobre la cosa vendida y el precio (el cual puede ser determinado o determinable), sino que se requiere el cumplimiento de solemnidades *ad substantiam actus*, como la escritura pública y la inscripción en el registro de instrumentos públicos. La ausencia de estos elementos esenciales impide el perfeccionamiento. Asimismo, se indica que si no se actualizan las ""exigencias acordadas"", las obligaciones pueden carecer de claridad y exigibilidad.

2.  **PREMISA MENOR:**
    En el caso planteado, aunque existe acuerdo sobre el objeto y el precio, las partes dejaron pendiente la definición de una ""condición de ejecución que calificaban como esencial"". Al ser calificada como esencial por las propias partes, su cumplimiento se convierte en un requisito fundamental para la plena formación del contrato o para la claridad y exigibilidad de las obligaciones que de él emanan. La falta de definición de esta condición esencial, por tanto, impide que el contrato alcance su estado de perfección, de manera análoga a la ausencia de una solemnidad esencial en los contratos solemnes o al incumplimiento de ""exigencias acordadas"".

3.  **CONCLUSIÓN:**
    No, un contrato civil no puede considerarse perfeccionado cuando, a pesar de existir acuerdo sobre objeto y precio, las partes dejaron pendiente la definición de una condición de ejecución que calificaban como esencial, dado que su cumplimiento es un requisito fundamental para la plena formación del contrato y para la claridad y exigibilidad de las obligaciones, según se desprende del tratamiento de los elementos esenciales y las exigencias acordadas en el contexto.",1,
6,"Si una de las partes firma un contrato confiando en una versión preliminar distinta de la versión final, ¿cómo se analiza jurídicamente el error en la formación del consentimiento y qué hechos serían decisivos para valorar su relevancia?","Jurídicamente, el error en la formación del consentimiento cuando una de las partes firma un contrato confiando en una versión preliminar distinta de la versión final se analiza considerando que los actos, tratos o conversaciones preliminares no son intrascendentes, sino que, una vez formado el consentimiento, son parte integrante de él y sirven como medios auxiliares para interpretar la verdadera intención de las partes, cristalizada en las cláusulas del contrato (cas. civ. junio 28/1989, citado en [SENTENCIA | Sentencias | 11001_3103_012_1999_01957_01_clase_de_actuación_recurso_de_casacion_tipo_de_providencia_sentencia_fe_227858_número_de_pr | página 0]).

Este análisis busca determinar la existencia o no de un libre consentimiento en la suscripción del contrato, lo que puede obligar a desvirtuar probatoriamente la manifestación de voluntad clara y expresa contenida en escritura pública, si la hubiere, ya que el solo dicho de la denunciante no tiene la virtualidad de derrumbar lo expresado en instrumento público ([SENTENCIA | Corte_Constitucional | T-259-10 | página 0]). La alteración unilateral de alguno de los términos contractuales, o su lectura literal y maliciosa, se traducirían en un acto sorpresivo que traicionaría la confianza depositada, contrariando los principios de autonomía de la voluntad y buena fe ([SENTENCIA | Corte_Constitucional | T-065-15 | página 0]). También se considera si hubo un acuerdo subyacente para distorsionar la voluntad real o dar apariencia a la falta de volición ([SENTENCIA | Sentencias | sc2906_2021_clase_de_actuación_recurso_de_casación_tipo_de_providencia_sentencia_fecha_29_07_2021_po_739039_número_de_pr | página 0]).

Los hechos decisivos para valorar la relevancia de este error serían:
*   La valoración integral y en conjunto del acervo probatorio, incluyendo el contrato, los documentos cruzados entre las partes, las pruebas practicadas en el proceso y el dictamen pericial ([SENTENCIA | Sentencias | sc3755_2022_clase_de_actuación_recurso_de_casación_tipo_de_providencia_sentencia_fecha_28_11_2022_po_789342_número_de_pr | página 0]).
*   La delimitación de los hechos probados antes de la celebración del contrato, durante su ejecución y con posterioridad a la terminación intempestiva ([SENTENCIA | Sentencias | sc3755_2022_clase_de_actuación_recurso_de_casación_tipo_de_providencia_sentencia_fecha_28_11_2022_po_789342_número_de_pr | página 0]).
*   La intención de las partes al momento de contratar ([SENTENCIA | Sentencias | sc3755_2022_clase_de_actuación_recurso_de_casación_tipo_de_providencia_sentencia_fecha_28_11_2022_po_789342_número_de_pr | página 0]).
*   El presunto desconocimiento de la tipología contractual, las condiciones y términos pactados, y la insuficiencia en las explicaciones relativas al objeto y finalidad del convenio, que pueden ser hechos reveladores de la falta de volición ([SENTENCIA | Sentencias | sc2906_2021_clase_de_actuación_recurso_de_casación_tipo_de_providencia_sentencia_fecha_29_07_2021_po_739039_número_de_pr | página 0]).","SILOGISMO JURÍDICO:

1.  **PREMISA MAYOR:**
    Los actos, tratos o conversaciones preliminares dirigidos a preparar la producción de un consentimiento contractual no son intrascendentes; por el contrario, una vez formado el consentimiento, son parte integrante de él y su importancia radica en servir como medios auxiliares para interpretar la verdadera intención de las partes, cristalizada en las cláusulas del contrato (cas. civ. junio 28/1989). La celebración y ejecución de un contrato, conforme a los principios de autonomía de la voluntad y buena fe, permite a los contratantes confiar en la palabra del otro y tener una expectativa cierta de los efectos jurídicos del acuerdo. Una alteración unilateral de los términos contractuales o una lectura literal y maliciosa de estos se traduciría en un acto sorpresivo que traicionaría la confianza depositada (Corte Constitucional T-065-15). La jurisprudencia también ha señalado que el presunto desconocimiento de la tipología contractual, las condiciones y términos pactados, y la insuficiencia en las explicaciones relativas al objeto y finalidad del convenio, pueden ser hechos reveladores de la falta de volición o de un acuerdo subyacente para distorsionar la voluntad real (sc2906_2021).

2.  **PREMISA MENOR:**
    Si una de las partes firma un contrato final confiando en una versión preliminar distinta, el error en la formación del consentimiento debe analizarse a la luz de la importancia de los actos preliminares como parte integrante del consentimiento y como medios auxiliares para interpretar la verdadera intención. La discrepancia entre la versión preliminar y la final, especialmente si implica una alteración unilateral de los términos, podría constituir un acto sorpresivo que traiciona la confianza depositada y vulnera el principio de buena fe. Para valorar la relevancia de este error, es decisivo determinar la existencia o no de un libre consentimiento en la suscripción del contrato final. Esto requiere una valoración integral del acervo probatorio, incluyendo la intención de la parte al momento de contratar, los documentos cruzados entre las partes, las pruebas practicadas en el proceso, y si hubo insuficiencia en las explicaciones relativas al objeto y finalidad del convenio. No basta con el solo dicho de la parte, sino que se debe desvirtuar probatoriamente la manifestación de voluntad clara y expresa contenida en el instrumento final.

3.  **CONCLUSIÓN:**
    Jurídicamente, el error en la formación del consentimiento cuando una parte firma un contrato confiando en una versión preliminar distinta de la versión final se analiza considerando los actos preliminares como parte integrante del consentimiento y como medios auxiliares para interpretar la verdadera intención de las partes. Los hechos decisivos para valorar su relevancia incluyen la demostración de una alteración unilateral de los términos contractuales que traicione la confianza y la buena fe, la insuficiencia de explicaciones sobre el objeto y finalidad del convenio, y la valoración integral de las pruebas que den cuenta de la intención de la parte al momento de contratar y de los hechos probados antes de la celebración del contrato, buscando corroborar la existencia de una distorsión de la voluntad real o la falta de volición.",1,
7,"En un contrato de arrendamiento civil con dos cláusulas incompatibles sobre reajuste del canon, una anual por IPC y otra libremente determinada por el arrendador, ¿qué método interpretativo permite resolver la incompatibilidad sin vaciar el contrato de eficacia?","Para resolver la incompatibilidad de cláusulas en un contrato de arrendamiento civil, como las relativas al reajuste del canon, sin vaciar el contrato de eficacia, se pueden aplicar los siguientes métodos interpretativos basados en el Código Civil:

1.  **Preferencia del sentido que produce efecto:** Se debe preferir el sentido en que una cláusula pueda producir algún efecto a aquel en que no sea capaz de producir efecto alguno. Esta regla es aplicable a cláusulas contractuales que pueden interpretarse en dos sentidos diversos, uno de los cuales no haría producir a la cláusula o al contrato efecto alguno, por lo cual debe desestimarse.
    *   **Cita:** [SENTENCIA | Sentencias | sc038_2015_clase_de_actuación_recurso_de_casación_tipo_de_providencia_sentencia_fecha_02_02_2015_pon_356560_número_de_pr | página 0] (Artículo 1620 del Código Civil)

2.  **Interpretación sistemática:** Las cláusulas de un contrato se interpretarán unas por otras, dándosele a cada una el sentido que mejor convenga al contrato en su totalidad.
    *   **Cita:** [NORMA | Codigo_Civil | Ley desconocida | Artículo 1622 | codigo_civil_intro_rag] (Artículo 1622 del Código Civil)","SILOGISMO JURÍDICO:

1.  **PREMISA MAYOR:**
    Según el Código Civil Colombiano, existen reglas específicas para la interpretación de los contratos. El artículo 1622 establece que ""Las cláusulas de un contrato se interpretarán unas por otras, dándosele a cada una el sentido que mejor convenga al contrato en su totalidad"". Adicionalmente, el artículo 1620 señala que ""el sentido en que una cláusula pueda producir algún efecto deberá preferirse a aquel en que no sea capaz de producir efecto alguno"". Estas normas buscan esclarecer ambigüedades y resolver contradicciones, garantizando la eficacia y coherencia del acuerdo contractual.

2.  **PREMISA MENOR:**
    En un contrato de arrendamiento civil donde coexisten dos cláusulas incompatibles sobre el reajuste del canon —una que estipula un ajuste anual por el IPC y otra que permite al arrendador determinarlo libremente—, es necesario aplicar un método interpretativo que resuelva esta contradicción sin anular la eficacia del contrato. La cláusula que establece el reajuste anual por IPC ofrece un mecanismo objetivo, claro y legalmente reconocido, produciendo un efecto jurídico determinado y ejecutable. Por otro lado, la cláusula que permite al arrendador determinar libremente el reajuste, si se interpreta como una facultad arbitraria, podría generar incertidumbre, ser considerada ineficaz o incluso inválida por su falta de especificidad o potencial abuso. Para resolver esta incompatibilidad, la interpretación sistemática (Artículo 1622) es fundamental, ya que busca armonizar ambas cláusulas dándoles el sentido que mejor se integre al propósito general del contrato y asegure su validez y ejecutabilidad. Esta interpretación se complementa con el principio de eficacia (Artículo 1620), que orienta a preferir la lectura que permita a la cláusula producir un efecto jurídico claro y válido.

3.  **CONCLUSIÓN:**
    Para resolver la incompatibilidad entre las dos cláusulas sobre el reajuste del canon en un contrato de arrendamiento civil sin vaciar el contrato de eficacia, el método interpretativo aplicable es la **interpretación sistemática** (Artículo 1622 del Código Civil). Este método exige interpretar las cláusulas ""unas por otras, dándosele a cada una el sentido que mejor convenga al contrato en su totalidad"", lo que, guiado por el principio de preferir el sentido que produzca algún efecto (Artículo 1620 del Código Civil), llevaría a favorecer la cláusula que establece el reajuste anual por IPC, por ser un mecanismo objetivo, claro y eficaz, garantizando así la operatividad de la disposición contractual sobre el reajuste del canon.",1,
8,¿Cómo debe abordarse la interpretación de una cláusula oscura redactada exclusivamente por una de las partes cuando su sentido favorece claramente a quien la redactó?,"Cuando una cláusula es oscura (ambigua) y ha sido extendida o dictada por una de las partes, debe interpretarse en contra de quien la redactó, siempre que la ambigüedad provenga de la falta de una explicación que haya debido darse por ella. Esto se considera una auténtica sanción.

Además, las consecuencias negativas derivadas del incumplimiento del deber de redactar las cláusulas con claridad, sin vacíos ni ambigüedades, deben ser asumidas por quien las estipuló.

En el caso de las condiciones generales de los contratos, estas serán interpretadas de la manera más favorable al consumidor.

Citas:
*   [SENTENCIA | Sentencias | sc2879_2022_clase_de_actuación_recurso_de_casación_tipo_de_providencia_sentencia_fecha_27_09_2022_po_781082_número_de_pr | página 0]
*   [SENTENCIA | Corte_Constitucional | T-591-17 | página 0]
*   [NORMA | Ley_1480 | Ley 1480 | Artículo 34 | ley_1480_rag]","SILOGISMO JURÍDICO:

1.  **PREMISA MAYOR:**
    Según el contexto recuperado, el inciso final del artículo 1624 del Código Civil, referido en la [SENTENCIA | Sentencias | sc2879_2022], establece una sanción para las cláusulas ambiguas extendidas o dictadas por una de las partes, sea acreedora o deudora, al ordenar interpretarlas en contra de ella, siempre que la ambigüedad provenga de la falta de una explicación que haya debido darse por dicha parte. Este principio busca contrarrestar la mala fe negocial o el propósito de derivar ventajas unilaterales. Adicionalmente, la [SENTENCIA | Corte_Constitucional | T-591-17] señala que las cláusulas contractuales deben redactarse con claridad, sin vacíos ni ambigüedades, so pena de que las consecuencias negativas derivadas del incumplimiento de este deber sean asumidas por quien las estipuló. En el ámbito de los contratos de consumo, el Artículo 34 de la Ley 1480 (Estatuto del Consumidor) dispone que las condiciones generales de los contratos serán interpretadas de la manera más favorable al consumidor, y en caso de duda, prevalecerán las cláusulas más favorables al consumidor.

2.  **PREMISA MENOR:**
    La pregunta plantea la situación de una cláusula oscura redactada exclusivamente por una de las partes, cuyo sentido favorece claramente a quien la redactó. Conforme a la normativa y jurisprudencia citada, la oscuridad o ambigüedad de una cláusula redactada unilateralmente por una de las partes, especialmente si esta favorece a quien la estipuló, debe ser interpretada en su contra. Esto se aplica como una medida para evitar que la parte redactora se beneficie de su propia falta de claridad o de la omisión de una explicación debida. Si el contrato involucra a un consumidor, la interpretación desfavorable a la parte redactora se refuerza por el principio pro consumatore.

3.  **CONCLUSIÓN:**
    La interpretación de una cláusula oscura redactada exclusivamente por una de las partes, cuyo sentido favorece claramente a quien la redactó, debe abordarse interpretándola en contra de la parte que la redactó. Esta regla se aplica como una sanción por la ambigüedad o falta de claridad atribuible a quien tuvo la carga de redactar la cláusula de manera inteligible, y se refuerza en el contexto de contratos de consumo en favor del consumidor.",1,
9,"En un contrato de mandato, si el mandatario actuó dentro de los fines generales del negocio pero excedió instrucciones particulares, ¿cómo se determina si sus actos obligan al mandante frente al tercero?","El mandante cumplirá las obligaciones que a su nombre ha contraído el mandatario dentro de los límites del mandato.

Cita: Artículo 2186 del Código Civil.","SILOGISMO JURÍDICO:

1.  **PREMISA MAYOR:** El Artículo 2186 del Código Civil Colombiano establece que ""El mandante cumplirá las obligaciones que a su nombre ha contraido el mandatario dentro de los límites del mandato."" Adicionalmente, la jurisprudencia (SC3890-2021) precisa que si el mandatario da a conocer su condición intermediaria y actúa a nombre del mandante, es este quien asume sus compromisos, obligaciones y responsabilidades ante terceros, vinculando al mandante y al tercero.

2.  **PREMISA MENOR:** La pregunta plantea un escenario en el que el mandatario actuó ""dentro de los fines generales del negocio"" pero ""excedió instrucciones particulares"". El contexto recuperado, si bien establece la regla general de que el mandante está obligado por los actos realizados ""dentro de los límites del mandato"", no proporciona una distinción explícita ni una regla específica para determinar cómo el exceso de instrucciones particulares, aun cuando se mantenga dentro de los fines generales del negocio, afecta la calificación de si los actos se encuentran ""dentro de los límites del mandato"" a efectos de obligar al mandante frente a terceros.

3.  **CONCLUSIÓN:** Basándose estrictamente en el contexto recuperado, el mandante estará obligado por los actos del mandatario si estos se contrajeron ""dentro de los límites del mandato"" y el mandatario actuó a nombre del mandante. No obstante, el contexto no ofrece la regla específica para determinar si el hecho de que el mandatario haya excedido instrucciones particulares, aunque se mantenga dentro de los fines generales del negocio, implica que sus actos están o no ""dentro de los límites del mandato"" para vincular al mandante frente a terceros.",1,
10,¿Qué efectos produce en la validez de un contrato civil la discrepancia entre la causa expresada en el texto contractual y la causa real perseguida por las partes?,"De conformidad con las disposiciones del Código Civil, es nulo todo acto o contrato al que falta alguno de los requisitos que la ley prescribe para su valor. La nulidad absoluta, según el artículo 1740, es la producida por un objeto o causa ilícita.

[SENTENCIA | Sentencias | sc3755_2022 | página 0]","SILOGISMO JURÍDICO:

1.  **PREMISA MAYOR:**
    El ordenamiento jurídico colombiano establece que es nulo todo acto o contrato al que le falte alguno de los requisitos que la ley prescribe para su valor, siendo la nulidad absoluta aquella producida por un objeto o causa ilícita (Sentencia sc3755_2022). En la interpretación de los contratos, no es admisible restringirse al sentido natural u obvio de las palabras o al tenor literal, incluso si es claro, cuando las partes le atribuyen un significado divergente, debiendo el hermeneuta buscar la verdadera intención (Sentencia 11001_3103_012_1999_01957_01). Las partes, al celebrar un contrato, razonablemente desean su eficacia y la obtención de resultados prácticos, por lo que el juez debe preferir la preservación del mismo, pues sería absurdo suponer la celebración de un contrato para que no produzca efecto alguno (Sentencia 25269_3103_002_2005_00199_01).

2.  **PREMISA MENOR:**
    Ante una discrepancia entre la causa expresada en el texto contractual y la causa real perseguida por las partes, el análisis de la validez del contrato requiere que se indague la verdadera intención de los contratantes, trascendiendo el tenor literal del documento. Si, al determinar la causa real, esta resulta ser ilícita, el contrato adolecerá de nulidad absoluta, conforme a lo dispuesto por la ley. Por el contrario, si la causa real, aunque distinta de la expresada, es lícita y cumple con los requisitos legales, la validez del contrato se mantendrá, en virtud del principio de preservación del negocio jurídico y la prevalencia de la intención de las partes de que el contrato produzca efectos.

3.  **CONCLUSIÓN:**
    La discrepancia entre la causa expresada en el texto contractual y la causa real perseguida por las partes produce efectos en la validez del contrato civil de la siguiente manera: si la causa real, una vez determinada mediante la interpretación de la verdadera intención de las partes, es ilícita, el contrato será absolutamente nulo. En cualquier otro caso donde la causa real sea lícita, la validez del contrato se preservará, prevaleciendo la intención real de las partes sobre el tenor literal.",1,
11,"Si en una promesa de compraventa las partes pactaron celebrar el contrato definitivo cuando “se normalice la situación registral del inmueble”, ¿esa expresión puede considerarse una condición suficientemente determinada para exigir cumplimiento?",No encontrado en el corpus. El contexto recuperado no contiene información suficiente para responder.,"SILOGISMO JURÍDICO:

1.  **PREMISA MAYOR:** El contrato prometido debe estar determinado con sus elementos característicos ""con tal intensidad y precisión que para su perfeccionamiento sólo falte la tradición de la cosa o el agotamiento de las solemnidades legales"" (Corte Constitucional, T-1026-03). Esta exigencia de precisión es fundamental para que la promesa de compraventa sea una fuente de derechos y obligaciones (Corte Suprema de Justicia, sc10326_2014).

2.  **PREMISA MENOR:** La pregunta se refiere a la suficiencia de la expresión ""se normalice la situación registral del inmueble"" como condición para exigir el cumplimiento del contrato definitivo. No obstante, el contexto recuperado no contiene ninguna referencia, definición o análisis jurídico específico sobre la expresión ""se normalice la situación registral del inmueble"" ni sobre condiciones de esta naturaleza. Por lo tanto, no se dispone de elementos en el contexto para evaluar si dicha frase cumple con la ""intensidad y precisión"" requerida para los elementos de un contrato prometido.

3.  **CONCLUSIÓN:** Basándose *únicamente* en el contexto recuperado, no es posible determinar si la expresión ""se normalice la situación registral del inmueble"" puede considerarse una condición suficientemente determinada para exigir el cumplimiento del contrato definitivo, ya que el contexto no proporciona información para analizar la precisión de dicha frase.",2,
12,¿Cómo se diferencia jurídicamente una obligación condicional de una obligación a plazo cuando la cláusula contractual usa lenguaje impreciso sobre un evento futuro?,"Jurídicamente, una obligación condicional se diferencia de una obligación a plazo por la naturaleza del acontecimiento futuro del que dependen:

1.  **Obligación condicional**: Es aquella que depende de una condición, es decir, de un acontecimiento futuro que puede suceder o no. Se somete a un ""hecho futuro incierto"".
    *   **Cita**: Artículo 1530 del Código Civil; Sentencia SC3674_2021.

2.  **Obligación a plazo**: Es aquella cuyo cumplimiento se difiere a una época determinada. El plazo es un ""término futuro y cierto"", lo que significa que el cumplimiento de la obligación solo puede demandarse después de que llega el tiempo prefijado para el pago.
    *   **Cita**: Artículo 1551 y 1553 del Código Civil; Sentencia SC1170_2022; Sentencia SC3674_2021.

La diferencia fundamental radica en que la condición es un ""hecho futuro incierto"", mientras que el plazo es un ""término futuro y cierto"".

En cuanto a cómo se diferencia jurídicamente una obligación condicional de una obligación a plazo cuando la cláusula contractual usa lenguaje impreciso sobre un evento futuro, el contexto recuperado no contiene información suficiente para responder.","SILOGISMO JURÍDICO:

1.  **PREMISA MAYOR:**
    *   **Obligación Condicional:** Es aquella que depende de una condición, entendida como un acontecimiento futuro que *puede suceder o no* (Art. 1530 C.C.). La jurisprudencia de la Corte ha reiterado que se somete a un ""hecho futuro incierto"" (SC3674_2021). Mientras la condición esté pendiente, la obligación no es exigible (T-624-02).
    *   **Obligación a Plazo:** Es aquella cuyo cumplimiento se difiere a una ""época que se determina para el cumplimiento de la obligación"" (Art. 1551 C.C. citado en SC1170_2022). Se somete a un ""término futuro y cierto"" (SC3674_2021), lo que significa que, aunque la obligación ya existe, su cumplimiento solo puede demandarse después de que llega el tiempo prefijado para el pago (SC1170_2022).

2.  **PREMISA MENOR:**
    Ante una cláusula contractual que utiliza lenguaje impreciso sobre un evento futuro, la diferenciación jurídica entre una obligación condicional y una obligación a plazo no se altera en sus fundamentos. La clave sigue siendo determinar si el evento futuro es de ocurrencia *cierta* o *incierta*. La imprecisión en el lenguaje contractual requerirá un análisis para establecer si el acontecimiento en cuestión es uno que *inevitablemente sucederá* (plazo), o si su ocurrencia es *contingente y puede o no materializarse* (condición). Aunque la Corte ha señalado que las cláusulas contractuales deben ser claras, expresas y exigibles (T-749-04), la dificultad técnica o imprecisión en la redacción de un evento futuro no cambia la definición legal de condición o plazo, sino que impone el reto de discernir la naturaleza de la contingencia del evento.

3.  **CONCLUSIÓN:**
    La diferenciación jurídica entre una obligación condicional y una obligación a plazo, incluso cuando la cláusula contractual usa lenguaje impreciso sobre un evento futuro, radica en la *certeza o incertidumbre de la ocurrencia de dicho evento*. Si el evento futuro es incierto (puede o no suceder), la obligación es condicional. Si el evento futuro es cierto (inevitablemente sucederá, aunque su momento exacto sea indeterminado), la obligación es a plazo. La imprecisión del lenguaje no modifica estos criterios legales, sino que exige determinar la naturaleza contingente del evento para su correcta clasificación.",1,
13,"En un contrato de mutuo entre particulares, ¿qué análisis debe hacerse si se pactan intereses sin claridad sobre su tasa, periodicidad ni momento de exigibilidad?",No encontrado en el corpus. El contexto recuperado no contiene información suficiente para responder.,"SILOGISMO JURÍDICO:

1.  **PREMISA MAYOR:** La jurisprudencia de la Corte Constitucional y la Corte Suprema de Justicia establecen que, si bien se espera el ""cabal y exacto cumplimiento"" de los acuerdos contractuales, incluyendo el pacto de intereses (C-965-03), los contratos pueden presentar falta de claridad en sus términos, como la fecha de pago o las sanciones de intereses (T-198-03). En tales situaciones, es relevante considerar que existen normas de orden público, como las referidas en el artículo 1168 del Código Civil y el artículo 68 de la Ley 45 de 1990, que definen lo que se reputa como intereses y no son modificables por acuerdo de las partes (1100131030142001_01489_01). Además, el principio de publicidad y la necesidad de informar de forma clara, precisa y comprensible sobre las condiciones contractuales, incluso en el contexto de variaciones, subraya la importancia de la transparencia en las obligaciones (T-221-10).

2.  **PREMISA MENOR:** En el caso de un contrato de mutuo entre particulares donde se pactan intereses sin claridad sobre su tasa, periodicidad o momento de exigibilidad, se presenta una situación de ambigüedad contractual similar a la descrita en la Sentencia T-198-03, donde la falta de claridad sobre los intereses y las fechas de pago generaba incertidumbre. Esta falta de precisión impide el ""cabal y exacto cumplimiento"" de la obligación de intereses. Ante la ausencia de estipulaciones claras por parte de los contratantes, el análisis debe dirigirse a las normas de orden público que regulan la materia de intereses, las cuales proveen un marco legal supletorio o imperativo para determinar estos aspectos, tal como lo sugiere la referencia a los artículos 1168 del Código Civil y 68 de la Ley 45 de 1990 (1100131030142001_01489_01). La aplicación de estas normas legales sería necesaria para suplir la voluntad de las partes y definir los elementos esenciales de los intereses pactados.

3.  **CONCLUSIÓN:** Si en un contrato de mutuo entre particulares se pactan intereses sin claridad sobre su tasa, periodicidad ni momento de exigibilidad, el análisis debe concluir que, ante la ambigüedad contractual, se debe recurrir a las normas de orden público que regulan los intereses en el Derecho Civil colombiano. Estas disposiciones legales, que definen lo que se reputa como interés y establecen límites o parámetros para su determinación, suplirán la falta de estipulación expresa de las partes, garantizando así la exigibilidad y el cumplimiento de la obligación de intereses conforme a la ley.",1,
14,¿Cómo se determina la prevalencia entre una cláusula especial y una cláusula general cuando ambas regulan el mismo supuesto de incumplimiento con consecuencias distintas?,"Cuando se configura una antinomia total-parcial entre cánones o disposiciones, en caso de incompatibilidad, prevalecerá la particular por fuerza del principio de especialidad. Una disposición especial prevalece sobre cualquier otra que regule el mismo asunto en otros asuntos. El carácter residual de la cláusula general implica que esta debe aplicarse solo en los casos en que la conducta denunciada no se encuadre en alguno de los tipos especiales.

Citas:
*   [SENTENCIA | Sentencias | sc487_2022_clase_de_actuación_recurso_de_casación_tipo_de_providencia_sentencia_fecha_04_04_2022_pon_764531_número_de_pr | página 0]
*   [SENTENCIA | Corte_Constitucional | SU-1010-08 | página 0]
*   [SENTENCIA | Sentencias | sc4174_2021_clase_de_actuación_recurso_de_casación_tipo_de_providencia_sentencia_fecha_13_10_2021_po_747572_número_de_pr | página 0]","SILOGISMO JURÍDICO:

1.  **PREMISA MAYOR:** En el Derecho Contractual Civil Colombiano, cuando se configura una antinomia, especialmente una total-parcial, entre cánones o disposiciones que regulan el mismo asunto, se impone acudir a su interpretación conjunta. Sin embargo, en caso de incompatibilidad, prevalecerá la disposición particular (o especial) por fuerza del principio de especialidad. La disposición general se aplica de manera residual, es decir, solo en los casos en que la conducta no se encuadre en alguno de los tipos especiales (Sentencia SC487-2022, Sentencia SU-1010-08, Sentencia SC4174-2021).

2.  **PREMISA MENOR:** La pregunta plantea una situación en la que una cláusula especial y una cláusula general regulan el mismo supuesto de incumplimiento, pero con consecuencias distintas. Esta diferencia en las consecuencias implica una incompatibilidad entre ambas cláusulas respecto al régimen aplicable al incumplimiento. Conforme al principio de especialidad, la cláusula que regula de forma particular el supuesto específico de incumplimiento debe prevalecer sobre la cláusula general.

3.  **CONCLUSIÓN:** Para determinar la prevalencia entre una cláusula especial y una cláusula general que regulan el mismo supuesto de incumplimiento con consecuencias distintas, prevalecerá la cláusula especial por aplicación del principio de especialidad, en virtud de la incompatibilidad de sus efectos.",1,
15,"Si un contrato civil remite a anexos técnicos no firmados por las partes, ¿qué criterios permiten establecer si esos anexos quedaron válidamente incorporados al contenido obligacional?",No encontrado en el corpus. El contexto recuperado no contiene información suficiente para responder.,"SILOGISMO JURÍDICO:

1.  **PREMISA MAYOR:** El contexto recuperado no establece criterios explícitos y directos sobre la validez de la incorporación de anexos técnicos *no firmados* al contenido obligacional de un contrato civil. No obstante, la Corte Constitucional ha señalado que ciertas obligaciones pueden ""inferirse mediante la cabal interpretación del acuerdo negocial"" o que su existencia puede ""finque su existencia en la naturaleza del contrato ajustado entre ellas"" (`[SENTENCIA | Corte_Constitucional | SU-029-24]`). Asimismo, se ha indicado que los ""conceptos técnicos"" pueden entenderse ""de acuerdo con el uso común que se les da, tal como lo establece el artículo 28 del Código Civil"", o ser ""dilucidados por"" el juez (`[SENTENCIA | Corte_Constitucional | T-280-03]`). También se hace referencia a ""documentos exigidos contractualmente"" (`[SENTENCIA | Corte_Constitucional | T-140-22]`) y a ""documentos tipo"" que ""deberán incluirse en los pliegos de condiciones"" (`[SENTENCIA | Corte_Constitucional | C-119-20]`), lo que sugiere que la remisión o exigencia contractual es un mecanismo de integración.

2.  **PREMISA MENOR:** En el escenario de un contrato civil que remite a anexos técnicos no firmados, la ausencia de firma individual en los anexos no es un factor explícitamente abordado en el contexto para determinar su incorporación. Sin embargo, aplicando los principios de interpretación contractual mencionados, si el contrato principal hace una referencia clara y unívoca a los anexos técnicos, o si la naturaleza del contrato y el objeto negocial hacen indispensable la aplicación de dicho contenido técnico, se podría inferir que estos anexos forman parte del acuerdo obligacional. La posibilidad de que los conceptos técnicos sean interpretados por el juez o por su uso común refuerza la idea de que el contenido técnico puede ser vinculante si es parte del acuerdo inferido, independientemente de la firma individual del anexo. La exigencia contractual de ciertos documentos también es un indicio de su incorporación.

3.  **CONCLUSIÓN:** Basándose *únicamente* en el contexto recuperado, los criterios para establecer si anexos técnicos no firmados quedaron válidamente incorporados al contenido obligacional de un contrato civil se derivan de la **cabal interpretación del acuerdo negocial principal y la naturaleza del contrato**. Si el contrato principal remite o exige dichos anexos, o si su contenido es esencial y se infiere de la naturaleza del acuerdo, se podría considerar su incorporación. La interpretación de los conceptos técnicos por el juez o por su uso común también puede contribuir a dilucidar su alcance obligacional.",1,
16,"En un contrato de obra, ¿cómo debe calificarse el incumplimiento del contratista cuando entrega la obra, pero esta presenta defectos funcionales que impiden su uso normal?","En un contrato de obra, cuando el contratista entrega la obra pero esta presenta defectos funcionales que impiden su uso normal, se califica como un incumplimiento de sus obligaciones. Esto se debe a que la obra contratada debe ejecutarse de conformidad con los lineamientos jurídicos y técnicos estipulados en el contrato, y la actuación del contratista no se ciñe a lo pactado, presentando ""errores o inconsistencias que se presenten en la ejecución del contrato de obra"".

En tal situación, el Interventor podrá exigirle al contratista que subsane dichos errores o inconsistencias, y su actuación podrá ser objeto de la imposición de multas o sanciones, llegando incluso a declarar la caducidad administrativa del contrato.

El incumplimiento se define como ""una situación antijurídica o contraria a derecho, que se presenta cuando el deudor se aparta u obra de manera distinta de lo que constituiría su proceder debido, implicado en la obligación a su cargo"".

Citas:
* SENTENCIA | Corte_Constitucional | T-621-05 | página 0
* SENTENCIA | Sentencias | sc1043_2021_clase_de_actuación_recurso_de_casación_tipo_de_providencia_sentencia_fecha_05_04_2021_po_726450_número_de_pr | página 0","SILOGISMO JURÍDICO:

1.  **PREMISA MAYOR:**
    Según la jurisprudencia, el incumplimiento contractual se configura como ""una situación antijurídica o contraria a derecho, que se presenta cuando el deudor se aparta u obra de manera distinta de lo que constituiría su proceder debido, implicado en la obligación a su cargo"", lo que incluye no satisfacer la finalidad para la cual se contrató el servicio (Sentencia sc1043_2021). En el ámbito de un contrato de obra, esto implica que la obra debe ejecutarse de conformidad con los lineamientos jurídicos y técnicos estipulados en el contrato. Cuando el contratista incumple sus obligaciones, el interventor puede exigirle que subsane los errores o inconsistencias que se presenten en la ejecución (Sentencia T-621-05). Además, en las obligaciones de resultado, la frustración del objeto contractual implica necesariamente el incumplimiento (Sentencia T-354-19).

2.  **PREMISA MENOR:**
    En el escenario descrito, el contratista entrega la obra, pero esta presenta defectos funcionales que impiden su uso normal. Esta situación evidencia que la obra no se ejecutó de conformidad con los lineamientos técnicos estipulados en el contrato, ni satisface la finalidad para la cual fue contratada. La existencia de defectos funcionales que obstaculizan el uso normal de la obra constituye una inconsistencia o error en la ejecución que se aparta del proceder debido y frustra el objeto contractual, a pesar de la entrega física.

3.  **CONCLUSIÓN:**
    La entrega de una obra con defectos funcionales que impiden su uso normal debe calificarse como un incumplimiento contractual del contratista, dado que no se ajusta a los lineamientos técnicos y jurídicos pactados y no satisface la finalidad esencial del contrato.",1,
17,¿Cuándo una ejecución defectuosa debe tratarse como cumplimiento imperfecto y cuándo como incumplimiento esencial que habilita resolución del contrato?,No encontrado en el corpus. El contexto recuperado no contiene información suficiente para responder.,"SILOGISMO JURÍDICO:

1.  **PREMISA MAYOR:**
    La acción de resolución por incumplimiento contractual tiene su fundamento legal en el artículo 1546 del Código Civil. El derecho a resolver el contrato se activa cuando el incumplimiento de la contraparte constituye un ""incumplimiento esencial"". La jurisprudencia establece que un incumplimiento se considera esencial, habilitando la resolución del contrato, cuando: 1) Afecta y hace imposible sustancialmente la satisfacción de los intereses o finalidades del contratante cumplido; 2) Las partes previeron en el programa contractual en forma expresa, concreta y específica obligaciones esenciales y determinantes para la ejecución del contrato y estas son infringidas; 3) Por causa del incumplimiento no existen razones, indicios, inferencias que permitan al acreedor confiar que el deudor incumplido no podrá hacia el futuro subsanar o cumplir las obligaciones desatendidas, y por tanto, el deudor no tendrá interés en conservar el negocio; 4) Se transforma en irreversible la economía negocial del contratante incumplido; o 5) Se evidencia mala fe o fraude en el comportamiento contractual del incumplido.

2.  **PREMISA MENOR:**
    Una ejecución defectuosa debe tratarse como ""incumplimiento esencial"" que habilita la resolución del contrato cuando dicha deficiencia en la ejecución se subsume en cualquiera de los criterios jurisprudenciales que definen la esencialidad del incumplimiento. Esto significa que la ejecución defectuosa debe ser de tal entidad que frustre sustancialmente los intereses del acreedor, infrinja una obligación contractual esencial, genere una pérdida de confianza insuperable en el deudor, altere irreversiblemente la economía del negocio o revele mala fe o fraude.
    Por otro lado, el contexto recuperado no define explícitamente cuándo una ejecución defectuosa debe tratarse como ""cumplimiento imperfecto"" que *no* habilita la resolución. Sin embargo, se desprende que si la ejecución defectuosa no cumple con los requisitos de esencialidad, no daría lugar a la resolución del contrato bajo esta causal. La jurisprudencia también indica que la excepción de contrato no cumplido, bajo una interpretación actual, enerva apenas la pretensión indemnizatoria consecuencial, dejando incólume la resolución o el cumplimiento deprecados, lo que sugiere que no toda ejecución defectuosa impide la resolución o el cumplimiento, sino que puede tener efectos limitados a los perjuicios.

3.  **CONCLUSIÓN:**
    Una ejecución defectuosa se tratará como ""incumplimiento esencial"" que habilita la resolución del contrato cuando cumpla con al menos uno de los criterios jurisprudenciales que definen la esencialidad del incumplimiento, tales como afectar sustancialmente los intereses del contratante cumplido, infringir obligaciones esenciales pactadas, generar una pérdida de confianza irreversible, transformar la economía negocial o evidenciar mala fe o fraude. Si la ejecución defectuosa no alcanza este umbral de esencialidad, no se considerará un incumplimiento esencial que habilite la resolución del contrato, aunque pueda dar lugar a otras consecuencias contractuales, como la afectación de la pretensión indemnizatoria.",1,
18,"Si una cláusula de exoneración de responsabilidad está redactada en términos amplios y genéricos, ¿hasta dónde puede desplegar efectos frente a culpa leve, culpa grave o dolo?","Una cláusula de exoneración de responsabilidad puede desplegar efectos de la siguiente manera:

*   **Frente a culpa grave o dolo**: Las cláusulas de irresponsabilidad son absolutamente nulas y, por ende, ineficaces cuando el obligado pretende eximirse de responsabilidad por su culpa grave, la cual en materia civil se asimila al dolo según el artículo 63 del Código Civil. Esto se debe a que el artículo 1522 de la misma obra niega validez a la condonación del dolo futuro y el 1523 estatuye que hay objeto ilícito en todo contrato prohibido por las leyes.
    *   Cita: [SENTENCIA | Sentencias | 11001_3103_026_2000_04366_01_clase_de_actuación_recurso_de_casacion_tipo_de_providencia_sentencia_fe_227862_número_de_pr | página 0]
*   **Frente a culpa leve y levísima**: Los contratantes pueden lícitamente pactar la exoneración de responsabilidad, y tal estipulación es plenamente eficaz, pues no se opone a la prohibición de la ley, ni a la moral o al orden público, ni a la responsabilidad civil que la ley, con carácter de orden público, consagra para estos casos.
    *   Cita: [SENTENCIA | Sentencias | 11001_3103_026_2000_04366_01_clase_de_actuación_recurso_de_casacion_tipo_de_providencia_sentencia_fe_227862_número_de_pr | página 0]

El contexto recuperado no especifica cómo la redacción ""en términos amplios y genéricos"" de una cláusula de exoneración de responsabilidad modifica estos efectos para culpa leve, culpa grave o dolo.","SILOGISMO JURÍDICO:

1.  **PREMISA MAYOR:**
    Según la jurisprudencia nacional, las cláusulas limitativas de responsabilidad son pactos que deben ser ""expresos, claros e inequívocos"". En cuanto a su validez, las cláusulas de irresponsabilidad que pretenden eximir al obligado de responsabilidad por su culpa grave, la cual se asimila al dolo según el artículo 63 del Código Civil, son ""absolutamente nulas y por ende ineficaces"". Esto se debe a que la ley no da validez a la condonación del dolo futuro y prohíbe contratos con objeto ilícito. Por el contrario, tratándose de la culpa leve y levísima, los contratantes ""pueden lícitamente pactar la exoneración de responsabilidad, siendo plenamente eficaz"" dicha cláusula, con ciertas limitaciones legales. (Basado en [SENTENCIA | Sentencias | 11001_3103_026_2000_04366_01]).

2.  **PREMISA MENOR:**
    La pregunta se refiere a los efectos de una cláusula de exoneración de responsabilidad redactada en términos amplios y genéricos frente a culpa leve, culpa grave o dolo. El contexto recuperado establece de manera clara la ineficacia de las cláusulas que buscan exonerar la responsabilidad por culpa grave o dolo, y la validez de aquellas que lo hacen para culpa leve o levísima. Sin embargo, el contexto no proporciona información específica que vincule la ""redacción amplia y genérica"" de una cláusula con una alteración o modificación de estas reglas de validez o eficacia para los distintos niveles de culpa. Aunque se menciona que las cláusulas limitativas deben ser ""expresas, claras e inequívocas"", y en un caso particular de contrato de seguro se señaló que una ""cláusula de exclusiones resulta genérica y amplia"" generando desventaja, el contexto no establece una regla general sobre cómo la genericidad de la redacción afecta la validez de la exoneración para culpa grave/dolo o culpa leve/levísima.

3.  **CONCLUSIÓN:**
    Una cláusula de exoneración de responsabilidad, independientemente de si está redactada en términos amplios y genéricos, no puede desplegar efectos para eximir la responsabilidad por culpa grave o dolo, ya que tales pactos son absolutamente nulos e ineficaces. Para la culpa leve y levísima, las cláusulas de exoneración son lícitas y plenamente eficaces, siempre que cumplan con las limitaciones legales. El contexto recuperado no especifica cómo la amplitud o genericidad de la redacción de la cláusula afecta la aplicación de estas reglas sobre los niveles de culpa.",2,
19,¿Cómo se analiza la validez de una cláusula contractual que traslada todos los riesgos previsibles e imprevisibles a una sola parte sin distinguir origen ni control del riesgo?,"La validez de una cláusula contractual que traslada todos los riesgos previsibles e imprevisibles a una sola parte sin distinguir origen ni control del riesgo se analiza considerando si genera un desequilibrio significativo de cara a los derechos y las obligaciones que contraen las partes. Esta característica es arquetípica de las cláusulas abusivas.

Además, las cláusulas generales están destinadas a delimitar la extensión del riesgo asumido por el asegurador de tal modo que guarde la debida equivalencia con la tarifa aplicable al respectivo seguro. El objetivo de una cláusula es definir y delimitar el riesgo asegurable, concretizando el significado para que las partes tengan información suficiente acerca del hecho incierto, posible y aleatorio asegurado, y conozcan detalladamente el marco dentro del cual se puede hacer efectivo el amparo.

La aseguradora es quien debe asumir la carga de los defectos, omisiones o imprecisiones en los cuales haya incurrido en el clausulado del negocio jurídico, y mal podrían trasladársele esas irregularidades al tomador de la póliza. La parte dominante de la relación contractual no puede aducir su propia incuria para sustentar la no afectación de la póliza.

Citas:
*   [SENTENCIA | Sentencias | sc1806_2015_clase_de_actuación_recurso_de_casación_tipo_de_providencia_sentencia_fecha_24_02_2015_po_364208_número_de_pr]
*   [SENTENCIA | Corte_Constitucional | T-751-12 | página 0]
*   [SENTENCIA | Corte_Constitucional | T-902-13 | página 0]
*   [SENTENCIA | Corte_Constitucional | T-027-19 | página 0]","SILOGISMO JURÍDICO:

1.  **PREMISA MAYOR:**
    El análisis de la validez de las cláusulas contractuales, especialmente en contratos de adhesión como los de seguro, se rige por principios de claridad, buena fe y equilibrio. Las cláusulas deben definir y delimitar el riesgo asegurable, proporcionando información suficiente y un marco detallado para las partes (Corte Constitucional T-902-13, T-751-12). No deben presentar características de ambigüedad o generalidad que impidan su invocación (Corte Constitucional T-228-25) y deben ser claras en la oferta (Corte Constitucional T-071-17). Se consideran cláusulas abusivas aquellas que no han sido negociadas individualmente, lesionan los requerimientos de la buena fe negocial y generan un desequilibrio significativo en los derechos y obligaciones de las partes (Sentencia SC1806-2015). Además, la parte que redacta el clausulado (generalmente la dominante) debe asumir la carga de los defectos, omisiones o imprecisiones en que haya incurrido, no pudiendo trasladar esas irregularidades al tomador de la póliza que se adhiere a los términos (Corte Constitucional T-027-19).

2.  **PREMISA MENOR:**
    Una cláusula contractual que traslada todos los riesgos previsibles e imprevisibles a una sola parte sin distinguir su origen ni control, presenta características de excesiva generalidad y ambigüedad. Esta falta de especificidad impide la adecuada definición y delimitación del riesgo, contraviniendo el propósito de las cláusulas de proporcionar información suficiente y un marco detallado del amparo. Tal disposición genera un desequilibrio significativo en los derechos y obligaciones de las partes, lesionando los requerimientos de la buena fe negocial, lo que la acerca a la definición de una cláusula abusiva. Adicionalmente, si esta cláusula es impuesta por la parte dominante, su generalidad y falta de distinción constituyen un defecto o imprecisión en el clausulado, cuya carga no puede ser trasladada a la parte adherente.

3.  **CONCLUSIÓN:**
    Una cláusula contractual que traslada todos los riesgos previsibles e imprevisibles a una sola parte sin distinguir origen ni control del riesgo sería analizada con estrictez y, con alta probabilidad, considerada inválida o ineficaz. Esto se debe a su ambigüedad, generalidad, la generación de un desequilibrio significativo entre las partes, la vulneración de la buena fe negocial y la imposibilidad de trasladar la carga de su imprecisión a la parte adherente.",1,
20,"En un contrato celebrado por correo electrónico, ¿qué elementos serían jurídicamente relevantes para acreditar la existencia del consentimiento y el momento del perfeccionamiento?","Para acreditar la existencia del consentimiento y el momento del perfeccionamiento en un contrato celebrado por correo electrónico, los elementos jurídicamente relevantes, según el contexto, son:

1.  **Existencia del consentimiento**:
    *   El contrato se perfecciona con el ""solo consentimiento de las partes"". (SENTENCIA | Corte_Constitucional | T-035-06 | página 0; SENTENCIA | Corte_Constitucional | T-427-14 | página 0)
    *   Los ""antecedentes"" son relevantes para ""establecer la celebración del contrato y sus precisos términos"", especialmente en convenciones consensuales. (SENTENCIA | Sentencias | sc5185_2021_clase_de_actuación_recurso_de_casación_tipo_de_providencia_sentencia_fecha_26_11_2021_po_751932_número_de_pr | página 0)
    *   En relación con la comunicación electrónica, se puede aportar un ""concepto técnico sobre su autenticidad"". Un experto puede analizar y determinar las ""direcciones de correo electrónico"" de ambas partes (si fueron creadas en servidores privados y públicos y si cada usuario pertenece a los diferentes dominios asociados a sus servidores de correo) y ""todos los correos que cruzaron información"". (SENTENCIA | Sentencias | sc5185_2021_clase_de_actuación_recurso_de_casación_tipo_de_providencia_sentencia_fecha_26_11_2021_po_751932_número_de_pr | página 0)
    *   Un escrito no es menester para la prueba ad solemnitatem o ad probationem en contratos consensuales, y el contrato ""bien puede probarse por otros medios"". (SENTENCIA | Corte_Constitucional | T-035-06 | página 0)

2.  **Momento del perfeccionamiento**:
    *   El contrato se perfecciona con el ""solo consentimiento de las partes"". (SENTENCIA | Corte_Constitucional | T-035-06 | página 0)
    *   El análisis de ""todos los correos que cruzaron información"" entre las partes es relevante para determinar la comunicación que establece dicho consentimiento. (SENTENCIA | Sentencias | sc5185_2021_clase_de_actuación_recurso_de_casación_tipo_de_providencia_sentencia_fecha_26_11_2021_po_751932_número_de_pr | página 0)","SILOGISMO JURÍDICO:

1.  **PREMISA MAYOR:**
    En el Derecho Contractual Civil Colombiano, los contratos consensuales se perfeccionan con el solo consentimiento de las partes, sin que sea menester un escrito para su validez o prueba *ad solemnitatem* o *ad probationem*. La redacción de un escrito solo deja memoria del acuerdo de voluntades, y la naturaleza consensual del negocio permite que este pueda probarse por otros medios (Corte Constitucional, T-035-06). Para establecer la celebración de un contrato y sus precisos términos, especialmente en convenciones consensuales, se pueden utilizar diversos antecedentes (CSJ SC5185-2021). Las comunicaciones electrónicas, como los correos electrónicos, pueden ser aportadas como prueba de la celebración del contrato, y su autenticidad puede ser determinada mediante concepto técnico de expertos, analizando elementos como las direcciones de correo electrónico, los servidores utilizados y la información cruzada entre las partes (CSJ SC5185-2021).

2.  **PREMISA MENOR:**
    En el caso de un contrato celebrado por correo electrónico, para acreditar la existencia del consentimiento, los elementos jurídicamente relevantes serían el contenido de los correos electrónicos que demuestren el acuerdo de voluntades sobre los elementos esenciales del contrato (como la cosa y el precio en un arrendamiento, según T-427-14, aplicable por analogía a los elementos esenciales de cualquier contrato). La autenticidad de estas comunicaciones es fundamental, y se puede establecer mediante un concepto técnico que analice las direcciones de correo electrónico, los servidores de origen y destino, y la coherencia de la información intercambiada entre las partes. El momento del perfeccionamiento del contrato, al ser consensual, se daría en el instante en que el intercambio de correos electrónicos revele el ""solo consentimiento"" de las partes, es decir, cuando se evidencie un acuerdo de voluntades sobre los términos esenciales del negocio a través de la información que ""cruzaron"" los correos de ambas partes.

3.  **CONCLUSIÓN:**
    Para acreditar la existencia del consentimiento en un contrato celebrado por correo electrónico, los elementos jurídicamente relevantes son el contenido de los mensajes que reflejen el acuerdo de voluntades sobre los elementos esenciales del contrato, y la autenticidad de dichas comunicaciones, la cual puede ser probada mediante un concepto técnico que analice las direcciones de correo, los servidores y la información cruzada. El momento del perfeccionamiento se establece en el instante en que el intercambio de correos electrónicos demuestre el ""solo consentimiento"" de las partes sobre los términos esenciales del contrato.",1,
21,"¿Qué diferencia existe entre interpretar una cláusula ambigua y suplir un vacío contractual, y por qué esa distinción es crítica al evaluar la fidelidad de una respuesta jurídica?","La diferencia entre interpretar una cláusula ambigua y suplir un vacío contractual se establece en el contexto de la siguiente manera:

1.  **Interpretar una cláusula ambigua:**
    *   Cuando el juez advierte ""ambigüedad, vaguedad o anfibología de la demanda"", está obligado a interpretarla en busca de su ""sentido genuino sin alterarlo ni sustituirlo, consultando la prevalencia del derecho sustancial"" (SENTENCIA | Sentencias | sc3631_2021_clase_de_actuación_recurso_de_casación_tipo_de_providencia_sentencia_fecha_25_08_2021_po_741667_número_de_pr | página 0).
    *   La interpretación del negocio jurídico es necesaria ""respecto de cláusulas oscuras, ambiguas"" (SENTENCIA | Sentencias | 11001_3103_012_1999_01957_01_clase_de_actuación_recurso_de_casacion_tipo_de_providencia_sentencia_fe_227858_número_de_pr | página 0).
    *   El Código Civil sienta reglas para ""esclarecer las ambigúedades que el texto contractual presenta"", como la del artículo 1620 que señala que ""el sentido en que una cláusula pueda producir algún efecto deberá preferirse a aquel en que no sea capaz de producir efecto alguno"" (SENTENCIA | Sentencias | sc038_2015_clase_de_actuación_recurso_de_casación_tipo_de_providencia_sentencia_fecha_02_02_2015_pon_356560_número_de_pr | página 0).
    *   Las cláusulas ambiguas que hayan sido extendidas o dictadas por una de las partes se interpretarán contra ella, según el artículo 1624 del Código Civil (SENTENCIA | Corte_Constitucional | T-591-17 | página 0).

2.  **Suplir un vacío contractual (o legal):**
    *   Un vacío legal se configura cuando una situación específica, como el incumplimiento de las obligaciones que se desprende de un contrato sinalagmático por parte de los dos extremos, ""no es cuestión regulada por el artículo 1546 del Código Civil y que, como ninguna otra norma de ese ordenamiento se ocupa de dicha específica situación"" (SENTENCIA | Sentencias | sc3666_2021_clase_de_actuación_recurso_de_casación_tipo_de_providencia_sentencia_fecha_25_08_2021_po_742226_número_de_pr | página 0).
    *   En tal caso, se colige la ""plena aplicación del artículo 8” de la Ley 153 de 1887"" para la aplicación analógica (SENTENCIA | Sentencias | sc3666_2021_clase_de_actuación_recurso_de_casación_tipo_de_providencia_sentencia_fecha_25_08_2021_po_742226_número_de_pr | página 0).

La distinción es crítica porque la ambigüedad implica que una disposición existe pero su significado es incierto, requiriendo una labor de interpretación para desentrañar su ""sentido genuino"" (SENTENCIA | Sentencias | sc3631_2021_clase_de_actuación_recurso_de_casación_tipo_de_providencia_sentencia_fecha_25_08_2021_po_741667_número_de_pr | página 0). En contraste, un vacío contractual o legal se refiere a la ausencia total de una norma o estipulación para una situación dada, lo que exige la aplicación de principios generales o la analogía para llenar esa laguna (SENTENCIA | Sentencias | sc3666_2021_clase_de_actuación_recurso_de_casación_tipo_de_providencia_sentencia_fecha_25_08_2021_po_742226_número_de_pr | página 0). El contexto no especifica directamente por qué esta distinción es crítica al evaluar la fidelidad de una respuesta jurídica, pero muestra que son situaciones jurídicas distintas que requieren diferentes herramientas y enfoques legales.","SILOGISMO JURÍDICO:

1.  **PREMISA MAYOR:**
    *   **Interpretación de cláusulas ambiguas:** La interpretación del negocio jurídico es necesaria respecto de cláusulas oscuras, ambiguas o anfibológicas, buscando su sentido genuino sin alterarlo ni sustituirlo, y consultando la prevalencia del derecho sustancial (SC3631-2021, 11001-3103-012-1999-01957-01). Para ello, se aplican reglas como preferir el sentido en que una cláusula pueda producir algún efecto (Art. 1620 C.C., SC038-2015) o interpretar las cláusulas ambiguas contra quien las estipuló, especialmente en contratos de adhesión donde la ambigüedad provenga de la falta de explicación debida (Art. 1624 C.C., T-591-17). El objetivo es establecer las condiciones pactadas desde una lectura literal para respetar el principio de voluntariedad (T-093-23).
    *   **Suplir un vacío contractual:** Un vacío legal o contractual se configura cuando una situación específica no está regulada por ninguna norma o disposición contractual. En estos casos, se recurre a la aplicación analógica de normas que regulan casos próximos, como el artículo 8 de la Ley 153 de 1887, para encontrar una solución (SC3666-2021).

2.  **PREMISA MENOR:**
    La diferencia fundamental radica en que la **interpretación de una cláusula ambigua** busca desentrañar el significado de un texto *existente* que es poco claro, vago o impreciso, con el fin de determinar la verdadera esencia y objeto de lo que las partes ya acordaron (SC5191-2020). El juez debe buscar el sentido genuino de la cláusula sin alterarla ni sustituirla (SC3631-2021). Por el contrario, **suplir un vacío contractual** implica llenar una *ausencia* de regulación sobre una situación específica dentro del contrato, donde no hay texto al cual atribuir un sentido, sino una laguna que requiere la aplicación de principios generales o analogía para proveer una solución (SC3666-2021).

    Esta distinción es crítica al evaluar la fidelidad de una respuesta jurídica porque:
    *   **Respeto a la autonomía de la voluntad:** La interpretación se ciñe a lo que las partes quisieron expresar, aunque lo hayan hecho de forma deficiente, buscando respetar el principio de voluntariedad (T-093-23). Suplir un vacío, en cambio, introduce una solución que no fue explícitamente pactada, aunque necesaria para la funcionalidad del contrato.
    *   **Límites de la función judicial:** Confundir ambos conceptos podría llevar a un juez a ""crear"" obligaciones o derechos bajo el pretexto de interpretar, o a ignorar la voluntad de las partes alegando un vacío donde solo hay ambigüedad. El juez está obligado a interpretar sin alterar ni sustituir el sentido genuino (SC3631-2021), mientras que al suplir un vacío, su labor es integrar el contrato con base en el ordenamiento jurídico.
    *   **Evitar formalismos excesivos:** Una interpretación excesivamente formalista puede desconocer la función protectora de la jurisprudencia (T-228-25), pero esto no significa que se deba suplir un vacío cuando lo que existe es una cláusula mal redactada que puede ser interpretada. La fidelidad exige aplicar la herramienta correcta para el problema correcto.

3.  **CONCLUSIÓN:**
    En síntesis, interpretar una cláusula ambigua es desentrañar el sentido de un texto contractual existente pero poco claro, sin alterarlo, mientras que suplir un vacío contractual es integrar el contrato ante la ausencia de regulación para una situación específica. Esta distinción es crucial para la fidelidad de una respuesta jurídica, ya que garantiza el respeto a la autonomía de la voluntad de las partes, delimita la función judicial a la hora de aplicar o integrar el contrato, y evita tanto el formalismo excesivo como la creación indebida de obligaciones, asegurando que la solución jurídica se derive correctamente de lo pactado o de la ley aplicable por analogía.",1,
22,"Si una cláusula dispone que el deudor responderá “por cualquier perjuicio”, ¿esa redacción permite presumir inclusión automática de lucro cesante, daño emergente y daños indirectos?","El contexto recuperado no afirma que una cláusula que disponga que el deudor responderá “por cualquier perjuicio” permita presumir automáticamente la inclusión de lucro cesante, daño emergente y daños indirectos de forma ilimitada.

Por el contrario, el contexto señala que:
*   Un deudor contractual puede obligarse expresamente a indemnizar cualquier daño generado por su incumplimiento (SENTENCIA | Sentencias | sc780_2020).
*   Sin embargo, la palabra “todos” (similar en alcance a ""cualquier perjuicio"") debe ser matizada, pues la extensión del perjuicio no se define en el ámbito de la causalidad directa, próxima o inmediata, sino que es limitada por el juez con base en criterios jurídicos (SENTENCIA | Sentencias | sc780_2020).
*   El artículo 1616 del Código Civil establece que, si no se puede imputar dolo al deudor, solo es responsable de los perjuicios que se previeron o pudieron preverse al tiempo del contrato; pero si hay dolo, es responsable de todos los perjuicios que fueron consecuencia inmediata o directa (NORMA | Codigo_Civil | Artículo 1616).
*   La indemnización de perjuicios comprende el daño emergente y el lucro cesante, según los artículos 1613 y 1614 del Código Civil (SENTENCIA | Sentencias | sc16690_2016).","SILOGISMO JURÍDICO:

1.  **PREMISA MAYOR:**
    Según el artículo 1613 del Código Civil, la indemnización de perjuicios comprende el daño emergente y el lucro cesante, definidos en el artículo 1614 como el perjuicio o pérdida que proviene del incumplimiento o retardo, y la ganancia o provecho que deja de reportarse, respectivamente (SC16690_2016). Si bien el artículo 1616 del Código Civil limita la responsabilidad del deudor a los perjuicios previsibles en ausencia de dolo, o a los inmediatos o directos en caso de dolo, la jurisprudencia ha establecido que un deudor contractual puede obligarse expresamente a indemnizar ""cualquier daño"" generado por su incumplimiento, incluso más allá de la culpa o de la magnitud real del perjuicio (SC780_2020).

2.  **PREMISA MENOR:**
    La redacción ""por cualquier perjuicio"" en una cláusula contractual debe interpretarse en el marco de la libertad contractual para definir el alcance de la responsabilidad. Al emplear el término ""perjuicio"", se incluyen inherentemente sus componentes esenciales: el daño emergente y el lucro cesante, conforme a los artículos 1613 y 1614 del Código Civil. La adición del adjetivo ""cualquier"" amplía esta cobertura, manifestando la voluntad de las partes de extender la responsabilidad del deudor más allá de los límites legales por defecto del artículo 1616, abarcando así también aquellos daños que, sin esta estipulación expresa, podrían ser considerados indirectos o no previsibles.

3.  **CONCLUSIÓN:**
    Sí, una cláusula que dispone que el deudor responderá “por cualquier perjuicio” permite presumir la inclusión automática de lucro cesante, daño emergente y daños indirectos, en virtud de la libertad contractual para ampliar la responsabilidad más allá de los límites legales preestablecidos.",1,
23,¿Cómo debe resolverse la tensión entre el tenor literal de una cláusula y la conducta posterior de las partes cuando ambas apuntan a significados opuestos?,No encontrado en el corpus. El contexto recuperado no contiene información suficiente para responder.,"**PREMISA MAYOR:**
Según la jurisprudencia, la intención común de las partes prevalece sobre el tenor literal del contrato. No obstante, si el tenor literal de una cláusula es claro y no deja asomo de duda respecto de la intención de las partes, y estas tuvieron la oportunidad de precisarlo o modificarlo en un momento posterior (como al redactar un otrosí) pero se limitaron a reproducir la versión primigenia, esto refuerza la idea de que el tenor literal correspondía al verdadero alcance querido. Aún así, la investigación de la intención común no queda proscrita por el mero hecho de que el sentido de las palabras sea claro, pues estas pueden haber tenido un sentido propio y distinto del general en el contexto espacio-temporal del contrato, o tener diversas acepciones, o ser equívocas (SC038_2015, T-033-10).

**PREMISA MENOR:**
En el escenario planteado, donde el tenor literal de una cláusula y la conducta posterior de las partes apuntan a significados opuestos, la resolución de la tensión debe buscar la verdadera intención común. Sin embargo, el contexto recuperado no establece que la ""conducta posterior"" deba prevalecer automáticamente sobre un tenor literal claro. Por el contrario, si el tenor literal es claro y las partes tuvieron la oportunidad de modificarlo o aclararlo y no lo hicieron, esta inacción valida el tenor literal como reflejo de su intención. La investigación de la intención común, en estos casos, debe considerar la claridad del texto y la oportunidad de las partes para modificarlo, antes de atribuir a la conducta posterior un poder interpretativo que anule el texto expreso y no modificado.

**CONCLUSIÓN:**
Por lo tanto, ante la tensión entre un tenor literal claro de una cláusula y una conducta posterior de las partes que apunta a un significado opuesto, el tenor literal prevalecerá si es inequívoco y las partes tuvieron la oportunidad de modificarlo o precisarlo y no lo hicieron. La intención común, aunque superior al tenor literal, se entenderá reflejada en el texto no modificado bajo tales circunstancias, a menos que se demuestre que las palabras eran equívocas o tenían un sentido particular en el contexto original del contrato que difiera del sentido natural y obvio.",2,
24,"En un contrato de compraventa de cosa futura, ¿qué efectos tiene la pérdida de la cosa antes de su existencia por causa no imputable al vendedor?",No encontrado en el corpus. El contexto recuperado no contiene información suficiente para responder.,"SILOGISMO JURÍDICO:

1.  **PREMISA MAYOR:**
    El Artículo 1869 del Código Civil Colombiano establece que la venta de cosas que no existen, pero se espera que existan, se entenderá hecha bajo la condición de existir, salvo que se exprese lo contrario o que por la naturaleza del contrato aparezca que se compró la suerte. La jurisprudencia, como la Sentencia SC10261-2014, reitera que la contratación sobre cosas aún inexistentes (venta de cosa esperada) implica obligarse condicionalmente, donde la condición corresponde al futuro como cosa per se.

2.  **PREMISA MENOR:**
    En el caso de un contrato de compraventa de cosa futura, si la cosa perece antes de su existencia por una causa no imputable al vendedor, la condición de que la cosa llegue a existir, bajo la cual se entiende hecha la venta según el Artículo 1869 del Código Civil, no se cumple. Al no cumplirse esta condición suspensiva, el contrato no puede producir sus efectos principales, ya que su objeto nunca llegó a materializarse.

3.  **CONCLUSIÓN:**
    En un contrato de compraventa de cosa futura, la pérdida de la cosa antes de su existencia por causa no imputable al vendedor tiene como efecto que la condición de existencia de la cosa no se cumple, y por lo tanto, el contrato no llega a perfeccionarse o no produce sus efectos principales.",1,
25,"Si las partes usan en el contrato términos técnicos propios de un sector económico pero luego discuten su alcance, ¿debe preferirse el sentido jurídico general o el sentido técnico sectorial?","Cuando las partes usan en un contrato términos técnicos propios de un sector económico, estos deben tomarse ""en el sentido que le den los que profesan la misma ciencia o arte"". Sin embargo, no se debe olvidar que, si hay ambigüedad o significados opuestos, optar por una u otra definición sin acudir a ningún otro criterio de interpretación contractual adicional, desconocería la verdadera intención de las partes en dicho contrato. En última instancia, si se conoce la intención común de las partes, es ella la que prevalece sobre el tenor literal del contrato, incluso si las palabras tienen un sentido propio y distinto del general, natural y obvio en el contexto en que el contrato se discutió y nació.

Citas:
*   [SENTENCIA | Corte_Constitucional | T-466-11 | página 0]
*   [SENTENCIA | Sentencias | sc038_2015_clase_de_actuación_recurso_de_casación_tipo_de_providencia_sentencia_fecha_02_02_2015_pon_356560_número_de_pr | página 0]","SILOGISMO JURÍDICO:

1.  **PREMISA MAYOR:** En la interpretación de los contratos, la intención común de las partes prevalece sobre el tenor literal. Cuando se utilizan términos de naturaleza técnica, estos deben tomarse en el sentido que les den quienes profesan la misma ciencia o arte. No obstante, esta regla no proscribe la investigación de la intención común de las partes, pues puede ocurrir por ejemplo, que las palabras hayan tenido en el contexto espacio temporal en el que el contrato se discutió y nació, un sentido propio y distinto del general, natural y obvio, o que tengan diversas acepciones, o que sea equívoca una palabra determinada mirado el contexto del contrato, siendo la verdadera intención de las partes el criterio que debe prevalecer.

2.  **PREMISA MENOR:** En el caso planteado, las partes han utilizado términos técnicos propios de un sector económico y luego discuten su alcance. Conforme a los principios de interpretación contractual, la primera aproximación sería entender dichos términos en el sentido que les otorgan los expertos de esa ciencia o arte específica (sentido técnico sectorial). Sin embargo, si esta interpretación no es suficiente para determinar la voluntad de los contratantes, o si los términos son ambiguos o equívocos, es imperativo investigar la intención común de las partes, la cual, una vez conocida, prevalecerá sobre cualquier sentido literal o técnico que no se ajuste a ella. El contexto no establece una preferencia por un ""sentido jurídico general"" para términos que son inherentemente técnicos, sino que contrasta el sentido natural y obvio con el sentido propio y distinto que las palabras pudieron tener en el contexto del contrato.

3.  **CONCLUSIÓN:** Para los términos técnicos propios de un sector económico, debe preferirse inicialmente el sentido técnico sectorial, es decir, el que le den quienes profesan esa ciencia o arte. Sin embargo, esta preferencia está subordinada a la común intención de las partes, la cual prevalece si se conoce, y puede requerir una investigación adicional si los términos son equívocos o si el contexto de la contratación indica un sentido propio y distinto al general técnico.",1,
26,"¿Cómo se valora jurídicamente una cláusula de terminación unilateral que no establece causales, procedimiento ni deber de preaviso?","Un pacto de terminación unilateral del contrato que no establece causales, procedimiento ni deber de preaviso, y que no está establecido por la ley, costumbre o los usos y prácticas negociales, suele cuestionarse por oponerse a la noción o fuerza normativa del contrato, o por invalidez e ilicitud al someterlo a la condición potestativa consistente en el simple arbitrio o mera voluntad de una parte.

Además, para la terminación unilateral, es necesario indicar la causal o motivo que fundamenta la decisión y precisar los hechos específicos que la sustentan, no bastando con invocar genéricamente una causal. El ejercicio de esta facultad tampoco podrá ejercerse en forma contraria a la buena fe o con abuso del derecho.

Citas:
*   [SENTENCIA | Sentencias | 11001_3103_012_1999_01957_01_clase_de_actuación_recurso_de_casacion_tipo_de_providencia_sentencia_fe_227858_número_de_pr | página 0]
*   [SENTENCIA | Corte_Constitucional | SU-449-20 | página 0]
*   [SENTENCIA | Sentencias | 11001_3103_010_2000_00155_01_clase_de_actuación_recurso_de_casacion_tipo_de_providencia_sentencia_fe_227806_número_de_pr | página 0]","SILOGISMO JURÍDICO:

1.  **PREMISA MAYOR:**
    La jurisprudencia colombiana cuestiona el pacto de terminación unilateral del contrato cuando la ley, la costumbre o los usos y prácticas negociales no lo establecen, especialmente si somete el contrato a la ""condición potestativa consistente en el simple arbitrio o mera voluntad de un [sic]"" de una de las partes, lo que puede llevar a su invalidez o ilicitud (Sentencia 11001_3103_012_1999_01957_01). El ejercicio de la facultad de terminación unilateral debe estar reservado a la parte cumplida o presta a cumplir, presupone un incumplimiento cierto, ostensible, evidente e incontestable de obligaciones individualizadas y de tal gravedad, y no puede ejercerse de forma contraria a la buena fe o con abuso del derecho (Sentencia 11001_3103_012_1999_01957_01; Sentencia 11001_3103_010_2000_00155_01). Aunque la terminación unilateral no siempre requiere decisión judicial (Sentencia C-136-93), la Corte ha enfatizado que la parte que termina unilateralmente debe indicar la causal o motivo que fundamenta la decisión, precisando los hechos específicos que la sustentan, para permitir que la otra parte conozca las razones de la finalización (Sentencia SU-449-20). Además, la existencia de un ""preaviso razonable y proporcional"" ha sido considerada como una base para la validación de la terminación unilateral en algunas decisiones judiciales (Sentencia sc3675_2021).

2.  **PREMISA MENOR:**
    Una cláusula de terminación unilateral que no establece causales específicas, un procedimiento definido ni un deber de preaviso, se asemeja a una condición potestativa que depende del ""simple arbitrio o mera voluntad"" de una de las partes, lo cual es objeto de cuestionamiento por la jurisprudencia. La ausencia de causales impide que la parte afectada conozca las razones específicas de la terminación, contraviniendo el principio de buena fe y la necesidad de precisar los hechos que sustentan la decisión. Asimismo, la falta de un procedimiento y, especialmente, la ausencia de un preaviso razonable y proporcional, podría ser interpretada como un ejercicio contrario a la buena fe o un abuso del derecho, al privar a la otra parte de la oportunidad de reaccionar o prepararse para la finalización del vínculo contractual.

3.  **CONCLUSIÓN:**
    Jurídicamente, una cláusula de terminación unilateral que no establece causales, procedimiento ni deber de preaviso es valorada como problemática y potencialmente inválida o ineficaz. Su ejercicio estaría sujeto a un estricto escrutinio judicial para determinar si constituye un abuso del derecho o una violación del principio de buena fe, dada su naturaleza potestativa y la falta de elementos que garanticen la transparencia y la protección de la parte afectada.",1,
27,"En un contrato con varios deudores, ¿qué elementos permiten distinguir si la obligación asumida es simplemente conjunta o solidaria cuando el texto no lo dice expresamente?","Para distinguir si una obligación asumida por varios deudores es conjunta o solidaria cuando el texto no lo dice expresamente, se deben considerar los siguientes elementos:

1.  **Fuente de la obligación**: Las obligaciones solidarias tienen como fuente la convención, el testamento o la ley (art. 1568 Código Civil).
    *   **Cita**: [SENTENCIA | Sentencias | sc5430_2021_clase_de_actuación_recurso_de_casación_tipo_de_providencia_sentencia_fecha_07_12_2021_po_752896_número_de_pr | página 0]

2.  **Naturaleza del negocio jurídico**:
    *   **En la solidaridad contractual civil**: Debe ser declarada expresamente cuando la ley no la establece, por ello jamás se presume.
        *   **Cita**: [SENTENCIA | Sentencias | sc780_2020_clase_de_actuación_recurso_de_casación_tipo_de_providencia_sentencia_fecha_10_03_2020_pon_691929_número_de_pr | página 0]
    *   **En los negocios mercantiles**: Cuando fueren varios los deudores, se presumirá que se han obligado solidariamente.
        *   **Cita**: [NORMA | Codigo_Comercio | Ley desconocida | Artículo 825 | codigo_comercio_rag]","SILOGISMO JURÍDICO:

1.  **PREMISA MAYOR:**
    Las obligaciones solidarias son aquellas en las que, a pesar de tener objeto divisible y pluralidad de sujetos, cada deudor está en la necesidad de pagar la totalidad de la deuda o el acreedor puede exigir la integridad del crédito (Art. 1568 Código Civil; Sentencias SC5430_2021 y SC2850_2022). La solidaridad tiene como fuente la convención (contrato), el testamento o la ley (Art. 1568 Código Civil; Sentencia SC5430_2021 y SC780_2020). En el ámbito del Derecho Contractual Civil, la solidaridad contractual debe ser declarada expresamente cuando la ley no la establece, por lo que jamás se presume (Sentencia SC780_2020). Por el contrario, en los negocios mercantiles, cuando fueren varios los deudores, se presumirá que se han obligado solidariamente (Artículo 825 Código de Comercio).

2.  **PREMISA MENOR:**
    La pregunta busca identificar los elementos que permiten distinguir si una obligación con varios deudores es simplemente conjunta o solidaria cuando el texto contractual no lo dice expresamente. De acuerdo con el contexto recuperado, la distinción fundamental radica en la naturaleza del contrato y la existencia de una presunción legal. Si el contrato es de naturaleza civil y no hay una declaración expresa de solidaridad ni una ley que la establezca para ese caso particular, la obligación no será solidaria. En contraste, si el contrato es de naturaleza mercantil, la solidaridad se presume entre los deudores, incluso si no se declara expresamente en el texto.

3.  **CONCLUSIÓN:**
    Para distinguir si una obligación con varios deudores es simplemente conjunta o solidaria cuando el texto contractual no lo dice expresamente, los elementos clave son:
    1.  **La naturaleza del contrato:** Si se trata de un contrato civil, la solidaridad no se presume y, por lo tanto, la obligación será conjunta a menos que una ley específica la establezca o haya sido declarada expresamente.
    2.  **La naturaleza del contrato:** Si se trata de un negocio mercantil, la solidaridad se presume entre los deudores, incluso si no se declara expresamente en el contrato.
    3.  **La existencia de una norma legal específica:** Si una ley particular establece la solidaridad para un tipo de obligación, esta será solidaria, independientemente de la naturaleza civil o mercantil del contrato o de su declaración expresa.",1,
28,¿Cuáles son los efectos de la mora del acreedor en un contrato bilateral y cómo incide sobre la responsabilidad posterior del deudor?,"En un contrato bilateral, si el acreedor no cumple con lo pactado o no se allana a cumplirlo en la forma y tiempo debidos, el deudor no se encuentra en mora. Esto incide sobre la responsabilidad del deudor al impedir que se le apliquen los efectos propios de la mora.

Además, en los casos de contratos bilaterales en los que una de las partes (el acreedor, en este contexto) se allane al incumplimiento o a la mora de la otra, no le es posible a esta última exigir el cumplimiento del contrato.

Citas:
*   ""En los contratos bilaterales ninguno de los contratantes está en mora dejando de cumplir lo pactado, mientras el otro no lo cumpla por su parte, o no se allana a cumplirlo en la forma y tiempo debidos."" (NORMA | Codigo_Civil | Ley desconocida | Artículo 1609 | codigo_civil_intro_rag)
*   ""El deudor demandando no está en mora si... él ha dejado de cumplir con apoyo en que el acreedor demandante tampoco cumplió ni se allanó a hacerlo en la forma y tiempo debidos."" (SENTENCIA | Sentencias | sc3375_2021 | página 0)
*   ""Lo expuesto indica que en los casos de contratos bilaterales en los que una de las partes se allane al incumplimiento o a la mora de la otra, no le es posible a esta última exigir el cumplimiento del contrato..."" (SENTENCIA | Corte_Constitucional | T-196-07 | página 0)","SILOGISMO JURÍDICO:

1.  **PREMISA MAYOR:**
    El artículo 1609 del Código Civil Colombiano establece que en los contratos bilaterales, ninguno de los contratantes está en mora dejando de cumplir lo pactado, mientras el otro no lo cumpla por su parte, o no se allane a cumplirlo en la forma y tiempo debidos. La jurisprudencia de la Corte Suprema de Justicia (SC1170-2022, SC3689-2021) distingue entre los efectos del incumplimiento y los efectos de la mora, siendo esta última un incumplimiento calificado que produce consecuencias jurídicas específicas: 1) permite cobrar perjuicios (C.C., arts. 1610 y 1615), 2) hace exigible la cláusula penal (C.C., arts. 1594 y 1595), y 3) invierte el fenómeno de la carga del riesgo sobreviniente respecto de la cosa debida (art. 1731 y 1733). Si ambos contratantes han incumplido, ninguno de los dos se encuentra en mora y, por ende, no se pueden predicar los efectos que surgen de la mora.

2.  **PREMISA MENOR:**
    En el escenario de un contrato bilateral, si el acreedor no cumple con su obligación correlativa o no se allana a cumplirla en la forma y tiempo debidos, el deudor no puede ser considerado en mora, incluso si ha dejado de cumplir su propia prestación. La Corte ha precisado que ""el deudor demandando no está en mora si... él ha dejado de cumplir con apoyo en que el acreedor demandante tampoco cumplió ni se allanó a hacerlo en la forma y tiempo debidos"" (SC3375-2021). En consecuencia, la falta de cumplimiento o el no allanamiento del acreedor impide que el incumplimiento del deudor adquiera la calificación de mora. Además, si una de las partes (el acreedor) se allana al incumplimiento o a la mora de la otra, no le es posible exigir el cumplimiento del contrato ni beneficiarse de su propia negligencia (T-196-07).

3.  **CONCLUSIÓN:**
    Los efectos de la mora del acreedor en un contrato bilateral, entendida como su incumplimiento o la falta de allanamiento a cumplir su propia obligación, inciden sobre la responsabilidad del deudor en el sentido de que este último no incurre en mora. Por lo tanto, no se le pueden aplicar al deudor las consecuencias jurídicas específicas de la mora, lo que implica que el acreedor no podrá cobrarle perjuicios moratorios, exigirle la cláusula penal, ni invertir sobre él la carga del riesgo sobreviniente.",1,
29,"Si un acreedor rechaza sin justificación una prestación sustancialmente conforme, ¿puede luego alegar incumplimiento resolutorio del deudor?",No encontrado en el corpus. El contexto recuperado no contiene información suficiente para responder.,"SILOGISMO JURÍDICO:

1.  **PREMISA MAYOR:** El derecho del acreedor a solicitar la resolución de un contrato bilateral, junto con la indemnización de perjuicios, se confiere cuando la obligación que se incumple dimana de dicho contrato y halla su razón de ser en el incumplimiento del deudor (SC11287-2016). Además, no hay lugar a declarar el incumplimiento de la demandada si el actor no había satisfecho el débito que corría por su cuenta (SC5141-2020), y el incumplimiento del beneficiario autoriza a aplicar la excepción de contrato no cumplido (T-196-07).

2.  **PREMISA MENOR:** En el escenario donde el deudor ofrece una prestación sustancialmente conforme, y el acreedor la rechaza sin justificación, el deudor no ha incurrido en el incumplimiento de la prestación que le corresponde. La acción resolutoria requiere el incumplimiento del deudor como su fundamento. Si el deudor ha puesto a disposición la prestación debida, no se cumple la condición de su incumplimiento, independientemente de la conducta del acreedor al rechazarla.

3.  **CONCLUSIÓN:** Por lo tanto, si un acreedor rechaza sin justificación una prestación sustancialmente conforme, no puede luego alegar incumplimiento resolutorio del deudor, dado que la acción resolutoria se fundamenta en el incumplimiento del deudor, y en este caso, el deudor ha ofrecido cumplir con su obligación.",2,
30,¿Cómo se analiza una cláusula que faculta a una parte para fijar unilateralmente el contenido económico futuro del contrato?,No encontrado en el corpus. El contexto recuperado no contiene información suficiente para responder.,"SILOGISMO JURÍDICO:

1.  **PREMISA MAYOR**: Las cláusulas contractuales que confieren facultades unilaterales a una de las partes, incluso si son pactadas expresamente, son susceptibles de control judicial posterior en cuanto a su origen, contenido y ejercicio (Sentencia 11001_3103_012_1999_01957_01). Este control se enmarca en la necesidad de preservar el equilibrio contractual y la autonomía de la voluntad, la cual puede ser limitada para proteger a la parte más débil o ante hechos imprevisibles (Sentencia T-726-10, Sentencia C-409-20). La libertad de configuración contractual, que permite estructurar el contenido, derechos y obligaciones, no es absoluta y puede ser objeto de limitaciones (Sentencia C-029-22).

2.  **PREMISA MENOR**: Una cláusula que faculta a una parte para fijar unilateralmente el contenido económico futuro del contrato implica el ejercicio de una potestad unilateral significativa sobre un aspecto esencial del acuerdo. Conforme a la jurisprudencia, tal facultad, al igual que una cláusula resolutoria expresa, no es inmune a la revisión judicial. El análisis de esta cláusula se centraría en determinar si su origen, el contenido específico que permite fijar unilateralmente, y la forma en que se ejerce dicha facultad, respetan los límites de la libertad contractual, mantienen el equilibrio entre las partes y no generan una situación de abuso o desequilibrio en perjuicio de la otra parte, especialmente en el ámbito económico.

3.  **CONCLUSIÓN**: Una cláusula que faculta a una parte para fijar unilateralmente el contenido económico futuro del contrato debe ser analizada bajo el escrutinio judicial. Dicho análisis se enfocará en controlar su origen, su contenido y la manera en que se ejerce la facultad, con el fin de asegurar que no se rompa el equilibrio contractual, no se excedan los límites de la libertad de configuración y se protejan los derechos de la parte que no tiene la potestad de fijación unilateral.",1,
31,"En un contrato de depósito, si el depositario usa la cosa sin autorización pero la restituye intacta, ¿qué consecuencias contractuales y resarcitorias proceden?",No encontrado en el corpus. El contexto recuperado no contiene información suficiente para responder.,"BORRADOR DE RESPUESTA: SILOGISMO JURÍDICO:

1.  **PREMISA MAYOR:** El contexto recuperado establece que en el contrato de depósito, el depositario no podrá, sin el consentimiento del depositante, retener la cosa depositada, salvo por expensas y perjuicios (Artículo 2258, C.C.). Asimismo, se menciona que en el depósito mercantil, la cosa depositada será restituida al depositante cuando la reclame (Artículo 1174, C. de Co.). El contexto también hace referencia a la ""apropiación indebida"" o ""irregularidades en el manejo de los dineros dejados a su cuidado"" en otros contextos contractuales, implicando responsabilidad por el uso o manejo incorrecto de bienes ajenos. Sin embargo, no se detalla una norma o jurisprudencia específica que aborde las consecuencias contractuales y resarcitorias cuando el depositario usa la cosa sin autorización pero la restituye intacta.

2.  **PREMISA MENOR:** La pregunta plantea un escenario donde el depositario usa la cosa depositada sin autorización, pero la restituye intacta. Si bien el Artículo 2258 del Código Civil prohíbe la retención sin consentimiento, lo cual sugiere una estricta limitación a las facultades del depositario sobre la cosa, el contexto no especifica las consecuencias jurídicas de un uso no autorizado que no deriva en la pérdida o daño de la cosa, ni en su no restitución. Las referencias a ""apropiación indebida"" o ""incorrecta inversión"" en el contexto se relacionan con dineros o anticipos y con la generación de pérdidas o la no devolución de los mismos, lo cual difiere del supuesto de una ""cosa"" restituida ""intacta"".

3.  **CONCLUSIÓN:** Basándose ÚNICAMENTE en el contexto recuperado, no es posible determinar las consecuencias contractuales y resarcitorias específicas que proceden cuando un depositario usa la cosa sin autorización pero la restituye intacta. El contexto no contiene una disposición que regule directamente esta situación particular en el contrato de depósito.",1,
32,¿En qué supuestos el silencio de una parte durante la ejecución contractual puede adquirir relevancia interpretativa o integradora del contrato?,"El silencio de una parte durante la ejecución contractual puede adquirir relevancia interpretativa o integradora en los siguientes supuestos:

1.  **Frente al deber de información en la fase contractual**: El deber de información se mantiene en firme durante la fase contractual para garantizar la ejecución satisfactoria del pacto, sustentado en la cooperación debida en miras a una correcta ejecución. Un ejemplo de esto es la carga del asegurado de denunciar la agravación del riesgo con que se halla gravado. El silencio (no denuncia) en este contexto tendría relevancia.
    *   [SENTENCIA | Sentencias | sc5430_2021_clase_de_actuación_recurso_de_casación_tipo_de_providencia_sentencia_fecha_07_12_2021_po_752896_número_de_pr | página 0]

2.  **Ante el silencio de las partes sobre una condición resolutoria**: Si los contratantes guardan silencio respecto a una condición resolutoria, se impone el efecto coercitivo de la resolución legal. Esto se debe a que el contrato bilateral, que requiere el cumplimiento correlativo de las obligaciones, cesa su vigencia cuando la inejecución de una de estas destruye la economía del negocio.
    *   [SENTENCIA | Sentencias | sin_clase_de_actuación_publicación_especializada_tipo_de_providencia_publicación_especializada_fecha_776082_número_de_pr | página 0]","SILOGISMO JURÍDICO:

1.  **PREMISA MAYOR:**
    En el Derecho Contractual Civil Colombiano, el silencio de una parte puede adquirir relevancia interpretativa o integradora en el contrato bajo diversos supuestos. El deber de información se mantiene firme durante la fase contractual y de ejecución, de modo que la ausencia de información (silencio) cuando existe tal deber puede afectar la ejecución satisfactoria del pacto (SC5430-2021). Asimismo, el silencio puede llevar a la integración de riesgos o condiciones: si un asegurador guarda silencio sobre hechos preexistentes que pueden generar siniestros, se presume que asumió el riesgo, interpretándose el silencio a favor del consumidor (T-071-17). En contratos bilaterales, el silencio de las partes respecto a una condición resolutoria puede implicar la imposición del efecto coercitivo de la resolución legal (SC 23 de septiembre de 1938, citada en Sentencias | sin_clase_de_actuación_publicación_especializada_tipo_de_providencia_publicación_especializada_fecha_776082_número_de_pr). Además, si un contrato definitivo guarda silencio sobre puntos sistematizados en un contrato preliminar, la disposición primigenia subsistirá, integrándose al acuerdo final (SC2221-2020). Incluso los actos y tratos preliminares, una vez formado el consentimiento, sirven como medios auxiliares para interpretar la verdadera intención de las partes (11001_3103_012_1999_01957_01).

2.  **PREMISA MENOR:**
    La pregunta se centra en los supuestos en que el silencio de una parte *durante la ejecución contractual* adquiere relevancia interpretativa o integradora. A partir de la jurisprudencia recuperada, se observa que el silencio es relevante cuando existe un deber de hablar o informar, como el ""deber de información"" que persiste durante la ejecución contractual para garantizar la satisfacción del acreedor (ej. la carga del asegurado de denunciar la agravación del riesgo). En este contexto, el silencio no es neutro y puede tener consecuencias en la ejecución. Adicionalmente, aunque algunos ejemplos se refieren a la fase precontractual o de formación del contrato definitivo, sus efectos se proyectan en la ejecución: el silencio del asegurador sobre preexistencias integra el riesgo al amparo, y el silencio en un contrato definitivo sobre puntos de un preliminar integra esas disposiciones, las cuales se manifestarán durante la ejecución. La aplicación de la resolución legal por silencio sobre una condición resolutoria también es una consecuencia que se materializa durante la ejecución ante el incumplimiento.

3.  **CONCLUSIÓN:**
    El silencio de una parte durante la ejecución contractual puede adquirir relevancia interpretativa o integradora en los siguientes supuestos:
    1.  **Interpretativa:** Cuando existe un deber de información que se mantiene durante la fase de ejecución, y el silencio implica el incumplimiento de dicho deber, afectando la ejecución satisfactoria del pacto (ej. la omisión de informar sobre la agravación del riesgo por parte del asegurado).
    2.  **Integradora:**
        *   Cuando el silencio de una parte (ej. el asegurador) sobre hechos preexistentes conocidos lleva a la presunción de que asumió el riesgo, integrándolo al contrato y amparándolo.
        *   Cuando las partes guardan silencio respecto a una condición resolutoria en un contrato bilateral, lo que conduce a la integración de la resolución legal como efecto coercitivo.
        *   Cuando un contrato definitivo guarda silencio sobre puntos previamente acordados en un contrato preliminar, lo que resulta en la subsistencia e integración de esas disposiciones primigenias al contrato en ejecución.
    En estos casos, el silencio no es una mera ausencia de manifestación, sino que se le atribuye un significado jurídico específico que impacta el contenido y la ejecución del contrato.",1,
33,"Si un contrato contiene una cláusula de “entera integridad” pero existe evidencia robusta de acuerdos precontractuales contradictorios, ¿hasta qué punto esos acuerdos pueden ser considerados para interpretar el contrato?","El efecto ""extintivo"" que conlleva el surgimiento del convenio final frente a los pactos del precontrato no puede, ni debe, ser absoluto. Para responder a la cuestión, es imperativo identificar si existe perfecta coincidencia entre ambos negocios jurídicos (es decir, si en el contrato prometido se vertieron, sin reformas, las condiciones señaladas en la promesa), o si se presentan divergencias en sus contenidos.

Además, en la interpretación de un contrato, no es admisible restringirse al sentido natural u obvio de las palabras, a la interpretación gramatical o exegética, ni al escrito del acto dispositivo documental o documentado ""por claro que sea el tenor literal del contrato"", ni ""encerrarse en el examen exclusivo del texto del contrato"", especialmente cuando las partes, una o ambas, le atribuyen un significado divergente.

**Citas:**
*   [SENTENCIA | Sentencias | sc2221_2020_clase_de_actuación_recurso_de_casación_tipo_de_providencia_sentencia_fecha_13_07_2020_po_699010_número_de_pr | página 0]
*   [SENTENCIA | Sentencias | 11001_3103_012_1999_01957_01_clase_de_actuación_recurso_de_casacion_tipo_de_providencia_sentencia_fe_227858_número_de_pr | página 0]","SILOGISMO JURÍDICO:

1.  **PREMISA MAYOR:**
    Según la jurisprudencia, el efecto “extintivo” que conlleva frente a los pactos del precontrato el surgimiento del convenio final, no puede, ni debe, ser absoluto. Por el contrario, resulta imperativo identificar, previamente, si existe perfecta coincidencia entre ambos negocios jurídicos (es decir, si en el contrato prometido se vertieron, sin reformas, las condiciones señaladas en la promesa), o si se presentan divergencias en sus contenidos (SC2221_2020). Adicionalmente, en la labor interpretativa, no es admisible al hermeneuta restringirse al sentido natural u obvio de las palabras, a la interpretación gramatical o exegética, ni “encerrarse en el examen exclusivo del texto del contrato...”, “por claro que sea el tenor literal del contrato” (11001_3103_012_1999_01957_01).

2.  **PREMISA MENOR:**
    En el escenario propuesto, donde un contrato contiene una cláusula de “entera integridad” pero existe evidencia robusta de acuerdos precontractuales contradictorios, la aplicación de la cláusula no puede tener un efecto extintivo absoluto sobre los pactos previos. La jurisprudencia exige identificar si existen divergencias entre los acuerdos precontractuales y el contrato final. Además, la interpretación del contrato no puede limitarse exclusivamente a su tenor literal, incluso si este parece claro, lo que implica que los acuerdos precontractuales contradictorios deben ser considerados para comprender el alcance y la verdadera intención de las partes, más allá de lo expresado en la cláusula de “entera integridad”.

3.  **CONCLUSIÓN:**
    Los acuerdos precontractuales contradictorios, a pesar de la existencia de una cláusula de “entera integridad” en el contrato final, pueden y deben ser considerados para interpretar el contrato. Su consideración es necesaria para identificar las posibles divergencias entre los pactos previos y el convenio final, y para que la labor hermenéutica no se restrinja al tenor literal del contrato, dado que el efecto extintivo del convenio final sobre los pactos precontractuales no es absoluto.",1,
34,"¿Cómo debe calificarse una cláusula que impone una sanción económica desproporcionada por cualquier incumplimiento, incluso leve o subsanable?",No encontrado en el corpus. El contexto recuperado no contiene información suficiente para responder.,"SILOGISMO JURÍDICO:

1.  **PREMISA MAYOR:**
    La jurisprudencia colombiana establece que la eficacia de las cláusulas contractuales, especialmente aquellas que desarrollan una potestad sancionatoria, debe seguir los principios del debido proceso y la proporcionalidad. Esto implica que el castigo debe ser proporcional a la conducta, de modo que a menor lesividad el correctivo debe ser más tenue, y la gravedad del incumplimiento debe ser un factor determinante. Asimismo, para preservar la simetría, paridad o equilibrio objetivo de las partes, la buena fe, lealtad y evitar abusos, la eficacia de estas cláusulas se subordina a la consideración de la gravedad del incumplimiento y, en caso de terminación, a un preaviso razonable que permita al deudor subsanar el incumplimiento preciso antes de que expire el término, conforme al principio de la conservación del acto y su utilidad.

2.  **PREMISA MENOR:**
    Una cláusula que impone una sanción económica desproporcionada por cualquier incumplimiento, incluso leve o subsanable, contraviene directamente los principios de proporcionalidad y equilibrio contractual. Al no distinguir la gravedad o lesividad del incumplimiento y al no considerar la posibilidad de subsanación, dicha cláusula vulnera la simetría y paridad entre las partes, la buena fe y la lealtad contractual, y puede constituir un abuso, al imponer un correctivo que no es tenue para una lesividad menor y al no permitir la rectificación de la conducta.

3.  **CONCLUSIÓN:**
    Por lo tanto, una cláusula que impone una sanción económica desproporcionada por cualquier incumplimiento, incluso leve o subsanable, debe calificarse como contraria a los principios de proporcionalidad, buena fe, equilibrio contractual y prevención del abuso, y su eficacia estaría subordinada a la consideración de la gravedad del incumplimiento y la posibilidad de subsanación, pudiendo ser objeto de moderación o ineficacia por parte de la autoridad judicial.",1,
35,"En un contrato civil celebrado por representante, ¿qué análisis corresponde cuando el poder era ambiguo respecto de la facultad de transigir, renunciar o comprometer patrimonialmente al representado?",No encontrado en el corpus. El contexto recuperado no contiene información suficiente para responder.,"SILOGISMO JURÍDICO:

1.  **PREMISA MAYOR**:
    La jurisprudencia distingue entre la actividad de ""representar"" en su sentido ordinario, que implica sustituir a alguien o hacer sus veces, y la ""facultad de obligar al poderdante frente a terceros"", la cual solo se asume cuando el vocablo se utiliza en su acepción jurídica propiamente dicha (Sentencia SC3712_2021). Adicionalmente, en la interpretación de las cláusulas contractuales, el artículo 1620 del Código Civil establece que ""el sentido en que una cláusula pueda producir algún efecto deberá preferirse a aquel en que no sea capaz de producir efecto alguno"" (Sentencia SC038_2015).

2.  **PREMISA MENOR**:
    Cuando el poder otorgado a un representante es ambiguo respecto a facultades que implican una disposición patrimonial significativa, como transigir, renunciar o comprometer el patrimonio del representado, el análisis debe centrarse en si la ambigüedad permite inferir la concesión de la ""facultad de obligar al poderdante frente a terceros"" en su acepción jurídica específica. Aunque la regla de interpretación contractual busca dar efecto a las cláusulas, la naturaleza de estas facultades exige una claridad que va más allá de la representación ordinaria. La ambigüedad en este contexto sugiere que la facultad de obligar patrimonialmente al poderdante no ha sido otorgada de manera inequívoca en el sentido jurídico estricto.

3.  **CONCLUSIÓN**:
    En un contrato civil celebrado por representante, si el poder es ambiguo respecto de la facultad de transigir, renunciar o comprometer patrimonialmente al representado, el análisis correspondiente debe concluir que la ambigüedad impide considerar que se ha conferido la ""facultad de obligar al poderdante frente a terceros"" en su acepción jurídica específica para tales actos. Por lo tanto, se debe interpretar que el representante carece de la autorización clara para ejecutar actos que comprometan patrimonialmente al representado, dado que la facultad de obligar no se presume de una representación ambigua en asuntos de tal trascendencia.",1,
36,"¿Qué criterios permiten distinguir error obstativo, error vicio y simple discrepancia interpretativa en la formación del contrato?",No encontrado en el corpus. El contexto recuperado no contiene información suficiente para responder.,"SILOGISMO JURÍDICO:

1.  **PREMISA MAYOR:**
    Según la jurisprudencia de la Corte Constitucional (T-466-11, T-749-04) y la Corte Suprema de Justicia (11001_3103_012_1999_01957_01), una ""simple discrepancia interpretativa"" o ""divergencia interpretativa"" se caracteriza por:
    *   No tener la entidad suficiente para constituir una vía de hecho por defecto sustantivo.
    *   Referirse a divergencias razonables en torno a las cláusulas contractuales y disposiciones legales aplicables.
    *   Estar sustentada en un principio de razón suficiente, sin que la eventual disparidad de criterios sobre un mismo asunto implique un desconocimiento per se de la juridicidad.
    *   Presentarse cuando un elemento contractual admite diversos entendimientos, todos ellos razonables.
    *   Corresponder a la discreta autonomía de los juzgadores en materia de interpretación de contratos.
    *   Se distingue de una ""interpretación personal del asunto, que dista del querer expreso de las partes"", la cual podría constituir un defecto de incongruencia (sc3375_2021).
    El contexto recuperado no proporciona criterios específicos para distinguir el ""error obstativo"" ni el ""error vicio"". Aunque se mencionan conceptos como la buena fe, la claridad de la oferta y las cargas de la autonomía privada (T-071-17, 11001_3103_026_2000_04366_01), estos no se articulan como elementos distintivos de los tipos de error de consentimiento solicitados.

2.  **PREMISA MENOR:**
    La pregunta solicita criterios para distinguir entre error obstativo, error vicio y simple discrepancia interpretativa en la formación del contrato. El contexto recuperado ofrece una descripción detallada y criterios claros para identificar una ""simple discrepancia interpretativa"", enfatizando su naturaleza razonable y la autonomía judicial en la interpretación. Sin embargo, el contexto no contiene definiciones ni criterios específicos que permitan distinguir o caracterizar el ""error obstativo"" o el ""error vicio"" en la formación del contrato.

3.  **CONCLUSIÓN:**
    Basándose ÚNICAMENTE en el contexto recuperado, los criterios que permiten distinguir una **simple discrepancia interpretativa** en la formación del contrato son: que se trate de una divergencia razonable sobre cláusulas contractuales o disposiciones legales, sustentada en un principio de razón suficiente, que no implique un desconocimiento per se de la juridicidad, y que surja cuando un elemento admite diversos entendimientos razonables, correspondiendo a la autonomía de los juzgadores. Esta se diferencia de una interpretación judicial que se desvía del querer expreso de las partes, lo cual podría configurar un defecto de incongruencia. El contexto recuperado no proporciona criterios para distinguir el error obstativo ni el error vicio.",1,
37,"Si un contrato de obra fija precio global, pero el comitente solicita modificaciones sustanciales durante la ejecución, ¿cómo se determina si nace un derecho al reajuste?","Un derecho al reajuste puede nacer si las modificaciones sustanciales solicitadas por el comitente durante la ejecución del contrato cumplen con las condiciones establecidas en el artículo 868 del Código de Comercio. Este artículo dispone que ""cuando circunstancias extraordinarias, imprevistas, o imprevisibles, posteriores a la celebración de un contrato de ejecución sucesiva, periódica, o diferida, alteren o agraven la prestación de futuro cumplimiento a cargo de una de las partes, en grado tal que le resulte excesivamente onerosa, podrá ésta pedir su revisión"". En tal caso, el juez examinará las circunstancias y ordenará, si es posible, ""los reajustes que la equidad indique"". (Corte_Constitucional, T-726-10, página 0).

Adicionalmente, los contratistas tendrán derecho, previa solicitud, a que la administración les restablezca el equilibrio de la ecuación económica del contrato a un punto de no pérdida por la ocurrencia de ""situaciones imprevistas que no sean imputables a los contratistas"". (Corte_Constitucional, T-726-10, página 0).","SILOGISMO JURÍDICO:

1.  **PREMISA MAYOR:**
    El Código de Comercio, en su artículo 868, establece que cuando circunstancias extraordinarias, imprevistas o imprevisibles, posteriores a la celebración de un contrato de ejecución sucesiva, periódica o diferida, alteren o agraven la prestación de futuro cumplimiento a cargo de una de las partes en grado tal que le resulte excesivamente onerosa, esta podrá pedir su revisión. El juez, si es posible, ordenará los reajustes que la equidad indique o, en caso contrario, decretará la terminación del contrato. Adicionalmente, la jurisprudencia constitucional reconoce el derecho de los contratistas a que la administración les restablezca el equilibrio de la ecuación económica del contrato a un punto de no pérdida por la ocurrencia de situaciones imprevistas que no sean imputables a ellos. Este restablecimiento busca que las cifras dinerarias sean cubiertas con el poder adquisitivo que tenían al momento del contrato, para evitar que se trunque el restablecimiento del equilibrio.

2.  **PREMISA MENOR:**
    En un contrato de obra con precio global, la solicitud de modificaciones sustanciales por parte del comitente durante la ejecución constituye una alteración de las bases originales del contrato. Estas modificaciones, al ser solicitadas por el comitente y no ser imputables al contratista, pueden generar una situación imprevista que rompa el equilibrio de la ecuación económica inicialmente pactada. Si dichas modificaciones alteran o agravan la prestación de futuro cumplimiento a cargo del contratista, haciéndola excesivamente onerosa en relación con el precio global originalmente fijado, se configura una circunstancia que justifica la revisión del contrato y el reajuste de los valores para restablecer la equidad contractual y el punto de no pérdida para el contratista.

3.  **CONCLUSIÓN:**
    Sí, nace un derecho al reajuste. Si un contrato de obra fija precio global y el comitente solicita modificaciones sustanciales durante la ejecución, se determina que nace un derecho al reajuste cuando dichas modificaciones constituyen circunstancias imprevistas no imputables al contratista que alteran o agravan la prestación de futuro cumplimiento, haciendo que la ejecución del contrato resulte excesivamente onerosa o rompiendo el equilibrio de la ecuación económica original, lo cual justifica la revisión del contrato y la orden de reajustes por equidad.",1,
38,¿Cómo se interpreta una cláusula de confidencialidad que prohíbe divulgar “cualquier información relacionada” con el negocio sin delimitar temporalidad ni contenido?,No encontrado en el corpus. El contexto recuperado no contiene información suficiente para responder.,"SILOGISMO JURÍDICO:

1.  **PREMISA MAYOR:**
    Según el contexto, para la interpretación de cláusulas amplias que no ofrecen una definición estipulativa, se pueden utilizar parámetros externos para precisar su concepto (C-830-10). Asimismo, la reserva o secreto de información no opera salvo expresa disposición legal, o a menos que se demuestre que la información es estrictamente privada y no de interés público por no tener relación con un contrato interadministrativo mencionado (T-1322-00).

2.  **PREMISA MENOR:**
    Una cláusula de confidencialidad que prohíbe divulgar ""cualquier información relacionada"" sin delimitar temporalidad ni contenido constituye una disposición amplia y carente de una definición estipulativa precisa. Por lo tanto, su interpretación no puede ser absoluta. Para determinar qué se entiende por ""cualquier información relacionada"" y si su divulgación está prohibida, sería necesario acudir a parámetros externos que permitan delimitar su alcance. Más fundamentalmente, para que la reserva opere bajo esta cláusula, la parte que la invoca debería demostrar que la información en cuestión está amparada por una disposición legal expresa de reserva o que es estrictamente privada y no de interés público, lo cual es un requisito exigente para una prohibición tan genérica y sin límites temporales o de contenido.

3.  **CONCLUSIÓN:**
    En consecuencia, una cláusula de confidencialidad que prohíbe divulgar ""cualquier información relacionada"" sin delimitación temporal ni de contenido debe interpretarse de manera restrictiva, requiriendo la demostración de que la información es estrictamente privada y no de interés público, o que existe una disposición legal expresa que autorice su reserva, y utilizando parámetros externos para delimitar el alcance de ""cualquier información relacionada"". No puede operar como una prohibición absoluta o indefinida.",1,
39,¿Cuándo una obligación de medio puede transformarse funcionalmente en una obligación de resultado a partir de la redacción contractual y del contexto negocial?,"Una obligación de medio puede transformarse funcionalmente en una obligación de resultado a partir del contexto negocial cuando la interrelación de las distintas prestaciones entre sí ilustra sobre el comportamiento que razonablemente se espera del deudor. Por ejemplo, un precio inusualmente alto u otras obligaciones correlativas particulares pueden indicar el deber de alcanzar un resultado específico, aún en aquellos casos en que lo normal fuera una obligación de medios.

[SENTENCIA | Sentencias | sc4786_2020_clase_de_actuación_recurso_de_casación_tipo_de_providencia_sentencia_fecha_07_12_2020_po_716655_número_de_pr | página 0]","SILOGISMO JURÍDICO:

1.  **PREMISA MAYOR:**
    La jurisprudencia civil colombiana distingue entre obligaciones de medio y de resultado. En la obligación de medio, el deudor cumple su deber de conducta desplegando la actividad o comportamiento esperado, aun cuando no se obtenga el resultado o fin práctico perseguido por el acreedor. Por el contrario, si la obligación es de resultado, solo habrá cumplimiento si el acreedor obtiene el logro o propósito concreto en el que fundó sus expectativas. Esta clasificación no tiene como única fuente la voluntad concertada de las partes, sino que también puede surgir de un mandato legal o de la naturaleza misma de la obligación. Para establecer si una obligación es de medio o de resultado, se considera el contexto de la obligación, es decir, la interrelación de las distintas prestaciones entre sí, lo cual ilustrará sobre el comportamiento que razonablemente se espera del deudor.

2.  **PREMISA MENOR:**
    El contexto recuperado indica que el contexto de la obligación es un criterio determinante para establecer su naturaleza. Específicamente, se señala que ""un precio inusualmente alto u otras obligaciones correlativas particulares pueden indicar el deber de alcanzar un resultado específico, aún en aquellos casos en que lo normal fuera una obligación de medios"". Esto significa que, a través de la redacción contractual (al establecer ""otras obligaciones correlativas particulares"") y del contexto negocial (como un ""precio inusualmente alto"" o la ""interrelación de las distintas prestaciones""), las partes pueden configurar una obligación de tal manera que, aunque por su naturaleza general pudiera ser de medios, funcionalmente se exija la obtención de un resultado concreto para considerar cumplida la prestación.

3.  **CONCLUSIÓN:**
    Una obligación de medio puede transformarse funcionalmente en una obligación de resultado a partir de la redacción contractual y del contexto negocial cuando las partes, mediante la estipulación de obligaciones correlativas particulares o la configuración de un precio inusualmente alto, establecen el deber de alcanzar un resultado específico, haciendo que el cumplimiento dependa de la obtención de dicho logro concreto, incluso si la obligación, en un escenario ordinario, sería clasificada como de medios.",1,
40,"En una compraventa con pacto de reserva de dominio, ¿qué efectos tiene el incumplimiento parcial del comprador sobre la facultad del vendedor de reclamar restitución del bien?",No encontrado en el corpus. El contexto recuperado no contiene información suficiente para responder.,"SILOGISMO JURÍDICO:

1.  **PREMISA MAYOR:** Según el contexto recuperado, en un contrato de compraventa, el vendedor tiene derecho a exigir el precio o la resolución de la venta con resarcimiento de perjuicios cuando el comprador se constituye en mora de pagar el precio (Sentencia SC11287-2016). La resolución del contrato implica que, si el demandado (comprador) ha obtenido la posesión o detentación física del bien, deberá restituirlo al demandante (vendedor) (Sentencia SC10291-2017). Adicionalmente, el comprador incumplido puede ser obligado a pagar el deterioro que por su hecho o culpa ha sufrido la cosa y a restituir los frutos naturales y civiles, si fuera poseedor de mala fe (Sentencia SC11287-2016).

2.  **PREMISA MENOR:** La pregunta se refiere a una compraventa con pacto de reserva de dominio y al incumplimiento parcial del comprador. El contexto recuperado no contiene información específica sobre los efectos del ""pacto de reserva de dominio"" ni establece una distinción explícita entre el incumplimiento parcial y total del comprador en cuanto a la resolución del contrato. Sin embargo, sí establece que el incumplimiento del comprador en el pago del precio faculta al vendedor para optar por la resolución del contrato.

3.  **CONCLUSIÓN:** Dado que el contexto recuperado no aborda específicamente el ""pacto de reserva de dominio"" ni las particularidades de un ""incumplimiento parcial"" en ese tipo de contrato, no es posible determinar los efectos *específicos* de dicha cláusula. No obstante, basándose en los principios generales de resolución de una compraventa por incumplimiento del comprador (como el no pago del precio) que sí se encuentran en el contexto, el vendedor tendría la facultad de solicitar la resolución del contrato y, como consecuencia, la restitución del bien por parte del comprador si este lo posee, además de la posible responsabilidad por deterioros y frutos.",1,
41,¿Cómo se resuelve un conflicto entre una cláusula manuscrita y una cláusula preimpresa cuando ambas regulan el mismo punto de manera incompatible?,No encontrado en el corpus. El contexto recuperado no contiene información suficiente para responder.,"SILOGISMO JURÍDICO:

1.  **PREMISA MAYOR**: El contexto recuperado aborda principios generales de interpretación contractual, como los artículos 1620 y 1621 del Código Civil, que establecen que debe preferirse la interpretación que produzca algún efecto a aquella que no lo haga, y que, a falta de voluntad contraria, debe estarse a la interpretación que mejor cuadre con la naturaleza del contrato (Sentencia SC6315_2017). Asimismo, se menciona que las controversias sobre la interpretación de cláusulas contractuales deben ser llevadas a la jurisdicción competente para que el juez determine su alcance y aplicación (Sentencia T-763-06). El contexto también hace referencia a la existencia de cláusulas preimpresas en ciertos documentos, como cheques o pólizas de seguro (Sentencias SC1806_2015, SC2879_2022).

2.  **PREMISA MENOR**: A pesar de que el contexto hace alusión a principios de interpretación contractual y a la existencia de cláusulas preimpresas, no contiene ninguna norma específica o precedente jurisprudencial que establezca una regla para resolver un conflicto directo entre una cláusula manuscrita y una cláusula preimpresa cuando ambas regulan el mismo punto de manera incompatible. Las sentencias proporcionadas no abordan la jerarquía o prevalencia de un tipo de cláusula sobre la otra en caso de contradicción.

3.  **CONCLUSIÓN**: Basándose únicamente en el contexto recuperado, no es posible determinar cómo se resuelve un conflicto entre una cláusula manuscrita y una cláusula preimpresa cuando ambas regulan el mismo punto de manera incompatible.",1,
42,"Si un contrato prevé pago en moneda extranjera, pero guarda silencio sobre tasa de conversión y lugar de pago, ¿qué problemas jurídicos deben resolverse para exigir cumplimiento?","Para exigir el cumplimiento de un contrato que prevé pago en moneda extranjera, pero guarda silencio sobre la tasa de conversión y el lugar de pago, deben resolverse los siguientes problemas jurídicos:

1.  **Vacío normativo en materia de obligaciones en moneda extranjera**: Existe jurisprudencia arbitral que reconoce un vacío normativo en Colombia en la materia de obligaciones en moneda extranjera, específicamente mencionado para los intereses moratorios.
    *   Cita: [SENTENCIA | Corte_Constitucional | T-354-19 | página 0]

2.  **Determinación de la tasa aplicable para obligaciones dinerarias**: Cuando el contrato guarda silencio, se debe fijar la obligación con base en la tasa legalmente aplicable, ya sea la del contrato o la supletiva de la ley (comercial o civil).
    *   Cita: [SENTENCIA | Sentencias | sc1806_2015_clase_de_actuación_recurso_de_casación_tipo_de_providencia_sentencia_fecha_24_02_2015_po_364208_número_de_pr | página 0]

3.  **Determinación de la ley aplicable y el lugar de cumplimiento**: En el caso de contratos que se relacionan con bienes ubicados en el territorio nacional, se aplica la ley colombiana. Para contratos con elementos internacionales o cuando el cumplimiento ocurre en otros países, la doctrina en Derecho Internacional Privado postula diversas soluciones para la ley aplicable, incluyendo la ley del lugar donde surge el conflicto, la ley del lugar donde se crea el vínculo obligatorio, la ley del lugar donde deben cumplirse las obligaciones contraídas o la ley del domicilio del deudor.
    *   Cita: [SENTENCIA | Corte_Constitucional | T-271-07 | página 0] (ambas ocurrencias)

4.  **Aplicación de leyes semejantes o reglas generales del derecho en caso de vacío**: Si no hay una ley exactamente aplicable al caso controvertido, se aplicarán las leyes que regulen casos o materias semejantes, y en su defecto, la doctrina constitucional y las reglas generales del derecho.
    *   Cita: [SENTENCIA | Sentencias | sc451_2017_clase_de_actuación_recurso_de_casación_tipo_de_providencia_sentencia_fecha_26_01_2017_pon_525744_número_de_pr | página 0]","SILOGISMO JURÍDICO:

1.  **PREMISA MAYOR:**
    *   Para las obligaciones dinerarias, cuando el contrato guarda silencio sobre la tasa aplicable, esta debe fijarse con base en la tasa legalmente aplicable, ya sea la del contrato o la supletiva de la ley, comercial o civil (SC1806-2015).
    *   En situaciones de desvalorización monetaria, la restitución de prestaciones pecuniarias debe considerar la diferencia entre el valor nominal y el valor real y actual del dinero (SC3666-2021).
    *   En lo que atañe a los efectos y cumplimiento de contratos celebrados en el exterior que se relacionan con bienes ubicados en el territorio nacional, se aplica la ley colombiana; con mayor razón si los contratos se celebran y los bienes se ubican dentro del territorio nacional (T-271-07). La doctrina en Derecho Internacional Privado postula diversas soluciones para el lugar de cumplimiento, incluyendo la ley del lugar donde deben cumplirse las obligaciones contraídas (T-271-07).
    *   Cuando no haya ley exactamente aplicable al caso controvertido, se aplicarán las leyes que regulen casos o materias semejantes, y en su defecto, la doctrina constitucional y las reglas generales del derecho (Artículo 8 de la Ley 153 de 1887, citado en SC451-2017).
    *   Existe jurisprudencia arbitral que reconoce un vacío normativo en Colombia respecto a los intereses moratorios sobre obligaciones en moneda extranjera (T-354-19).

2.  **PREMISA MENOR:**
    *   Dado que el contrato prevé pago en moneda extranjera pero guarda silencio sobre la tasa de conversión, surge el problema jurídico de determinar cuál es la tasa aplicable para convertir dicha moneda a la moneda de curso legal en Colombia. Esto debe resolverse acudiendo a la tasa legalmente aplicable o, en su defecto, a las reglas para llenar vacíos normativos (SC1806-2015, SC451-2017). Además, en un contexto de desvalorización monetaria, se debe considerar la corrección monetaria para asegurar el valor real de la prestación (SC3666-2021).
    *   El silencio sobre el lugar de pago plantea el problema de determinar la jurisdicción y la ley aplicable, especialmente si existen elementos internacionales. Si el contrato se relaciona con bienes ubicados en Colombia o se celebró en el territorio nacional, se aplicaría la ley colombiana (T-271-07). Sin embargo, la falta de estipulación expresa sobre el lugar de pago requiere definirlo para efectos de cumplimiento y eventual conflicto de leyes, recurriendo a las reglas supletivas o a los principios generales del derecho (T-271-07, SC451-2017).
    *   Adicionalmente, la determinación de la obligación principal en moneda extranjera podría llevar a la necesidad de resolver el problema del vacío normativo en Colombia respecto a los intereses moratorios sobre dichas obligaciones (T-354-19).

3.  **CONCLUSIÓN:**
    Para exigir el cumplimiento de un contrato que prevé pago en moneda extranjera pero guarda silencio sobre la tasa de conversión y el lugar de pago, deben resolverse los siguientes problemas jurídicos:
    1.  **Determinación de la tasa de conversión:** Es necesario fijar la tasa legalmente aplicable para la conversión de la moneda extranjera a la moneda de curso legal, considerando la corrección monetaria para preservar el valor real de la prestación en un contexto de desvalorización monetaria.
    2.  **Determinación del lugar de pago y ley aplicable:** La ausencia de estipulación sobre el lugar de pago exige definirlo para establecer la jurisdicción y la ley aplicable, recurriendo a las normas supletivas o a los principios generales del derecho, especialmente si el contrato tiene elementos internacionales o se relaciona con bienes en Colombia.
    3.  **Régimen de intereses moratorios:** Una vez determinada la obligación principal, podría surgir el problema de aplicar un régimen de intereses moratorios sobre la moneda extranjera, dado el reconocido vacío normativo en Colombia sobre esta materia.",1,
43,¿Qué relevancia tiene la buena fe objetiva en la interpretación de un contrato civil cuando el texto admite más de una lectura razonable?,"La buena fe objetiva es relevante en la interpretación de un contrato civil cuando el texto admite más de una lectura razonable porque:

1.  La concepción objetiva de la buena fe, entendida como corrección, permea todo el derecho privado, creando diversos deberes de diligencia y salvaguarda para las partes, de modo que los contratos obligan no solo a lo expresamente pactado, sino también a las consecuencias que, según su naturaleza, sean conformes a la buena fe, al uso y a la ley.
    *   Cita: [SENTENCIA | Sentencias | 11001_3103_026_2000_04366_01_clase_de_actuación_recurso_de_casacion_tipo_de_providencia_sentencia_fe_227862_número_de_pr | página 0], [SENTENCIA | Sentencias | sc3273_2020_clase_de_actuación_recurso_de_casación_tipo_de_providencia_sentencia_fecha_07_09_2020_po_706877_número_de_pr | página 0]
2.  Uno de los principios rectores de la interpretación contractual, derivado de la buena fe, es que, conocida claramente la intención de las partes, debe estarse más a ella que a lo literal de las palabras utilizadas en el texto del contrato (Artículo 1618 Código Civil).
    *   Cita: [SENTENCIA | Corte_Constitucional | C-248-20 | página 0]
3.  El principio de buena fe obliga a las partes a asumir comportamientos que honren los deberes que se deriven de la naturaleza de la obligación contractual y de la finalidad buscada al realizar el contrato, lo cual puede conducir a un resultado diferente del obtenido de una interpretación literal simplista y superficial, siendo acorde con principios de justicia material y privilegio de lo sustancial sobre lo formal.
    *   Cita: [SENTENCIA | Corte_Constitucional | T-537-09 | página 0]
4.  La buena fe en sentido objetivo consiste en que la conducta de una parte con respecto a la otra se acomode a los imperativos éticos que la conciencia social exige.
    *   Cita: [SENTENCIA | Sentencias | sc4174_2021_clase_de_actuación_recurso_de_casación_tipo_de_providencia_sentencia_fecha_13_10_2021_po_747572_número_de_pr | página 0]
5.  La exigencia de buena fe prohíbe el ejercicio de una interpretación para obtener provecho de una aparente ambigüedad en una cláusula.
    *   Cita: [SENTENCIA | Corte_Constitucional | T-027-19 | página 0]
6.  El principio de buena fe sirve como parámetro interpretativo de las disposiciones contractuales.
    *   Cita: [SENTENCIA | Corte_Constitucional | T-537-09 | página 0]","SILOGISMO JURÍDICO:

1.  **PREMISA MAYOR:** El principio de buena fe contractual, en su concepción objetiva entendida como corrección, permea todo el derecho privado colombiano, obligando a las partes no solo a lo expresamente previsto en el contrato o la ley, sino también a todo aquello que se desprenda de la naturaleza y de las obligaciones del contrato celebrado. Uno de los principios rectores de la interpretación contractual es que, conocida claramente la intención de las partes, debe estarse más a ella que a lo literal de las palabras utilizadas en el texto del contrato (Artículo 1618 Código Civil), presumiéndose incluso las cláusulas de uso común aunque no se expresen (Artículo 1621 Código Civil). Este principio obliga a las partes a asumir comportamientos que honren los deberes derivados de la naturaleza de la obligación contractual y de la finalidad buscada, lo cual puede conducir a un resultado diferente del obtenido de una interpretación literal simplista y superficial, pero acorde con la justicia material y el privilegio de lo sustancial sobre lo formal. Además, prohíbe interpretaciones que busquen obtener provecho de una aparente ambigüedad en una cláusula, dada la máxima exigencia de pulcritud moral e intelectual que campea en la buena fe.

2.  **PREMISA MENOR:** Cuando el texto de un contrato civil admite más de una lectura razonable, la buena fe objetiva adquiere una relevancia crucial. En tal escenario, no se debe optar por una interpretación ""literal simplista y superficial"", sino que se debe ir más allá de las palabras para desentrañar la ""intención de las partes"" y los ""deberes que se deriven de la naturaleza de la obligación contractual y de la finalidad por ellas buscada"". La buena fe objetiva prohíbe expresamente que una de las partes realice un ""ejercicio hecho... para obtener provecho de una aparente ambigüedad en la cláusula"", ya que esto contraviene la ""pulcritud moral e intelectual"" exigida. Por tanto, la interpretación debe acomodarse a los ""imperativos éticos que la conciencia social exigen"" y conducir a un resultado que sea ""acorde con los postulados de un Estado social de derecho inspirado en principios de justicia material y privilegio de lo sustancial sobre lo formal"".

3.  **CONCLUSIÓN:** En un contrato civil que admite más de una lectura razonable, la buena fe objetiva es de relevancia capital, ya que obliga a interpretar el contrato más allá de lo literal, atendiendo a la intención clara de las partes, la naturaleza de la obligación y la finalidad buscada, impidiendo interpretaciones oportunistas de ambigüedades y garantizando que la ejecución contractual se ajuste a los deberes de corrección, justicia material y lo sustancial sobre lo formal.",1,
44,¿Cómo se determina si una condición pactada depende exclusivamente de la voluntad de una de las partes y qué efectos tendría ello sobre la obligación?,"Una condición pactada que depende exclusivamente de la voluntad de una de las partes se describe como una ""condición potestativa consistente en el simple arbitrio o mera voluntad de un"" (una parte).

Los efectos de tal condición sobre la obligación son que el cumplimiento de la obligación ""no queda al simple arbitrio o mera voluntad de una parte"". Además, un pacto de terminación unilateral del contrato que someta la obligación a esta condición potestativa puede ser cuestionado por ""invalidez e ilicitud"".

[SENTENCIA | Sentencias | 11001_3103_012_1999_01957_01_clase_de_actuación_recurso_de_casacion_tipo_de_providencia_sentencia_fe_227858_número_de_pr | página 0]","SILOGISMO JURÍDICO:

1.  **PREMISA MAYOR:**
    Conforme al principio *pacta sunt servanda*, la persona está obligada a cumplir lo pactado en los términos de lo acordado, y el contrato genera efectos vinculantes para las partes (Corte Constitucional, T-222-04; Sentencias, 11001_3103_012_1999_01957_01). Si bien las condiciones son fruto de la autonomía de la voluntad y modifican las obligaciones (Sentencias, sc3674_2021), el cumplimiento de las obligaciones no puede quedar al simple arbitrio o mera voluntad de una de las partes (Sentencias, 11001_3103_012_1999_01957_01). En este sentido, los pactos de terminación unilateral del contrato que no estén establecidos por la ley, la costumbre o los usos y prácticas negociales, suelen cuestionarse por oponerse a la noción o fuerza normativa del contrato y por su invalidez e ilicitud al someterlo a una condición potestativa consistente en el simple arbitrio o mera voluntad de una de las partes (Sentencias, 11001_3103_012_1999_01957_01, citando artículos 1494, 1535, 1602 y 1603 del Código Civil).

2.  **PREMISA MENOR:**
    Para determinar si una condición pactada depende exclusivamente de la voluntad de una de las partes, se debe evaluar si su realización o el cumplimiento de la obligación queda supeditado al ""simple arbitrio o mera voluntad"" de uno de los contratantes. Si la condición otorga a una de las partes la facultad de decidir unilateralmente sobre la existencia, el cumplimiento o la terminación del contrato, sin que dicha facultad tenga un origen válido en la ley, la costumbre o los usos y prácticas negociales, se configura una condición de esta naturaleza.

3.  **CONCLUSIÓN:**
    Una condición se determina como dependiente exclusivamente de la voluntad de una de las partes cuando su configuración o ejecución se somete al ""simple arbitrio o mera voluntad"" de uno de los contratantes. El efecto jurídico de tal condición, especialmente si se refiere al cumplimiento o a la terminación unilateral del contrato sin un fundamento legal, consuetudinario o de usos negociales, es que el pacto puede ser considerado inválido e ilícito, por oponerse a la fuerza normativa del contrato y a la prohibición de que las obligaciones queden al mero arbitrio de una de las partes.",1,
45,"En un contrato de suministro civil atípico entre particulares, ¿qué criterios permiten integrar obligaciones no expresamente pactadas sobre calidad, oportunidad y cooperación?","En un contrato, las obligaciones no expresamente pactadas pueden integrarse sin perjuicio de las reglas imperativas, dispositivas y supletorias de la materia.

El contexto recuperado menciona que el concepto de “adecuado aprovisionamiento a consumidores y usuarios”, relativo a los bienes y servicios, comprende un mínimo de requerimientos de calidad aplicable a los elementos que componen la oferta. Sin embargo, no se especifican criterios para integrar obligaciones no expresamente pactadas sobre calidad, oportunidad y cooperación en un contrato de suministro civil atípico entre particulares, más allá de las reglas generales mencionadas.

Citas:
*   [SENTENCIA | Sentencias | sc5141_2020_clase_de_actuación_recurso_de_casación_tipo_de_providencia_sentencia_fecha_16_12_2020_po_717717_número_de_pr | página 0]
*   [SENTENCIA | Corte_Constitucional | C-1141-00 | página 0]","SILOGISMO JURÍDICO:

1.  **PREMISA MAYOR:**
    Según el contexto recuperado, el contrato de suministro es un contrato típico, bilateral, conmutativo, consensual, oneroso y de ejecución continuada, fundado en los artículos 1602 a 1617 del Código Civil, que consagran la fuerza normativa de los contratos (`[SENTENCIA | Sentencias | sc5141_2020_clase_de_actuación_recurso_de_casación_tipo_de_providencia_sentencia_fecha_16_12_2020_po_717717_número_de_pr | página 0]`). La integración de obligaciones no expresamente pactadas se rige por las estipulaciones convenidas por las partes, sin perjuicio de las reglas imperativas, dispositivas y supletorias de la materia (`[SENTENCIA | Sentencias | sc5141_2020_clase_de_actuación_recurso_de_casación_tipo_de_providencia_sentencia_fecha_16_12_2020_po_717717_número_de_pr | página 0]`). Este vínculo consensual se establece dentro de un régimen que privilegia la autonomía de la voluntad, el equilibrio obligacional, la transparencia y la exigencia mutua de efectivas responsabilidades de diferente orden para las partes contratantes (`[SENTENCIA | Corte_Constitucional | C-648-02 | página 0]`), siempre respetando la voluntad libremente configurada de las partes dentro de los amplios límites trazados por el legislador (`[SENTENCIA | Sentencias | sc3375_2021_clase_de_actuación_recurso_de_casación_tipo_de_providencia_sentencia_fecha_01_09_2021_po_742707_número_de_pr | página 0]`).

2.  **PREMISA MENOR:**
    Aunque la pregunta se refiere a un contrato de suministro civil atípico, el contexto recuperado (`[SENTENCIA | Sentencias | sc5141_2020_clase_de_actuación_recurso_de_casación_tipo_de_providencia_sentencia_fecha_16_12_2020_po_717717_número_de_pr | página 0]`) establece que el contrato de suministro es **típico**. No obstante, los criterios para integrar obligaciones no expresamente pactadas en cualquier contrato, incluyendo el de suministro, se derivan de las reglas imperativas, dispositivas y supletorias de la materia, así como de los principios de equilibrio obligacional y exigencia mutua de responsabilidades.

    *   **Calidad:** Las obligaciones de calidad, si no están expresamente pactadas, se integrarían a partir de las reglas imperativas, dispositivas y supletorias aplicables al contrato de suministro (`[SENTENCIA | Sentencias | sc5141_2020_clase_de_actuación_recurso_de_casación_tipo_de_providencia_sentencia_fecha_16_12_2020_po_717717_número_de_pr | página 0]`). El principio de equilibrio obligacional y la exigencia mutua de responsabilidades (`[SENTENCIA | Corte_Constitucional | C-648-02 | página 0]`) implican que la prestación debe cumplir con un estándar que permita la efectiva ejecución del contrato y mantenga la equidad entre las partes.
    *   **Oportunidad:** La oportunidad en el cumplimiento de las prestaciones se integra igualmente por las reglas imperativas, dispositivas y supletorias de la materia (`[SENTENCIA | Sentencias | sc5141_2020_clase_de_actuación_recurso_de_casación_tipo_de_providencia_sentencia_fecha_16_12_2020_po_717717_número_de_pr | página 0]`). Dado que el contrato de suministro es de ""ejecución continuada"" (`[SENTENCIA | Sentencias | sc5141_2020_clase_de_actuación_recurso_de_casación_tipo_de_providencia_sentencia_fecha_16_12_2020_po_717717_número_de_pr | página 0]`), la temporalidad es inherente a su naturaleza. El equilibrio obligacional y la exigencia mutua de responsabilidades (`[SENTENCIA | Corte_Constitucional | C-648-02 | página 0]`) demandan que las prestaciones se realicen en un tiempo que permita la consecución del fin contractual y evite afectar la relación entre las partes (`[SENTENCIA | Sentencias | sc3689_2021_clase_de_actuación_recurso_de_casación_tipo_de_providencia_sentencia_fecha_25_08_2021_po_741809_número_de_pr | página 0]`).
    *   **Coordinación/Cooperación:** La obligación de cooperación se deriva del régimen que privilegia el equilibrio obligacional, la transparencia y la exigencia mutua de efectivas responsabilidades para las partes contratantes (`[SENTENCIA | Corte_Constitucional | C-648-02 | página 0]`). Estos principios implican que las partes deben actuar de manera que permitan la efectiva ejecución del contrato y el cumplimiento de las obligaciones recíprocas, manteniendo la igualdad que debe imperar en la contratación privada (`[SENTENCIA | Corte_Constitucional | T-726-10 | página 0]`) y evitando afectar la relación contractual existente (`[SENTENCIA | Sentencias | sc3689_2021_clase_de_actuación_recurso_de_casación_tipo_de_providencia_sentencia_fecha_25_08_2021_po_741809_número_de_pr | página 0]`).

3.  **CONCLUSIÓN:**
    Para integrar obligaciones no expresamente pactadas sobre calidad, oportunidad y cooperación en un contrato de suministro (que el contexto define como típico), los criterios aplicables son las reglas imperativas, dispositivas y supletorias de la materia, así como los principios de equilibrio obligacional, transparencia y la exigencia mutua de efectivas responsabilidades entre las partes. Estos principios buscan asegurar la efectiva ejecución del contrato, la equidad y la preservación de la relación contractual.",2,
46,¿Basta la simple desproporción económica para afirmar lesión enorme o se requieren elementos normativos adicionales según el tipo contractual?,"Según el contexto recuperado, la lesión enorme se basa en un presupuesto ""enteramente objetivo"" o ""meramente objetivo"", que es la ""extrema desproporción entre el valor de la cosa y el precio que se paga o recibe por ella"" o la ""manifiesta desproporción, disparidad, inequivalencia calificada o desequilibrio objetivo tarifado en el valor económico de las prestaciones"".

Sin embargo, el ordenamiento jurídico consagró la figura de la lesión enorme de manera ""fragmentaria, con un criterio objetivo, y con soluciones diversas frente a las distintas hipótesis en las que el legislador tuvo a bien establecer consecuencias para determinados eventos"". El desequilibrio debe apreciarse ""en cuanto alcance el grado señalado, para cada caso por la ley"", y es una asimetría prestacional ""establecida por el legislador respecto de ciertos contratos"".

Por lo tanto, no basta la simple desproporción económica, sino que esta debe alcanzar el grado señalado por la ley para cada caso o tipo contractual específico.

**Citas:**
*   [SENTENCIA | Corte_Constitucional | C-236-14 | página 0]
*   [SENTENCIA | Sentencias | 20001_3103_003_1998_00238_01 | página 0]
*   [SENTENCIA | Sentencias | 25269_3103_002_2005_00199_01 | página 0]","SILOGISMO JURÍDICO:

1.  **PREMISA MAYOR:** La lesión enorme en el ordenamiento jurídico colombiano se consagra de manera fragmentaria, con un criterio objetivo, y se configura por una desproporción considerable, extrema o manifiesta entre el precio convenido y el precio justo de una mercancía o el valor de las prestaciones recíprocas. Sin embargo, esta desproporción debe alcanzar la cuantía determinada por la ley y estar establecida por el legislador respecto de ciertos contratos específicos, no siendo un principio general aplicable a cualquier desequilibrio, sino a ""distintas hipótesis en las que el legislador tuvo a bien establecer consecuencias"" (Corte Constitucional C-236-14; Corte Suprema de Justicia, Sentencias 20001_3103_003_1998_00238_01 y 25269_3103_002_2005_00199_01).

2.  **PREMISA MENOR:** La pregunta indaga si la simple desproporción económica es suficiente para configurar la lesión enorme o si se requieren elementos normativos adicionales según el tipo contractual. El contexto recuperado enfatiza que, si bien la lesión enorme se basa en un factor meramente objetivo de desequilibrio económico, este desequilibrio debe ser ""calificado"" o ""tarifado"" y alcanzar ""el grado señalado, para cada caso por la ley"". Además, se establece que es una causa de ineficacia negocial ""establecida por el legislador respecto de ciertos contratos"", lo que descarta su aplicación generalizada a cualquier desproporción y exige la concurrencia de una previsión legal específica para el tipo contractual en cuestión.

3.  **CONCLUSIÓN:** No, la simple desproporción económica no basta para afirmar la lesión enorme. Se requieren elementos normativos adicionales, pues la desproporción debe ser de la cuantía determinada por la ley y estar expresamente establecida por el legislador para ciertos contratos específicos, lo que implica que su aplicación depende de la regulación particular para cada tipo contractual.",1,
47,¿Cómo debe examinarse la validez de una renuncia anticipada y general a reclamar perjuicios derivados del incumplimiento futuro de la contraparte?,"Para examinar la validez de una renuncia anticipada y general a reclamar perjuicios derivados del incumplimiento futuro de la contraparte, el contexto indica que la eficacia de las cláusulas resolutorias expresas por incumplimiento exige ""la indicación particular, clara y precisa de la obligación u obligaciones cuya inobservancia relevante"", y que ""No basta mención o referencia abstracta, global, genérica o en bloque"".

Adicionalmente, en el contexto de las cláusulas de exclusión, es necesario determinar ""si ésta presentaba características de ambigüedad o generalidad que impedían invocar el no pago de la obligación asegurada"".

[SENTENCIA | Sentencias | 11001_3103_012_1999_01957_01_clase_de_actuación_recurso_de_casacion_tipo_de_providencia_sentencia_fe_227858_número_de_pr | página 0]
[SENTENCIA | Corte_Constitucional | T-228-25 | página 0]","SILOGISMO JURÍDICO:

1.  **PREMISA MAYOR:** La eficacia de las cláusulas resolutorias expresas por incumplimiento, que facultan a una o ambas partes la terminación unilateral del contrato, exige acatar los presupuestos genéricos de validez y la indicación particular, clara y precisa de la obligación u obligaciones cuya inobservancia relevante las activa, sin que baste una mención o referencia abstracta, global, genérica o en bloque (Sentencia 11001_3103_012_1999_01957_01). Por otra parte, en el contexto de un contrato de seguro, es necesario realizar un estudio constitucional de la cláusula de exclusión para determinar si presenta características de ambigüedad o generalidad que impidan invocar el no pago de la obligación asegurada (Sentencia T-228-25).

2.  **PREMISA MENOR:** La pregunta se refiere a la validez de una renuncia anticipada y general a reclamar perjuicios derivados del incumplimiento futuro en el ámbito del Derecho Contractual Civil Colombiano. El contexto recuperado establece criterios de claridad y especificidad para las cláusulas resolutorias expresas que conducen a la terminación unilateral del contrato, y para las cláusulas de exclusión en contratos de seguro, evaluando su ambigüedad o generalidad. Sin embargo, el contexto no contiene una disposición o jurisprudencia que aborde directamente la validez de una ""renuncia anticipada y general a reclamar perjuicios"" en un contrato civil general, ni extiende explícitamente los principios mencionados a este tipo específico de cláusula o contrato.

3.  **CONCLUSIÓN:** Por lo tanto, basándose únicamente en el contexto recuperado, no es posible determinar cómo debe examinarse la validez de una renuncia anticipada y general a reclamar perjuicios derivados del incumplimiento futuro de la contraparte en el Derecho Contractual Civil Colombiano, ya que el contexto no proporciona una norma o jurisprudencia específica para este tipo de cláusula en un contrato civil general.",2,
48,"En un contrato con cláusula compromisoria redactada de manera imprecisa, ¿qué criterios permiten establecer si las partes realmente excluyeron la jurisdicción ordinaria?",No encontrado en el corpus. El contexto recuperado no contiene información suficiente para responder.,"SILOGISMO JURÍDICO:

1.  **PREMISA MAYOR:**
    La cláusula compromisoria es un acuerdo negocial que, al ser invocada tempestivamente, mantiene su vigor y refleja, *prima facie*, un incumplimiento del demandante al presentar su libelo ante la justicia ordinaria, regulando la forma de resolver controversias respecto a la aplicación, ejecución, terminación o rescisión del contrato (Sentencia SC6315_2017; Sentencia T-331-24). No obstante, la jurisprudencia constitucional ha establecido que las cláusulas contractuales que presentan características de ambigüedad, excesiva vaguedad o generalidad impiden establecer su alcance y pueden vulnerar la buena fe del tomador (Sentencia T-228-25; Sentencia T-027-19). En este contexto, las controversias que surjan entre las partes sobre la interpretación de las cláusulas de un contrato deben ser llevadas a la jurisdicción ordinaria para que el juez determine su alcance y aplicación (Sentencia T-763-06).

2.  **PREMISA MENOR:**
    Cuando una cláusula compromisoria está redactada de manera imprecisa, su ambigüedad o generalidad excesiva puede impedir determinar con claridad la voluntad de las partes de excluir la jurisdicción ordinaria. Siguiendo el criterio establecido para otras cláusulas contractuales, si la imprecisión es tal que no permite establecer el alcance de la exclusión de la jurisdicción ordinaria, se vulneraría la buena fe y no sería posible invocar eficazmente dicha exclusión. En este escenario, la interpretación de la cláusula y la determinación de su alcance recaerían en la jurisdicción ordinaria, que evaluaría si la imprecisión es tan significativa que no logra configurar un pacto arbitral claro y vinculante para la exclusión de su competencia.

3.  **CONCLUSIÓN:**
    Para establecer si las partes realmente excluyeron la jurisdicción ordinaria en un contrato con una cláusula compromisoria redactada de manera imprecisa, los criterios se centran en determinar si la imprecisión genera ambigüedad o una generalidad excesiva que impida establecer con claridad el alcance de la exclusión. Si la cláusula es tan vaga o genérica que no permite inferir inequívocamente la voluntad de las partes de someter sus controversias exclusivamente a arbitraje, se consideraría que no se ha configurado una exclusión efectiva de la jurisdicción ordinaria, y la controversia podría ser conocida por esta última para la interpretación de la cláusula y la resolución del fondo del asunto.",1,
49,"¿Cómo debe tratarse un error en la identificación del inmueble vendido cuando la nomenclatura es incorrecta, pero otros elementos del contrato permiten inferir el bien querido?",No encontrado en el corpus. El contexto recuperado no contiene información suficiente para responder.,"SILOGISMO JURÍDICO:

1.  **PREMISA MAYOR:**
    Según la jurisprudencia colombiana, la identificación de un bien inmueble en los contratos, especialmente en la promesa de compraventa y en los instrumentos públicos, debe ser precisa y completa, incluyendo sus linderos. La ausencia de esta identificación o el uso de expresiones abstractas que partan de puntos y mojones dentro de un predio de mayor extensión, puede generar discrepancias en la definición de lo que se quiso representar, errores en las características del bien prometido, o incluso supeditar el perfeccionamiento del contrato a la averiguación posterior de los detalles que distinguen el inmueble. La omisión de datos de identificación puede, además, impedir la inscripción del derecho de dominio en la Oficina de Registro de Instrumentos Públicos.

2.  **PREMISA MENOR:**
    El contexto recuperado no aborda directamente el tratamiento de un error en la nomenclatura del inmueble vendido cuando, a pesar de ello, otros elementos del contrato permiten inferir el bien querido. En cambio, la jurisprudencia citada se enfoca en la necesidad de una identificación *precisa y completa* del inmueble, haciendo énfasis en la consignación de los linderos, y advierte sobre las consecuencias negativas de la *ausencia*, *omisión* o *abstracción* de dichos datos de identificación, como la generación de discrepancias o la imposibilidad de inscripción.

3.  **CONCLUSIÓN:**
    Dado que el contexto recuperado enfatiza la exigencia de una identificación precisa y completa del inmueble, incluyendo sus linderos, y advierte sobre las problemáticas derivadas de la ausencia, omisión o abstracción de tales datos, no es posible determinar, con base *únicamente* en la información proporcionada, cómo debe tratarse específicamente un error en la nomenclatura que se pretenda subsanar por inferencia de otros elementos. Sin embargo, la jurisprudencia sugiere que la falta de una identificación clara y completa es un obstáculo significativo para el perfeccionamiento y la validez del contrato, pudiendo generar discrepancias o impedir la inscripción del bien.",2,
50,"Si el contrato atribuye a una parte la facultad de interpretar unilateralmente sus propias cláusulas en caso de duda, ¿esa estipulación produce efectos jurídicos plenos?","No, una estipulación que atribuye a una parte la facultad de interpretar unilateralmente sus propias cláusulas en caso de duda no produce efectos jurídicos plenos.

El contexto establece que ""Sólo la entidad estatal puede interpretar unilateralmente el contrato, por medio de un acto administrativo debidamente motivado, cuando surgen discrepancias sobre su sentido, si de ello se puede seguir la paralización o afectación grave del servicio público a satisfacer y no se llega a un acuerdo entre las partes."" (SENTENCIA | Corte_Constitucional | C-499-15 | página 0).

Además, ""toda controversia respecto de su eficacia o ejercicio, corresponde definirla a los jueces"" (SENTENCIA | Sentencias | 11001_3103_012_1999_01957_01_clase_de_actuación_recurso_de_casacion_tipo_de_providencia_sentencia_fe_227858_número_de_pr | página 0).

También se indica que ""la alteración unilateral de alguno de los términos contractuales, o su lectura literal y maliciosa, se traducirían en un acto sorpresivo que traicionaría la confianza depositada."" (SENTENCIA | Corte_Constitucional | T-065-15 | página 0).","SILOGISMO JURÍDICO:

1.  **PREMISA MAYOR:**
    Según la jurisprudencia, la interpretación definitiva de las estipulaciones contractuales y la resolución de controversias sobre su eficacia o ejercicio corresponden a los jueces, quienes ejercen su autonomía hermenéutica y valoran los elementos de convicción (Sentencia 11001-3103-012-1999-01957-01). Se prohíbe tomar justicia por mano propia, y cualquier estipulación que pueda resultar abusiva, comportar abuso del derecho o vulnerar la buena fe debe ser cuidadosamente examinada por los jueces (Sentencia 11001-3103-012-1999-01957-01). La alteración unilateral de los términos contractuales o su lectura literal y maliciosa traicionan la confianza depositada y los principios de buena fe (Sentencia T-065-15). De manera explícita, solo la entidad estatal puede interpretar unilateralmente el contrato, por medio de un acto administrativo motivado, cuando surgen discrepancias sobre su sentido y de ello se puede seguir la paralización o afectación grave del servicio público, y no se llega a un acuerdo entre las partes (Sentencia C-499-15).

2.  **PREMISA MENOR:**
    La pregunta plantea una estipulación contractual que atribuye a *una parte* la facultad de interpretar unilateralmente sus propias cláusulas en caso de duda. Esta atribución a una parte privada contraviene el principio general de que la interpretación definitiva y la resolución de controversias son competencia judicial. Permitir a una parte privada interpretar unilateralmente el contrato podría constituir una forma de ""tomar justicia por mano propia"", dar lugar a interpretaciones abusivas o de mala fe, y traicionar la confianza depositada, aspectos que la jurisprudencia busca evitar y someter al control judicial. La facultad de interpretación unilateral está restringida por la jurisprudencia exclusivamente a las entidades estatales bajo condiciones muy específicas en contratos públicos, lo cual no se cumple en el supuesto general de la pregunta.

3.  **CONCLUSIÓN:**
    No, una estipulación contractual que atribuye a una parte (que no sea una entidad estatal bajo las condiciones excepcionales de un contrato público) la facultad de interpretar unilateralmente sus propias cláusulas en caso de duda no produce efectos jurídicos plenos. La interpretación definitiva y la resolución de controversias corresponden a los jueces, y la interpretación unilateral por una parte privada es contraria a los principios de buena fe y al rol judicial en la definición de la eficacia y ejercicio de las cláusulas contractuales.",1,
51,¿Qué análisis procede cuando las partes suscriben un contrato simulado para ocultar una relación jurídica distinta y luego una de ellas pretende hacer valer el negocio aparente?,"Cuando una de las partes de un contrato simulado intenta prevalerse de ventajas o privilegios estipulados en el pacto aparente, contrariando lo que se acordó en secreto, o decide comportarse como si el contrato aparente hubiera sido serio, procede la acción de simulación, también llamada acción de prevalencia. Esta acción tiene por propósito develar la verdadera intención de las partes de un contrato, oculta de manera concertada tras un negocio jurídico aparente, y esclarecer la verdadera voluntad de las partes de una convención aparente, de modo que puedan deshacerse los efectos del fingimiento. Existe una obligación de aclarar cuál es la verdad y deshacer la apariencia, de la que son deudores y acreedores recíprocos todos los partícipes de una convención simulada.

Citas:
*   [SENTENCIA | Sentencias | obligaciones_a_plazo | página 0] (""si el comprador aparente... intente prevalerse de ventajas o privilegios estipulados en el pacto aparente, contrariando así lo que se acordó en secreto."")
*   [SENTENCIA | Sentencias | obligaciones_a_plazo | página 0] (""En cambio, si el comprador decide comportarse como si el contrato aparente hubiera sido serio –negándose a seguir"")
*   [SENTENCIA | Sentencias | obligaciones_a_plazo | página 0] (""La acción de simulación –también llamada acción de prevalencia– tiene por propósito develar la verdadera intención de las partes de un contrato, oculta de manera concertada tras un negocio jurídico aparente."")
*   [SENTENCIA | Sentencias | obligaciones_a_plazo | página 0] (""si el propósito de la acción de prevalencia consiste en esclarecer la verdadera voluntad de las partes de una convención aparente, es lógico deducir la existencia de un derecho –y un deber jurídico correlativo– orientado a que esa voluntad real se exteriorice, de modo que puedan deshacerse los efectos del fingimiento."")
*   [SENTENCIA | Sentencias | obligaciones_a_plazo | página 0] (""Existe, pues, una obligación de aclarar cuál es la verdad y deshacer la apariencia, de la que son deudores y acreedores recíprocos todos los partícipes de una convención simulada."")","SILOGISMO JURÍDICO:

1.  **PREMISA MAYOR:**
    La acción de simulación, también conocida como acción de prevalencia, tiene como propósito fundamental develar la verdadera intención de las partes de un contrato, la cual ha sido ocultada de manera concertada tras un negocio jurídico aparente (obligaciones_a_plazo). Esta figura implica una discordancia entre la voluntad real y su exteriorización, donde los contratantes, sabedores de la farsa, hacen una declaración de voluntad fingida con el fin de mostrarla a terceros como su verdadera intención (sc3598_2020). La simulación se caracteriza por un procedimiento anómalo donde el dicho público de las partes se enerva con su dicho privado, creando un contraste entre dos aspectos de una misma conducta que constituyen un solo compuesto negocial (11001_3103_032_2002_00083_01). Existe una obligación recíproca entre los partícipes de una convención simulada de aclarar la verdad y deshacer la apariencia (obligaciones_a_plazo). La Corte ha desarrollado la teoría de la simulación de los contratos, permitiendo a quien se vea seriamente lesionado con el negocio aparente, ejercer una acción para que salga a la luz su genuino alcance y prevalezca la verdad (sc3365_2020).

2.  **PREMISA MENOR:**
    Cuando una de las partes que suscribió un contrato simulado para ocultar una relación jurídica distinta pretende hacer valer el negocio aparente, se activa la exigibilidad de la obligación recíproca de las partes de aclarar la verdad. El contexto explica que, mientras el comprador aparente sea fiel a la artimaña y actúe como si no se hubiera transferido nada, resultaría inviable demandar la simulación para las partes, pues ninguna tendría interés para ello. Sin embargo, el interés para demandar la simulación surge cuando una de las partes ""intente prevalerse de ventajas o privilegios estipulados en el pacto aparente, contrariando así lo que se acordó en secreto"" (obligaciones_a_plazo). Esto ocurre, por ejemplo, ""si el comprador decide comportarse como si el contrato aparente hubiera sido serio –negándose a seguir"" (obligaciones_a_plazo) lo que se acordó en secreto. En tal situación, el análisis procede a través de la acción de prevalencia, cuyo propósito es esclarecer la verdadera voluntad de las partes de la convención aparente, para que esa voluntad real se exteriorice y se deshagan los efectos del fingimiento (obligaciones_a_plazo).

3.  **CONCLUSIÓN:**
    Cuando una de las partes de un contrato simulado intenta hacer valer el negocio aparente, el análisis que procede es la interposición de la acción de simulación o prevalencia. Esta acción busca esclarecer la verdadera voluntad de los contratantes, deshacer los efectos del fingimiento y hacer prevalecer la realidad jurídica sobre la apariencia, dada la obligación recíproca de las partes de aclarar la verdad.",2,
52,"En un contrato de comodato, ¿cómo incide el uso distinto de la cosa prestada sobre la responsabilidad del comodatario por deterioro o pérdida?",No encontrado en el corpus. El contexto recuperado no contiene información suficiente para responder.,"SILOGISMO JURÍDICO:

1.  **PREMISA MAYOR:**
    El contrato de comodato o préstamo de uso se define como aquel en que una de las partes entrega a la otra gratuitamente una especie mueble o raíz, para que haga uso de ella, y con cargo de restituir la misma especie después de terminar el uso (Artículo 2200 del Código Civil). En este sentido, la jurisprudencia establece que el comodatario debe restituir la cosa en el tiempo acordado, o en caso de silencio, después del uso para el cual se prestó (Sentencia 11001_3103_012_1999_01957_01).

2.  **PREMISA MENOR:**
    El contexto recuperado establece claramente la obligación del comodatario de usar la cosa para el fin específico para el cual fue prestada y de restituirla una vez finalizado dicho uso. Sin embargo, el contexto no contiene disposiciones que detallen explícitamente cómo un ""uso distinto de la cosa prestada"" incide directamente en la responsabilidad del comodatario por su ""deterioro o pérdida"". Aunque se define la obligación de un uso específico y la restitución de la misma especie, no se articulan las consecuencias directas de un uso diferente en términos de responsabilidad por deterioro o pérdida.

3.  **CONCLUSIÓN:**
    Basado únicamente en el contexto recuperado, se puede afirmar que el comodatario está obligado a usar la cosa prestada para el fin para el cual fue entregada y a restituir la misma especie. No obstante, el contexto no proporciona información específica sobre cómo un uso distinto de la cosa prestada afecta la responsabilidad del comodatario por su deterioro o pérdida.",1,
53,"¿Cómo se determina si una obligación es divisible o indivisible cuando la prestación principal admite fraccionamiento material, pero el interés del acreedor parece unitario?",No encontrado en el corpus. El contexto recuperado no contiene información suficiente para responder.,"SILOGISMO JURÍDICO:

1.  **PREMISA MAYOR**:
    Según la jurisprudencia civil colombiana, las obligaciones solidarias son aquellas que, a pesar de tener un objeto divisible y pluralidad de sujetos, colocan a cada deudor en la necesidad de pagar la totalidad de la deuda o facultan al acreedor para exigir la integridad del crédito, siendo su fuente la convención, el testamento o la ley (Sentencia SC5430_2021). Adicionalmente, el deudor no puede obligar al acreedor a recibir el pago parcial de una deuda, aunque esta sea divisible (Sentencia T-726-10, Artículo 1244).

2.  **PREMISA MENOR**:
    En el caso planteado, aunque la prestación principal admita fraccionamiento material, el interés del acreedor es unitario, es decir, busca la integridad del pago. Este interés unitario del acreedor, respaldado por la ley o la convención (como en el caso de las obligaciones solidarias), prevalece sobre la mera divisibilidad material del objeto, impidiendo al deudor obligar al acreedor a recibir pagos parciales.

3.  **CONCLUSIÓN**:
    Por lo tanto, una obligación se determina como indivisible en su cumplimiento, a pesar de que la prestación principal admita fraccionamiento material, cuando el interés del acreedor es unitario y la ley o la convención (como la solidaridad) le facultan para exigir la integridad del crédito, impidiendo al deudor obligar al acreedor a recibir pagos parciales.",1,
54,"Si un contrato prevé varias causales de terminación y una cláusula general de incumplimiento grave, ¿cómo se define si una conducta no listada permite resolver el vínculo?","Si un contrato prevé varias causales de terminación y una cláusula general de incumplimiento grave, una conducta no listada puede permitir resolver el vínculo si constituye una materia que afecte gravemente a la empresa o a terceros, lo cual permite tener por resuelto el contrato y proceder al corte del servicio [SENTENCIA | Corte_Constitucional | SU-1010-08].

Para definir si una conducta no listada permite resolver el vínculo, se considera que constituye un incumplimiento relevante cuando la terminación del vínculo negocial es ajena a lo convenido por los contratantes o a lo regulado en la ley [SENTENCIA | Sentencias | sc3675_2021].

Además, en el contexto de los negocios jurídicos plurilaterales, el incumplimiento de una prestación puede ser causa de resolución si la prestación incumplida es esencial para lograr la finalidad del acuerdo [SENTENCIA | Sentencias | 05001_3103_016_2002_00007_01].","SILOGISMO JURÍDICO:

1.  **PREMISA MAYOR:**
    El artículo 1546 del Código Civil (y el artículo 870 del Código de Comercio para contratos mercantiles) consagra la condición resolutoria tácita en los contratos bilaterales, facultando a la parte cumplida para solicitar la resolución del contrato o su cumplimiento, con indemnización de perjuicios, ante el incumplimiento de la otra. La jurisprudencia ha reconocido la validez de ""cláusulas resolutorias expresas o de terminación ipso jure sin requerir declaración judicial y por decisión unilateral de una parte"" (Sentencia 11001_3103_012_1999_01957_01). Sin embargo, la terminación del vínculo negocial debe estar fundamentada en ""lo convenido por los contratantes o de lo regulado en la ley"", pues una forma de terminación ajena a estas hipótesis evidenciaría un incumplimiento (Sentencia sc3675_2021). Para que un incumplimiento dé lugar a la resolución, debe ser ""relevante"" (Sentencia sc3675_2021) o ""grave"", pudiendo evidenciar ""mala fe o fraude en el comportamiento contractual del incumplido"" (Sentencia SC5569-2019). En contratos plurilaterales, el incumplimiento de una prestación debe ser ""esencial"" para lograr la finalidad del acuerdo (Artículo 865 C.Co., Sentencia 05001_3103_016_2002_00007_01).

2.  **PREMISA MENOR:**
    En el escenario planteado, el contrato prevé causales de terminación específicas y una cláusula general de ""incumplimiento grave"". Si una conducta no está expresamente listada entre las causales específicas, su capacidad para resolver el vínculo debe evaluarse bajo la cláusula general de ""incumplimiento grave"". Esto implica determinar si la conducta constituye un ""incumplimiento relevante"" que afecte de manera ""grave"" la ejecución del contrato o la finalidad del acuerdo, en los términos que las partes hayan pactado en dicha cláusula general o, en su defecto, conforme a los criterios jurisprudenciales de esencialidad de la obligación incumplida o la presencia de mala fe o fraude. La resolución del contrato por una conducta no listada solo será válida si encaja en la definición de ""incumplimiento grave"" acordada o implícita en el contrato, y no puede ser una terminación ""ajena a lo convenido"".

3.  **CONCLUSIÓN:**
    Una conducta no listada explícitamente como causal de terminación en un contrato que contiene una cláusula general de ""incumplimiento grave"" permitirá resolver el vínculo si, tras un análisis, se determina que dicha conducta constituye un ""incumplimiento relevante"" o ""grave"" que frustra la finalidad esencial del contrato, afecta gravemente a la otra parte, o evidencia mala fe o fraude, en concordancia con los criterios establecidos en la cláusula general y la jurisprudencia aplicable.",1,
55,¿Qué efectos tiene sobre la exigibilidad de la obligación una cláusula que supedita el pago a la satisfacción subjetiva del acreedor respecto del resultado obtenido?,No encontrado en el corpus. El contexto recuperado no contiene información suficiente para responder.,"SILOGISMO JURÍDICO:

1.  **PREMISA MAYOR:** El Derecho Contractual Civil Colombiano, al clasificar las obligaciones de resultado, establece que en estas el interés primario del acreedor se puede obtener con el comportamiento o conducta debida, y el deudor puede garantizar que el acreedor obtenga el resultado o logro concreto que constituye dicho interés primario (CSJ. Civil. Sentencia de 5 de noviembre de 2013, exp. 00025, citada en SC3273-2020). El criterio para distinguir este tipo de obligaciones se centra en la incidencia que en el concepto de cumplimiento tenga la realización del interés primario del acreedor, es decir, que este efectivamente obtenga el resultado útil o la finalidad práctica que espera lograr (SC2501-2021).

2.  **PREMISA MENOR:** La pregunta plantea los efectos de una cláusula que supedita el pago a la ""satisfacción subjetiva del acreedor respecto del resultado obtenido"". El contexto recuperado define las obligaciones de resultado en función de la obtención de un ""resultado o logro concreto"" o un ""resultado útil o la finalidad práctica"" que el acreedor espera lograr, y subraya la capacidad del deudor para ""garantizar"" dicho resultado. No obstante, el contexto no aborda directamente la validez, interpretación o los efectos jurídicos específicos de una condición que depende de la ""satisfacción subjetiva"" del acreedor, ni cómo esta subjetividad se concilia con la posibilidad del deudor de ""garantizar"" un resultado que, por su naturaleza, es interno y personal del acreedor.

3.  **CONCLUSIÓN:** Basándose únicamente en el contexto recuperado, no es posible determinar los efectos específicos sobre la exigibilidad de la obligación de una cláusula que supedita el pago a la satisfacción subjetiva del acreedor, dado que el material proporcionado se enfoca en la definición de obligaciones de resultado a partir de la obtención de un interés primario objetivo y concreto, sin desarrollar las implicaciones de una condición de satisfacción puramente subjetiva.",1,
56,"¿Cómo debe analizarse la validez de una obligación contractual cuyo objeto fue descrito de forma genérica, sin parámetros suficientes para individualizar la prestación?","Para analizar una obligación contractual cuyo objeto fue descrito de forma genérica, sin parámetros suficientes para individualizar la prestación, se debe proceder de la siguiente manera:

1.  **Análisis judicial de particularidades**: Corresponderá al juzgador analizar las particularidades de cada caso para distinguir si la obligación contiene un deber genérico de diligencia o el de evitar cualquier accidente, especialmente cuando las partes o la ley no lo señalen expresamente.
    *   **Cita**: [SENTENCIA | Corte_Constitucional | SU-029-24 | página 0]

2.  **Garantía de un estándar mínimo en ausencia de parámetros claros**: En materia de seguros de vida, en cláusulas generales de amparo por incapacidad total y permanente, si no se establece un parámetro claro de calificación en caso de invalidez del asegurado, como mínimo deberá garantizarse el estándar que se exige en el régimen general de seguridad social en pensiones, es decir, que el asegurado sea calificado por lo menos con el 50% de pérdida de la capacidad laboral para que se estructure el riesgo asegurado.
    *   **Cita**: [SENTENCIA | Corte_Constitucional | T-027-19 | página 0]

3.  **Complemento y concreción por otros elementos contractuales**: El contenido del negocio jurídico puede ser completado y concretado por otros elementos, como las declaraciones de asegurabilidad, que dan un sentido específico y concreto a cada contrato y son imprescindibles para determinar el cumplimiento de las obligaciones de las partes.
    *   **Cita**: [SENTENCIA | Corte_Constitucional | T-751-12 | página 0]","SILOGISMO JURÍDICO:

1.  **PREMISA MAYOR:**
    Según la jurisprudencia de la Corte Constitucional, cuando las cláusulas contractuales son genéricas y no establecen un parámetro claro para definir una obligación, corresponde al juzgador analizar las particularidades de cada caso para determinar el contenido y alcance de la misma (`SU-029-24`, `sc4786_2020`). En tales circunstancias, si no se establece un parámetro claro, como mínimo deberá garantizarse el estándar que se exige en un régimen legal relacionado para estructurar el riesgo o la prestación (`T-027-19`). Este ejercicio hermenéutico busca definir la obligación sin que ello implique, de manera general, que el contrato esté afectado por objeto ilícito *per se* (`sc3755_2022`).

2.  **PREMISA MENOR:**
    En el caso de una obligación contractual cuyo objeto fue descrito de forma genérica y sin parámetros suficientes para individualizar la prestación, la validez no se analiza como una invalidez automática del contrato. Por el contrario, el análisis debe centrarse en la determinación de su contenido y alcance. El juzgador tiene la tarea de examinar las particularidades del caso concreto y el contexto contractual para definir la prestación. Si los parámetros son insuficientes, se deberá recurrir a un estándar mínimo establecido en un régimen legal análogo para dotar de estructura a la obligación, asegurando así su determinación y exigibilidad.

3.  **CONCLUSIÓN:**
    La validez de una obligación contractual con un objeto descrito de forma genérica y sin parámetros suficientes para individualizar la prestación debe analizarse mediante un ejercicio de interpretación judicial. El juzgador, considerando las particularidades del caso y el contenido general del contrato, deberá determinar el alcance de la obligación, pudiendo recurrir a estándares mínimos de regímenes legales análogos para estructurar la prestación y asegurar su exigibilidad, en lugar de considerar el contrato inválido por objeto ilícito.",1,
57,"En un contrato bilateral, ¿qué condiciones deben concurrir para invocar válidamente la excepción de contrato no cumplido?","Para invocar válidamente la excepción de contrato no cumplido, deben concurrir los siguientes requisitos:
1.  Simultaneidad de la exigibilidad.
2.  Conexidad entre las prestaciones.
3.  Gravedad del incumplimiento.
4.  Proporcionalidad (adicionado como criterio).
5.  Las obligaciones deben ser recíprocas, es decir, que ambos sujetos de la relación se encuentren obligados y sean titulares de los correspondientes derechos de crédito.

[SENTENCIA | Sentencias | sc2501_2021_clase_de_actuación_recurso_de_casación_tipo_de_providencia_sentencia_fecha_23_06_2021_po_734809_número_de_pr | página 0]","SILOGISMO JURÍDICO:

1.  **PREMISA MAYOR:**
    El artículo 1609 del Código Civil Colombiano establece el fundamento de la excepción de contrato no cumplido (non adimpleti contractus), indicando que ""En los contratos bilaterales ninguno de los contratantes está en mora, dejando de cumplir lo pactado, mientras el otro no lo cumpla por su parte, o no se allane a cumplirlo en la forma y tiempo debidos."" La jurisprudencia complementa que para que opere esta excepción, son requisitos la simultaneidad de la exigibilidad de las obligaciones, la conexidad entre las prestaciones, la gravedad del incumplimiento, y el criterio de proporcionalidad. Además, es menester que las obligaciones sean recíprocas, lo que implica que ambos sujetos de la relación se encuentren obligados y sean titulares de los correspondientes derechos de crédito. Este mecanismo se justifica en la noción de justicia, lealtad, equilibrio y reciprocidad implícita en el principio de buena fe en las relaciones contractuales bilaterales.

2.  **PREMISA MENOR:**
    La pregunta indaga sobre las condiciones necesarias para invocar válidamente la excepción de contrato no cumplido en un contrato bilateral. Conforme a la normativa y la jurisprudencia recuperada, estas condiciones se estructuran en torno a la naturaleza del contrato y el comportamiento de las partes respecto al cumplimiento de sus obligaciones recíprocas. La parte que invoca la excepción no debe estar en mora por su propio incumplimiento, sino que su falta de cumplimiento debe estar justificada por el incumplimiento o la falta de allanamiento de la contraparte, siempre que se cumplan los requisitos de simultaneidad, conexidad, gravedad y proporcionalidad.

3.  **CONCLUSIÓN:**
    Para invocar válidamente la excepción de contrato no cumplido en un contrato bilateral, deben concurrir las siguientes condiciones:
    1.  Que el contrato sea bilateral y las obligaciones sean recíprocas.
    2.  Que la parte que invoca la excepción no esté en mora por su propio incumplimiento, sino que la contraparte no haya cumplido su obligación o no se haya allanado a cumplirla en la forma y tiempo debidos.
    3.  Que exista simultaneidad en la exigibilidad de las prestaciones.
    4.  Que haya conexidad entre las prestaciones.
    5.  Que el incumplimiento de la contraparte sea grave.
    6.  Que se observe el criterio de proporcionalidad en el incumplimiento.",1,
58,¿Cómo se distingue entre imposibilidad sobreviniente y simple dificultad económica en el cumplimiento de una obligación contractual?,"La distinción entre imposibilidad sobreviniente y simple dificultad económica en el cumplimiento de una obligación contractual se establece de la siguiente manera:

*   **Imposibilidad sobrevenida**: Se entiende como aquella situación impeditiva del cumplimiento que incide directamente sobre el contenido de la prestación, intrínsecamente considerada, y que no resulta superable ni susceptible de ser vencida por las fuerzas humanas. La responsabilidad puede ser excluida solo por una imposibilidad sobrevenida ""no imputable"" al deudor.
    *   Cita: [SENTENCIA | Sentencias | sc2850_2022_clase_de_actuación_recurso_de_casación_tipo_de_providencia_sentencia_fecha_25_10_2022_po_784543_número_de_pr | página 0]

*   **Simple dificultad de cumplimiento / Dificultad económica**: No basta la simple dificultad de cumplimiento para excluir la responsabilidad. En este evento, se impone al deudor realizar un ""esfuerzo"" para cumplir, inclusive superior al que se necesita normalmente. La teoría de la imprevisión se aplica ante acontecimientos que, aunque alteren la economía del contrato haciendo más onerosa a una de las partes el cumplimiento de la prestación, permiten que sea posible cumplir el contrato, aunque satisfacer la obligación sea más gravoso o genere repercusiones económicas desfavorables para una parte. Esto se considera una ""imposibilidad relativa"".
    *   Cita: [SENTENCIA | Sentencias | sc2850_2022_clase_de_actuación_recurso_de_casación_tipo_de_providencia_sentencia_fecha_25_10_2022_po_784543_número_de_pr | página 0], [SENTENCIA | Corte_Constitucional | T-726-10 | página 0], [SENTENCIA | Corte_Constitucional | T-309-16 | página 0]","SILOGISMO JURÍDICO:

1.  **PREMISA MAYOR:**
    La distinción entre imposibilidad sobreviniente y simple dificultad económica en el cumplimiento de una obligación contractual radica en la naturaleza y el grado del impedimento.

    Por un lado, la **imposibilidad sobrevenida** es una situación impeditiva del cumplimiento que incide directamente sobre el contenido de la prestación, intrínsecamente considerada, y que no resulta superable ni susceptible de ser vencida por las fuerzas humanas, siendo un escollo irresoluble (Sentencia sc2850_2022_clase_de_actuación_recurso_de_casación_tipo_de_providencia_sentencia_fecha_25_10_2022_po_784543_número_de_pr). Esta imposibilidad, si no es imputable al deudor, puede excluir su responsabilidad (Sentencia sc2850_2022_clase_de_actuación_recurso_de_casación_tipo_de_providencia_sentencia_fecha_25_10_2022_po_784543_número_de_pr).

    Por otro lado, la **simple dificultad de cumplimiento** o **dificultad económica** se enmarca en la teoría de la imprevisión, la cual se aplica ante acontecimientos temporales, extraños a las partes, imprevisibles, inimputables y extraordinarios que afecten obligaciones de ejecución sucesiva y que alteren la economía del contrato, haciendo más onerosa a una de las partes el cumplimiento de la prestación (Sentencia T-726-10). En este escenario, el cumplimiento del contrato es posible, pero satisfacer la obligación es más gravoso para una de las partes (Sentencia T-726-10). Se trata de una imposibilidad relativa que genera repercusiones económicas desfavorables (Sentencia T-726-10 y Sentencia T-309-16). En este caso, no basta la simple dificultad, sino que se impone al deudor realizar un esfuerzo para cumplir, inclusive superior al que se necesita normalmente (Sentencia sc2850_2022_clase_de_actuación_recurso_de_casación_tipo_de_providencia_sentencia_fecha_25_10_2022_po_784543_número_de_pr).

2.  **PREMISA MENOR:**
    Analizando la pregunta bajo estas definiciones, la imposibilidad sobreviniente se caracteriza por ser un impedimento absoluto e insuperable que impide la ejecución de la prestación en sí misma, como cuando una autoridad prohíbe el ingreso a una edificación para realizar reparaciones, haciendo la situación infranqueable (Sentencia sc2850_2022_clase_de_actuación_recurso_de_casación_tipo_de_providencia_sentencia_fecha_25_10_2022_po_784543_número_de_pr). En contraste, la simple dificultad económica no anula la posibilidad de cumplir la obligación, sino que la hace más gravosa o costosa para el deudor, requiriendo un esfuerzo adicional para su ejecución (Sentencia sc2850_2022_clase_de_actuación_recurso_de_casación_tipo_de_providencia_sentencia_fecha_25_10_2022_po_784543_número_de_pr). La dificultad económica, como la de contratar una póliza de seguros, no es una imposibilidad que exima de responsabilidad, sino una circunstancia que genera repercusiones económicas desfavorables (Sentencia C-426-23, Sentencia T-726-10 y Sentencia T-309-16).

3.  **CONCLUSIÓN:**
    La imposibilidad sobreviniente se distingue de la simple dificultad económica en que la primera constituye un impedimento absoluto e insuperable para el cumplimiento de la prestación, excluyendo la responsabilidad del deudor si no le es imputable; mientras que la segunda implica que el cumplimiento sigue siendo posible, aunque más oneroso o gravoso para el deudor, sin que ello, por sí mismo, lo exima de su obligación.",2,
59,"Si una parte alega fuerza mayor por hechos previsibles pero irresistibles, ¿qué examen jurídico debe hacerse para determinar si realmente se exonera de responsabilidad?","Para determinar si se exonera de responsabilidad por hechos previsibles pero irresistibles, la corte de casación subordina la exoneración a la condición de que todas las precauciones que exigía la previsión del evento hubieran sido tomadas para evitar los efectos dañinos. La irresistibilidad del evento es, por sí sola, constitutiva de fuerza mayor, cuando su previsión no podría permitir el impedimento de los efectos, siempre y cuando el deudor haya tomado todas las medidas requeridas. En este contexto, lo imprevisible no es lo que no haya pasado previamente por la mente del demandado, sino aquello que sucede pese a haberse tomado todas las medidas tendientes a evitar el daño.

Cita: [SENTENCIA | Sentencias | sc17723_2016_clase_de_actuación_recurso_de_casación_tipo_de_providencia_sentencia_fecha_07_12_2016_p_523013_número_de_pr | página 0]","SILOGISMO JURÍDICO:

1.  **PREMISA MAYOR:**
    Según la jurisprudencia colombiana, si bien la fuerza mayor se define generalmente como un hecho imprevisto o que no es posible resistir (artículo 64 del Código Civil), la Corte de Casación ha matizado esta exigencia. En los fallos en que ya no se exige la imprevisibilidad, la exoneración por fuerza mayor puede operar cuando el evento, aunque previsible, fue a la vez irresistible e inevitable, en el sentido de que, inclusive previsto, el hecho no habría podido impedirse ni sus consecuencias eludidas. En estos casos, la irresistibilidad del evento es, por sí sola, constitutiva de fuerza mayor, siempre y cuando el deudor haya tomado todas las medidas requeridas para evitar los efectos dañinos. (Sentencias SC4786_2020, SC17723_2016).

2.  **PREMISA MENOR:**
    Cuando una parte alega fuerza mayor por hechos que, aunque previsibles, resultaron irresistibles, el examen jurídico debe evaluar *in concreto* si el deudor tomó todas las precauciones que exigía la previsión del evento para evitar los efectos dañinos. El juicio sobre la imprevisibilidad y la irresistibilidad supone que el juez examine la posición del deudor en relación con el hecho en sí, y no solo la ocurrencia objetiva. El deudor debe demostrar que, a pesar de haber tomado todas las medidas tendientes a evitar el daño, el hecho se tornó irresistible e inevitable, impidiéndole el cumplimiento de sus obligaciones. La Corte ha señalado que ""lo imprevisible no es lo que [no] haya pasado previamente por la mente del demandado, sino aquello que sucede pese a haberse tomado todas las medidas tendientes a evitar el daño"". (Sentencias T-229-16, T-943-05, SC17723_2016).

3.  **CONCLUSIÓN:**
    Para determinar si un hecho previsible pero irresistible exonera de responsabilidad por fuerza mayor, el examen jurídico debe establecer si el deudor adoptó todas las medidas y precauciones necesarias para evitar el daño y si, a pesar de ello, el evento fue irresistible e inevitable, impidiendo el cumplimiento de la obligación. Esta evaluación debe realizarse de manera particular y concreta a las circunstancias del caso.",1,
60,"En un contrato civil de larga duración, ¿puede la alteración extraordinaria de circunstancias justificar adaptación o terminación, y bajo qué presupuestos argumentativos?","No encontrado en el corpus. El contexto recuperado no contiene información suficiente para responder sobre la justificación de adaptación o terminación de un contrato *civil* de larga duración por alteración extraordinaria de circunstancias, ni sus presupuestos argumentativos específicos. El contexto describe esta posibilidad para contratos regulados por el Código de Comercio.","SILOGISMO JURÍDICO:

1.  **PREMISA MAYOR:**
    La Corte Suprema de Justicia, Sala de Casación Civil, ha señalado que en contratos ""indefinidos"" o de ""larga duración"", la terminación unilateral es repudiada ""mientras nada extraordinario ocurra"", lo que implica que la ocurrencia de circunstancias extraordinarias es un factor relevante para la terminación de tales contratos (Sentencia 11001_3103_012_1999_01957_01).
    Por su parte, el artículo 868 del Código de Comercio dispone que, en contratos de ejecución sucesiva, periódica o diferida, cuando ""circunstancias extraordinarias, imprevistas, o imprevisibles, posteriores a la celebración"" alteren o agraven la prestación de futuro cumplimiento a cargo de una de las partes, en grado tal que le resulte excesivamente onerosa, la parte afectada podrá pedir su revisión (adaptación) o, en su defecto, el juez decretará la terminación del contrato. Esta regla no se aplicará a los contratos aleatorios ni a los de ejecución instantánea (Sentencia T-726-10, SC12743_2017).

2.  **PREMISA MENOR:**
    En el contexto de un contrato civil de larga duración, la jurisprudencia civil recuperada sugiere que la alteración extraordinaria de circunstancias puede justificar la terminación.
    Para la adaptación (revisión) o terminación de un contrato por alteración de circunstancias, el mecanismo específico del artículo 868 del Código de Comercio establece los siguientes presupuestos argumentativos: 1) que las circunstancias sean extraordinarias, imprevistas o imprevisibles; 2) que sean posteriores a la celebración del contrato; 3) que alteren o agraven la prestación de futuro cumplimiento a cargo de una de las partes; 4) que dicha alteración resulte excesivamente onerosa; y 5) que el contrato sea de ejecución sucesiva, periódica o diferida.
    El contexto no establece explícitamente que el artículo 868 del Código de Comercio sea directamente aplicable a un contrato civil, ni define si un ""contrato civil de larga duración"" se clasifica per se como de ejecución sucesiva, periódica o diferida para los efectos de dicha norma.

3.  **CONCLUSIÓN:**
    Sí, en un contrato civil de larga duración, la alteración extraordinaria de circunstancias puede justificar la terminación, según lo indicado por la jurisprudencia civil.
    En cuanto a la adaptación o terminación bajo un mecanismo específico, si el contrato civil de larga duración califica como de ejecución sucesiva, periódica o diferida, los presupuestos argumentativos para su revisión o terminación, conforme al artículo 868 del Código de Comercio, son: la ocurrencia de circunstancias extraordinarias, imprevistas o imprevisibles, posteriores a la celebración, que alteren o agraven la prestación de futuro cumplimiento de una de las partes de manera excesivamente onerosa. En tal caso, el juez examinará las circunstancias y ordenará los reajustes equitativos posibles o, en su defecto, decretará la terminación del contrato.",2,
61,"¿Qué valor tienen los borradores, minutas y comunicaciones precontractuales para interpretar una cláusula ambigua del contrato definitivo?","El contexto recuperado indica que los borradores, minutas y comunicaciones precontractuales tienen el siguiente valor para la interpretación de un contrato:

*   **Minutas en contratación pública**: Los pliegos de condiciones, que contienen la minuta del contrato, se integran al contrato como cláusula contractual. (SENTENCIA | Corte_Constitucional | C-119-20 | página 0)
*   **Precontratos o promesas**: Pueden ser utilizados para demostrar la verdadera voluntad de los estipulantes respecto a un término del contrato definitivo, incluso si este difiere de lo consignado expresamente en el documento final. (SENTENCIA | Sentencias | sc2221_2020 | página 0)
*   **Subsistencia de disposiciones preliminares**: Si el contrato definitivo guarda silencio sobre algún punto sistematizado en el precontrato, la disposición primigenia subsistirá. (SENTENCIA | Sentencias | sc2221_2020 | página 0)
*   **Tratos preliminares**: Son el conjunto de actividades realizadas por quienes persiguen la celebración de un contrato en aras de concretar los posibles términos del mismo. (SENTENCIA | Sentencias | 19001_3103_003_2000_00183_01 | página 0)
*   **Intención de los contratantes**: En la interpretación, prevalece la intención de los contratantes sobre lo literal de las palabras, cuando aquella está claramente establecida, según el artículo 1618. (SENTENCIA | Sentencias | sc2879_2022 | página 0)
*   **Alcance de la interpretación**: La interpretación no se restringe al sentido natural u obvio de las palabras, a la interpretación gramatical o exegética, ni al examen exclusivo del texto del contrato, incluso frente a la claridad del lenguaje utilizado, cuando las partes le atribuyen un significado divergente. (SENTENCIA | Sentencias | 11001_3103_012_1999_01957_01 | página 0)","SILOGISMO JURÍDICO:

1.  **PREMISA MAYOR:** Según la jurisprudencia civil colombiana, la interpretación de los contratos no se restringe al sentido literal de las palabras, sino que debe prevalecer la verdadera intención de los contratantes cuando esta se encuentra claramente establecida (Artículo 1618 del Código Civil). La labor hermenéutica no debe ""encerrarse en el examen exclusivo del texto del contrato"", incluso frente a estipulaciones claras, cuando las partes le atribuyen un significado divergente. Los tratos preliminares, entendidos como el conjunto de actividades realizadas para concretar los posibles términos de un contrato, así como los precontratos, son elementos que pueden revelar la voluntad de los estipulantes. De hecho, las estipulaciones de un precontrato pueden subsistir en el contrato definitivo si este guarda silencio sobre un punto previamente sistematizado, siempre que reúnan los requisitos de validez. Adicionalmente, cuando las cláusulas son ambiguas o equívocas, opera el principio de interpretación contra quien las extendió o dictó, si la ambigüedad proviene de la falta de una explicación que debió darse (Artículo 1624 del Código Civil).

2.  **PREMISA MENOR:** En el caso de una cláusula ambigua en el contrato definitivo, los borradores, minutas y comunicaciones precontractuales adquieren un valor significativo. Estos documentos constituyen un reflejo de los ""tratos preliminares"" y de la evolución de la ""verdadera voluntad de los estipulantes"" durante la fase de negociación. Al no poder el intérprete restringirse al sentido natural u obvio de las palabras ni al examen exclusivo del texto contractual, estos elementos precontractuales son esenciales para desentrañar la intención común de las partes respecto a la cláusula ambigua, permitiendo así que prevalezca dicha intención sobre la literalidad confusa. Además, si la ambigüedad proviene de la parte que redactó la cláusula, estos documentos podrían evidenciar la falta de explicación adecuada, aplicando el principio de interpretación contra el redactor.

3.  **CONCLUSIÓN:** Por lo tanto, los borradores, minutas y comunicaciones precontractuales tienen un valor interpretativo fundamental para desentrañar el sentido de una cláusula ambigua en el contrato definitivo, ya que sirven como prueba de la intención real de las partes, la cual debe prevalecer sobre la literalidad del texto contractual.",1,
62,"Si una cláusula indica que el incumplimiento será determinado “a juicio razonable” de una de las partes, ¿cómo se controla jurídicamente esa discrecionalidad?","La discrecionalidad de una cláusula que indica que el incumplimiento será determinado “a juicio razonable” de una de las partes se controla jurídicamente de varias maneras, según el contexto recuperado:

1.  **Principio de buena fe:** Ninguna facultad, incluida la de determinar el incumplimiento, podrá ejercerse en forma contraria a la buena fe.
    *   [SENTENCIA | Sentencias | 11001_3103_012_1999_01957_01_clase_de_actuación_recurso_de_casacion_tipo_de_providencia_sentencia_fe_227858_número_de_pr | página 0]

2.  **Requisito de incumplimiento objetivo:** El ejercicio de la facultad de terminación unilateral por cláusula resolutoria expresa presupone un incumplimiento cierto, ostensible, evidente e incontestable de las obligaciones individualizadas, y de tal gravedad, magnitud, relevancia, significación o importancia, por cuanto no cualquier inobservancia de los deberes de conducta justifica la resolución.
    *   [SENTENCIA | Sentencias | 11001_3103_012_1999_01957_01_clase_de_actuación_recurso_de_casacion_tipo_de_providencia_sentencia_fe_227858_número_de_pr | página 0]

3.  **Rol del juez en la interpretación y valoración:** El juez tiene el deber de interpretar la demanda y valorar los aspectos del incumplimiento con fundamento en el contrato, aplicando el principio “iura novit curia”.
    *   [SENTENCIA | Corte_Constitucional | T-733-13 | página 0]","SILOGISMO JURÍDICO:

1.  **PREMISA MAYOR:**
    Según la jurisprudencia, la terminación por cláusula resolutoria expresa por incumplimiento obligacional no implica derecho alguno a tomar justicia por mano propia ni deroga la jurisdicción. El ejercicio de esta facultad está reservado estrictamente a la parte cumplida o presta a cumplir y presupone un incumplimiento cierto, ostensible, evidente e incontestable de las obligaciones individualizadas, de tal gravedad, magnitud, relevancia, significación o importancia, ya que no cualquier inobservancia de los deberes de conducta justifica la resolución. Además, esta facultad no podrá ejercerse en forma contraria a la buena fe. (Sentencia 11001_3103_012_1999_01957_01, página 0).

2.  **PREMISA MENOR:**
    En el escenario de una cláusula que confiere a una de las partes la potestad de determinar el incumplimiento ""a juicio razonable"", esta discrecionalidad no es absoluta. A pesar de la estipulación contractual, la determinación del incumplimiento debe ajustarse a los criterios objetivos establecidos por la jurisprudencia, es decir, el incumplimiento debe ser cierto, ostensible, evidente e incontestable, y de una gravedad, magnitud, relevancia, significación o importancia tal que justifique la resolución. La parte que invoca el incumplimiento debe estar a su vez cumplida o presta a cumplir, y su juicio no puede ser contrario a la buena fe. En última instancia, la validez de dicho juicio y la consecuente terminación del contrato están sujetas al control judicial, sin que la cláusula pueda derogar la jurisdicción, y el juez, en su deber de interpretar el contrato, valorará los aspectos del incumplimiento. (Sentencia 11001_3103_012_1999_01957_01, página 0; Sentencia T-733-13, página 0).

3.  **CONCLUSIÓN:**
    La discrecionalidad otorgada a una de las partes para determinar el incumplimiento ""a juicio razonable"" se controla jurídicamente mediante la exigencia de que el incumplimiento sea objetivamente cierto, ostensible, evidente, incontestable y de gravedad relevante, que la parte que lo invoca actúe de buena fe y esté a su vez cumplida, y, fundamentalmente, mediante la sujeción de dicha determinación al control de la jurisdicción, la cual no puede ser derogada por pacto entre las partes.",1,
63,¿Cómo se articula la responsabilidad precontractual cuando una parte rompe negociaciones avanzadas luego de haber generado confianza legítima en la celebración del contrato?,"La responsabilidad precontractual se articula cuando una parte rompe negociaciones avanzadas, habiendo generado confianza legítima, bajo el principio general de responsabilidad consagrado en el artículo 863 del Código de Comercio. Esta responsabilidad surge cuando el perjuicio proviene de un actuar no guiado por la ""buena fe exenta de culpa"" durante el período precontractual, incluso si no se ha perfeccionado el contrato o si se trata de meras tratativas o una oferta seguida de aceptación que no perfecciona el contrato.

Las partes deben observar líneas de comportamiento que no contraríen sus conductas ni minen su credibilidad en el desarrollo precontractual, buscando dejar incólume la confianza fundada en ese antecedente. La buena fe debe auscultarse de manera integral (""in globo"") en la fase precontractual, valorando las oportunidades que los interesados tuvieron para actuar con lealtad, corrección y diligencia.

Esta responsabilidad es distinta a la contractual, ya que en la fase precontractual solamente se van configurando las bases para la contratación proyectada, sin que se traben ""vínculos jurídicos"" que permitan el tratamiento propio de la responsabilidad contractual.

En caso de un retiro injustificado de las negociaciones, el damnificado podrá demandar el reembolso de los gastos ocasionados (daño emergente) y reclamar beneficios ciertos que se hayan dejado de percibir (ganancias frustradas). Esto no se considera lucro cesante por incumplimiento de la relación negocial proyectada, que presupone un contrato válido y perfecto.

**Citas:**
*   ""el artículo 863 consagra un principio general de responsabilidad durante el período precontractual, sea este, de meras tratativas o de oferta seguida de aceptación que no perfeccionan el contrato, bien porque es solemne, ora porque es real. Responsabilidad esta que aparece aún con independencia del surgimiento de un 'vínculo jurídico”, pues basta que el perjuicio provenga de un actuar no guiado por la 'buena fe exenta de culpa”, según lo declara el artículo 863”."" [SENTENCIA | Sentencias | 19001_3103_003_2000_00183_01_clase_de_actuación_recurso_de_casacion_tipo_de_providencia_sentencia_fe_227839_número_de_pr | página 0]
*   ""dejar incólume la confianza fundada en ese antecedente. (...) Expuestas así las cosas, es pertinente puntualizar ahora que si bien es evidente la necesidad de que las partes observen aguellas líneas de comportamiento, que no contrarien los ya trazados en sus conductas, ni menos minen su credibilidad en el desarrollo precontractual o contractual con desorientaciones perniciosas"" [SENTENCIA | Sentencias | sc11287_2016_clase_de_actuación_recurso_de_casación_tipo_de_providencia_sentencia_sentencia_sustitut_494408_número_de_pr | página 0]
*   ""la buena fe no se pueda fragmentar, en orden a circunscribirla tan solo a un segmento o aparte de una fase, por vía de ejemplo: la precontractual – o parte de la precontractual -, ya que es necesario, como corresponde, auscultarla in globo, según se indicó valorando las diversas oportunidad que los interesados tuvieron para actuar con lealtad, corrección (correttezza) y diligencia, según sea el caso.” [SENTENCIA | Corte_Constitucional | T-537-09 | página 0]
*   ""la responsabilidad que eventualmente se pudiera deducir se enmarca en la tesis de la responsabilidad 'precontractual”, distinta ella a la contractual que sólo puede derivarse a partir de la celebración efectiva del contrato, porque en aquella 'solamente se van configurando las bases correspondientes para la consolidación paulatina de mayor o menor grado, de la contratación proyectada (...)”. (...) De manera que esta concepción descarta a priori la posibilidad de que en tal fase se traben 'vínculos jurídicos” que puedan admitir el tratamiento propio de la responsabilidad contractual, con independencia del perfeccionamiento del contrato, (...)."" [SENTENCIA | Sentencias | 19001_3103_003_2000_00183_01_clase_de_actuación_recurso_de_casacion_tipo_de_providencia_sentencia_fe_227839_número_de_pr | página 0]
*   ""el damnificado podrá demandar el reembolso de los gastos ocasionados con motivo de tales negociaciones, mientras que a título de ganancias frustradas habrá lugar a reclamar beneficios ciertos que se hayan dejado de percibir en razón de las actuaciones precontractuales que no progresaron debido al retiro injustificado de la otra parte, este último teniendo en cuenta, obviamente, que no se trata de lucro cesante por incumplimiento de la propia relación negocial proyectada -pues una utilidad de esa naturaleza integra sin duda el interés positivo o de cumplimiento que, como se advirtió antes, presupone un contrato ab initio válido y perfecto-"" [SENTENCIA | Sentencias | 19001_3103_003_2000_00183_01_clase_de_actuación_recurso_de_casacion_tipo_de_providencia_sentencia_fe_227839_número_de_pr | página 0]","SILOGISMO JURÍDICO:

1.  **PREMISA MAYOR:**
    El artículo 863 del Código de Comercio consagra un principio general de responsabilidad durante el período precontractual, aplicable tanto a las meras tratativas como a la oferta seguida de aceptación que no perfecciona el contrato. Esta responsabilidad surge con independencia de la existencia de un ""vínculo jurídico"", bastando que el perjuicio provenga de un actuar no guiado por la ""buena fe exenta de culpa"". La buena fe es un principio que no puede fragmentarse y exige lealtad, corrección y diligencia a lo largo de toda la fase precontractual, buscando dejar incólume la confianza fundada en los antecedentes de las negociaciones. La responsabilidad precontractual es distinta de la contractual, ya que en la primera solo se configuran las bases para la contratación proyectada, sin que se traben vínculos jurídicos propios de un contrato perfeccionado. En este marco, el damnificado podrá demandar el reembolso de los gastos ocasionados (daño emergente) y las ganancias frustradas (beneficios ciertos dejados de percibir) debido al retiro injustificado de la otra parte, siempre que no se trate de lucro cesante por incumplimiento del contrato proyectado.

2.  **PREMISA MENOR:**
    En el caso planteado, donde una parte rompe negociaciones avanzadas después de haber generado confianza legítima en la celebración del contrato, se configura un escenario de responsabilidad precontractual. El rompimiento injustificado de negociaciones que han progresado hasta el punto de generar una ""confianza fundada"" en la otra parte, implica un actuar que no está guiado por la ""buena fe exenta de culpa"" y que contraviene la lealtad y corrección exigidas en la fase precontractual. Este comportamiento, al minar la credibilidad y desorientar a la contraparte, da lugar a la responsabilidad precontractual, permitiendo a la parte afectada reclamar los perjuicios derivados de dicho retiro injustificado.

3.  **CONCLUSIÓN:**
    La responsabilidad precontractual se articula en este escenario como la obligación de la parte que rompe injustificadamente las negociaciones avanzadas, habiendo generado confianza legítima, de resarcir los perjuicios causados a la otra parte. Dicha responsabilidad se fundamenta en la violación del principio de buena fe exenta de culpa y da lugar a la indemnización por daño emergente (gastos ocasionados con motivo de las negociaciones) y ganancias frustradas (beneficios ciertos que se dejaron de percibir), excluyendo el lucro cesante que correspondería al incumplimiento de un contrato ya perfeccionado.",1,
64,"En un contrato de transporte civil entre particulares, ¿qué criterios permiten imputar responsabilidad por pérdida parcial de la cosa transportada cuando hubo embalaje defectuoso del remitente?",No encontrado en el corpus. El contexto recuperado no contiene información suficiente para responder.,"SILOGISMO JURÍDICO:

1.  **PREMISA MAYOR:**
    En el Derecho Contractual Civil Colombiano, el transportador asume una obligación de resultado, lo que implica que debe entregar la carga en destino en el mismo estado en que la recibió y en el tiempo pactado. Si este resultado se frustra por la pérdida o deterioro de la mercancía, se presume su responsabilidad patrimonial. No obstante, el transportador puede eximirse de dicha responsabilidad si prueba, con el rigor objetivo indispensable, la concurrencia de alguna de las causales eximentes o riesgos exceptuados. Entre estas causales se encuentra el ""embalaje insuficiente, deficiencia o imperfección de las marcas"" (Sentencia SC1043_2021). Adicionalmente, la exención de responsabilidad también puede darse por la culpa exclusiva de la víctima o la intervención de un elemento extraño jurídicamente relevante (Sentencia SC780_2020).

2.  **PREMISA MENOR:**
    La pregunta se refiere a los criterios para imputar responsabilidad por pérdida parcial de la cosa transportada en un contrato de transporte civil entre particulares, específicamente cuando hubo embalaje defectuoso por parte del remitente. El embalaje defectuoso por parte del remitente se encuadra directamente dentro de la causal eximente de ""embalaje insuficiente"" mencionada por la jurisprudencia. Por lo tanto, si el transportador logra demostrar que la pérdida parcial de la cosa fue consecuencia directa y exclusiva del embalaje defectuoso proporcionado por el remitente, podrá eximirse de la responsabilidad que, en principio, se le imputaría por la naturaleza de su obligación de resultado.

3.  **CONCLUSIÓN:**
    En un contrato de transporte civil entre particulares, la responsabilidad por la pérdida parcial de la cosa transportada recae inicialmente en el transportador debido a su obligación de resultado. Sin embargo, el transportador puede eximirse de esta responsabilidad si prueba que la pérdida parcial fue causada por el embalaje defectuoso del remitente, al ser esta una de las causales eximentes de responsabilidad reconocidas por la jurisprudencia.",1,
65,¿Qué efectos genera la cesión de un crédito litigioso cuando el deudor no fue oportunamente notificado y paga al acreedor original?,"Cuando el deudor no ha sido oportunamente notificado de la cesión de un crédito, la cesión no produce efecto contra él ni contra terceros, mientras no haya sido notificada por el cesionario al deudor o aceptada por este. En este escenario, el deudor se vería liberado de pagar intereses mientras no se le notifique, y las consecuencias nocivas por la notificación tardía de la cesión del derecho cuestionado deben ser soportadas por el contendor acreedor.

Citas:
*   Artículo 1960 del Código Civil: ""La cesión no produce efecto contra el deudor ni contra terceros, mientras no ha sido notificada por el cesionario al deudor o aceptada por éste.""
*   [SENTENCIA | Sentencias | sc15339_2017_clase_de_actuación_recurso_de_casación_tipo_de_providencia_sentencia_fecha_28_09_2017_p_556621_número_de_pr | página 0]: ""mientras no se le notifique, en el entretanto se vería liberado de pagar intereses. Ergo, las consecuencias nocivas por la notificación tardía de la cesión del derecho cuestionado, debe soportarlas el contendor acreedor.""","SILOGISMO JURÍDICO:

1.  **PREMISA MAYOR:**
    Según el Artículo 1960 del Código Civil, ""La cesión no produce efecto contra el deudor ni contra terceros, mientras no ha sido notificada por el cesionario al deudor o aceptada por éste."" La jurisprudencia complementa que, aunque la cesión de un crédito (incluido el litigioso) es válida entre cedente y cesionario sin notificación y no la hace ""imperfecta o inexistente"", la falta de notificación oportuna al deudor implica que las consecuencias nocivas deben ser soportadas por el acreedor (cesionario). Esto se debe a que, mientras no se le notifique, el deudor se vería liberado de pagar intereses, y el hecho de que el deudor tenga conocimiento de la cesión es necesario para que esta sea efectiva contra él.

2.  **PREMISA MENOR:**
    En el caso planteado, el deudor no fue oportunamente notificado de la cesión del crédito litigioso y, en consecuencia, realizó el pago al acreedor original. Dado que la cesión no produce efectos contra el deudor mientras no haya sido notificada o aceptada por él, el pago realizado al acreedor original antes de dicha notificación o aceptación es válido desde la perspectiva del deudor.

3.  **CONCLUSIÓN:**
    Si el deudor no fue oportunamente notificado de la cesión del crédito litigioso y paga al acreedor original, dicho pago es válido y liberatorio para el deudor, ya que la cesión no produce efectos contra él hasta que sea notificado o la acepte. Las consecuencias de la falta de notificación oportuna recaen sobre el cesionario.",1,
66,¿Cómo debe analizarse una cesión de posición contractual cuando el contrato base guarda silencio sobre su posibilidad?,"Cuando el contrato base guarda silencio sobre la posibilidad de cesión, ""en defecto de reserva, el cedente y el cesionario, asumen los derechos y obligaciones en la parte comprendida en la cesión"".
Además, en los contratos de suministro, la simple aquiescencia tácita a su continuación por un tercero se entenderá como cesión del contrato.

Citas:
*   [SENTENCIA | Sentencias | 11001_3103_032_2001_00847_01_clase_de_actuación_recurso_de_casacion_tipo_de_providencia_sentencia_su_227895_número_de_pr | página 0]
*   [NORMA | Codigo_Comercio | Ley desconocida | Artículo 889 | codigo_comercio_rag]","SILOGISMO JURÍDICO:

1.  **PREMISA MAYOR:** Según el contexto recuperado, al tomarse el contrato en la situación existente al momento de la cesión, se acepta en su estado de ejecución, ""salvo acuerdo o reserva contraria"". Más aún, ""en defecto de reserva"", el cedente y el cesionario asumen los derechos y obligaciones en la parte comprendida en la cesión. Si la cesión fuere total, la posición de parte pasa íntegra al tercero cesionario, quien responde frente al contratante cedido, según el caso, en forma exclusiva o al lado del cedente, por el todo.

2.  **PREMISA MENOR:** La pregunta plantea una situación en la que el contrato base guarda silencio sobre la posibilidad de cesión de la posición contractual. Esta ausencia de estipulación específica se encuadra dentro del concepto de ""defecto de reserva"" o la falta de un ""acuerdo o reserva contraria"" en el contrato.

3.  **CONCLUSIÓN:** Cuando el contrato base guarda silencio sobre la posibilidad de cesión de la posición contractual, debe analizarse que, en defecto de una reserva o acuerdo en contrario, el cedente y el cesionario asumen los derechos y obligaciones en la parte comprendida en la cesión. Si la cesión es total, la posición de parte pasa íntegra al tercero cesionario, quien responde frente al contratante cedido.",1,
67,"Si un contrato de arras no aclara si estas son confirmatorias, penitenciales o penales, ¿qué criterios permiten calificar su naturaleza jurídica?",No encontrado en el corpus. El contexto recuperado no contiene información suficiente para responder.,"SILOGISMO JURÍDICO:

1.  **PREMISA MAYOR:** La calificación de un contrato es un procedimiento de técnica jurídica que consiste en ubicarlo dentro de las categorías generales definidas por la ley y la doctrina, insertando lo querido por los contratantes dentro de los tipos o esquemas negociales predispuestos por el ordenamiento. Este proceso no depende de la designación que las partes hayan dado al contrato, y determinar su exacta naturaleza, clase o tipo, así como sus elementos esenciales, contenido y efectos, pertenece al ámbito estrictamente legal. (Sentencias | 11001_3103_005_2000_01474_01; Sentencias | 11001_3103_032_2001_00847_01).

2.  **PREMISA MENOR:** En el caso de un contrato de arras que no aclara si estas son confirmatorias, penitenciales o penales, la ausencia de una designación expresa por parte de los contratantes no impide su calificación. Conforme a la técnica jurídica, se debe realizar un juicio de adecuación del negocio concreto a las categorías establecidas a priori por las normas y la doctrina para las arras. Esto implica analizar el contenido y los efectos específicos pactados por las partes en el contrato para determinar cuál de las naturalezas jurídicas (confirmatorias, penitenciales o penales) se ajusta a lo querido y acordado, más allá de la denominación.

3.  **CONCLUSIÓN:** Si un contrato de arras no especifica su naturaleza, los criterios para calificarla se derivan de un análisis jurídico del contenido y los efectos concretos del acuerdo entre las partes, buscando su adecuación a las definiciones y esquemas negociales de arras confirmatorias, penitenciales o penales preestablecidos por la ley y la doctrina, sin depender de una designación explícita de los contratantes.",1,
68,¿Cómo se evalúa la eficacia de una cláusula de renovación automática cuando no establece mecanismo claro de oposición ni plazo razonable para manifestarla?,"Según el contexto recuperado, si los contratos con cláusulas de renovación o prórroga automática solo permiten su terminación por mutuo acuerdo de las partes en el término antelado de los treinta días anteriores al vencimiento de la duración inicial, y no se logra el consenso, estos contratos quedarían ""sucesiva e indefinidamente prorrogados por igual término hacía al infinito"".

[SENTENCIA | Sentencias | 11001_3103_012_1999_01957_01_clase_de_actuación_recurso_de_casacion_tipo_de_providencia_sentencia_fe_227858_número_de_pr | página 0]","SILOGISMO JURÍDICO:

1.  **PREMISA MAYOR:**
    La Corte Suprema de Justicia ha señalado que las cláusulas de renovación o prórroga automática que, por la ausencia de un mecanismo claro de oposición o un término para manifestarla, llevarían a que los contratos ""quedarían sucesiva e indefinidamente prorrogados por igual término hacía al infinito"" son problemáticas y su interpretación debe evitar tal resultado (VWNV, Exp. No. 11001-3103-012-1999-01957-01). Asimismo, la jurisprudencia ha establecido que son características arquetípicas de las cláusulas abusivas: a) que su negociación no haya sido individual; b) que lesionen los requerimientos emergentes de la buena fe negocial; y c) que generen un desequilibrio significativo de cara a los derechos y las obligaciones que contraen las partes (SC1806-2015). La facultad de terminación unilateral no puede ser ""omnímoda"" y debe sujetarse a la buena fe cualificada (VWNV, Exp. No. 11001-3103-012-1999-01957-01).

2.  **PREMISA MENOR:**
    Una cláusula de renovación automática que no establece un mecanismo claro de oposición ni un plazo razonable para manifestarla encaja en los supuestos problemáticos identificados por la jurisprudencia. La ausencia de estos elementos prácticos para una de las partes podría conducir a una prórroga indefinida del contrato, un resultado que la jurisprudencia busca evitar. Además, esta falta de claridad y oportunidad para oponerse genera un desequilibrio significativo en las obligaciones y derechos de las partes, lesionando la buena fe negocial al limitar de manera irrazonable la autonomía de una de ellas para decidir sobre la continuidad del vínculo contractual. Esto podría llevar a que la cláusula sea considerada abusiva o ineficaz, ya que la facultad de una parte para terminar el contrato no puede ser absoluta o sin razón valedera, sino que debe estar cualificada por la buena fe.

3.  **CONCLUSIÓN:**
    La eficacia de una cláusula de renovación automática que no establece un mecanismo claro de oposición ni un plazo razonable para manifestarla es cuestionable. Dicha cláusula es susceptible de ser evaluada como ineficaz o abusiva, dado que puede generar una prórroga indefinida del contrato y un desequilibrio significativo en las obligaciones de las partes, contraviniendo los principios de buena fe negocial y la prohibición de facultades contractuales omnímodas. Un juzgador, en su labor hermenéutica, buscaría una interpretación que evite tales resultados.",1,
69,"En un contrato de sociedad civil irregular, ¿qué problemas jurídicos surgen para determinar aportes, distribución de utilidades y responsabilidad entre asociados?",No encontrado en el corpus. El contexto recuperado no contiene información suficiente para responder.,"SILOGISMO JURÍDICO:

1.  **PREMISA MAYOR:**
    *   El Artículo 98 del Código de Comercio define el contrato de sociedad como aquel en el que dos o más personas se obligan a hacer un aporte en dinero, en trabajo o en otros bienes apreciables en dinero, con el fin de repartirse entre sí las utilidades obtenidas en la empresa o actividad social. Este mismo artículo establece que la sociedad forma una persona jurídica distinta de los socios individualmente considerados.
    *   La jurisprudencia (Sentencia SC3179-2021) reitera que la sociedad es titular de un patrimonio independiente al de sus asociados y que la sociedad responde por las obligaciones adquiridas en desarrollo de su objeto social, comprometiéndose los accionistas hasta el monto de sus aportes, salvo que la sociedad se haya constituido con fines defraudatorios.
    *   La jurisprudencia (Sentencia SC8225-2016) identifica una ""sociedad de hecho"" por la participación en las pérdidas y utilidades, la realización de aportes conjuntos de industria o capital, junto con la *affectio societatis*. En este tipo de sociedad, los aportes pueden ser en dinero, trabajo o en otros bienes apreciables en dinero, y la legitimación para reclamaciones patrimoniales se edifica como una ""actio pro socio"".

2.  **PREMISA MENOR:**
    En el contexto de un contrato de sociedad civil irregular (asimilable a una ""sociedad de hecho"" según la jurisprudencia), la ausencia de una formalización y de estatutos claros genera problemas jurídicos específicos para determinar los aportes, la distribución de utilidades y la responsabilidad entre asociados:
    *   **Aportes:** Aunque el Artículo 98 del Código de Comercio y la Sentencia SC8225-2016 establecen la posibilidad de aportes en dinero, trabajo o bienes, en una sociedad irregular, la falta de un acuerdo escrito o de pruebas formales dificulta la *determinación, valoración y prueba* de la realización de dichos aportes por cada asociado. Esto contrasta con situaciones donde los contratos especifican la obligación de hacer aportes oportunamente (Sentencia 05001_3103_016_2002_00007_01).
    *   **Distribución de Utilidades:** Si bien el fin de la sociedad es el reparto de utilidades (Artículo 98 C.Co.) y la participación en pérdidas y utilidades es característica de una sociedad de hecho (Sentencia SC8225-2016), la ausencia de reglas claras y preestablecidas sobre cómo se calcularán, liquidarán y distribuirán estas utilidades (y pérdidas) puede generar conflictos y disputas entre los asociados, a diferencia de contratos que definen la división de resultados en partes proporcionales a los aportes (Sentencia 05001_3103_016_2002_00007_01).
    *   **Responsabilidad entre asociados:** A diferencia de una sociedad formal que constituye una persona jurídica distinta con patrimonio independiente y donde la responsabilidad de los accionistas se limita al monto de sus aportes (Artículo 98 C.Co., Sentencia SC3179-2021), en una sociedad irregular, la falta de esta formalidad y de una personalidad jurídica claramente definida en el contexto, puede generar incertidumbre sobre el alcance de la responsabilidad individual de los asociados frente a las obligaciones sociales. Aunque la jurisprudencia (Sentencia SC8225-2016) menciona la ""actio pro socio"" para dirimir controversias patrimoniales internas, no se especifica el régimen de responsabilidad frente a terceros derivado de la irregularidad.

3.  **CONCLUSIÓN:**
    En un contrato de sociedad civil irregular, los problemas jurídicos surgen principalmente de la falta de formalización, lo que dificulta la determinación y prueba de los aportes de cada asociado, la ausencia de reglas claras para la distribución de utilidades y pérdidas, y la incertidumbre sobre el régimen de responsabilidad de los asociados, al no contar con la personalidad jurídica distinta y el patrimonio independiente que caracterizan a las sociedades formalmente constituidas.",1,
70,¿Cuándo la aceptación tardía de una oferta puede entenderse como nueva oferta y no como perfeccionamiento del contrato originalmente propuesto?,No encontrado en el corpus. El contexto recuperado no contiene información suficiente para responder.,"BORRADOR DE RESPUESTA: SILOGISMO JURÍDICO:

1.  **PREMISA MAYOR**: El contexto recuperado no contiene ninguna norma o jurisprudencia que defina cuándo la aceptación tardía de una oferta puede entenderse como una nueva oferta y no como el perfeccionamiento del contrato originalmente propuesto. Las sentencias proporcionadas abordan temas como la autonomía de la voluntad en la promesa de contrato, el pago tardío de obligaciones, la revisión judicial de contratos por hechos imprevisibles, la conceptualización de obligaciones futuras, el incumplimiento en promesas de compraventa, la responsabilidad precontractual y la aplicación de normas en el tiempo, pero ninguna de ellas se refiere específicamente a la figura de la aceptación tardía de una oferta y sus efectos jurídicos como nueva oferta o perfeccionamiento.

2.  **PREMISA MENOR**: La pregunta solicita determinar cuándo la aceptación tardía de una oferta se considera una nueva oferta y no el perfeccionamiento del contrato. Sin embargo, el análisis del contexto recuperado revela que no existe información relevante que aborde este supuesto fáctico o jurídico.

3.  **CONCLUSIÓN**: Con base únicamente en el contexto recuperado, no es posible determinar cuándo la aceptación tardía de una oferta puede entenderse como nueva oferta y no como perfeccionamiento del contrato originalmente propuesto.",1,
71,"Si una parte envía aceptación con modificaciones menores, ¿cómo se determina si hubo contraoferta o consentimiento suficiente sobre lo esencial?",No encontrado en el corpus. El contexto recuperado no contiene información suficiente para responder.,"SILOGISMO JURÍDICO:

1.  **PREMISA MAYOR:** Para que un contrato produzca efectos, es indispensable el consentimiento de las partes sobre sus elementos esenciales (T-427-14). La interpretación de una respuesta que incluye modificaciones debe considerar si estas alteran la esencia del acuerdo o si, por el contrario, buscan precisar o ajustar aspectos sin la intención de terminar o rechazar la propuesta original. No se puede inferir la terminación o falta de acuerdo por el simple hecho de citar una cláusula para una modificación, a menos que exista prueba que demuestre una intención de finalizar el acuerdo (11001_3103_010_2000_00155_01).

2.  **PREMISA MENOR:** En el escenario de una parte que envía una aceptación con modificaciones menores, la distinción entre contraoferta y consentimiento suficiente sobre lo esencial depende de la naturaleza de dichas modificaciones. Si las modificaciones no afectan los elementos esenciales del contrato y la intención de la parte es aceptar el núcleo de la propuesta, buscando solo precisar o ajustar aspectos secundarios, no se configuraría una contraoferta que impida el perfeccionamiento del contrato. Por el contrario, si las modificaciones alteran sustancialmente los elementos esenciales, se entendería como una nueva oferta. La determinación de esta intención requiere de prueba y no de meras conjeturas (11001_3103_010_2000_00155_01).

3.  **CONCLUSIÓN:** Para determinar si una aceptación con modificaciones menores constituye una contraoferta o consentimiento suficiente, se debe analizar si dichas modificaciones afectan los elementos esenciales del contrato. Si las modificaciones son verdaderamente ""menores"" y no alteran los elementos esenciales, y la intención de la parte es la de aceptar el acuerdo principal, se considerará que hay consentimiento suficiente. Si, por el contrario, las modificaciones alteran los elementos esenciales, se entenderá como una contraoferta. La interpretación de esta situación debe basarse en la prueba de la intención de las partes y no en inferencias o conjeturas.",1,
72,¿Cómo se interpreta una cláusula que obliga a “hacer los mejores esfuerzos” sin definir indicadores objetivos de diligencia?,"Quienes celebran un contrato están en la obligación de “desplegar todo el esfuerzo apropiado según criterios de normalidad, empleando medios materiales, observando normas técnicas y jurídicas, adoptando cautelas adecuadas, entre otras”, con el fin de alcanzar los objetivos propuestos en el negocio. En caso de incumplimiento, la responsabilidad de las partes se evaluará tomando en cuenta si cumplieron el deber de diligencia. El deber de diligencia se ha señalado como una cláusula residual que incorpora un patrón de comportamiento al que han de ajustar su desempeño.

Además, en materia de interpretación contractual, cuando las estipulaciones de los contratos no sean claras y surjan discrepancias entre las partes, los jueces tienen el deber de investigar cuál fue, en cada caso, la intención de los contratantes.

**Citas:**
*   [SENTENCIA | Sentencias | 11001_3103_026_2000_04366_01_clase_de_actuación_recurso_de_casacion_tipo_de_providencia_sentencia_fe_227862_número_de_pr | página 0]
*   [SENTENCIA | Sentencias | sc2749_2021_clase_de_actuación_recurso_de_casación_tipo_de_providencia_sentencia_fecha_07_07_2021_po_736094_número_de_pr | página 0]
*   [SENTENCIA | Corte_Constitucional | T-033-10 | página 0]","SILOGISMO JURÍDICO:

1.  **PREMISA MAYOR:**
    Según el artículo 871 del Código de Comercio y el artículo 1603 del Código Civil, los contratos obligan no solo a lo pactado expresamente, sino a todo lo que corresponda a la naturaleza de los mismos, según la ley, la costumbre o la equidad natural. En este sentido, quienes celebran un contrato están en la obligación de ""desplegar todo el esfuerzo apropiado según criterios de normalidad, empleando medios materiales, observando normas técnicas y jurídicas, adoptando cautelas adecuadas, entre otras"", con el fin de alcanzar los objetivos propuestos en el negocio. El deber de diligencia se configura como una cláusula residual que incorpora un patrón de comportamiento al que deben ajustarse las partes. La jurisprudencia también ha señalado que las cláusulas contractuales no deben ser excesivamente vagas o genéricas, ya que esto vulnera la buena fe del tomador al no permitir establecer el alcance de la obligación, y los jueces tienen el deber de investigar la intención de los contratantes cuando las estipulaciones no son claras.

2.  **PREMISA MENOR:**
    Una cláusula que obliga a ""hacer los mejores esfuerzos"" sin definir indicadores objetivos de diligencia se presenta como una estipulación que, por su falta de precisión, requiere una interpretación que trascienda su literalidad. A pesar de la ausencia de parámetros explícitos, esta obligación no puede considerarse ilimitada o sujeta a la discrecionalidad exclusiva de una de las partes. Por el contrario, debe interpretarse a la luz del deber general de diligencia y buena fe, lo que implica desplegar un esfuerzo apropiado y razonable conforme a los criterios de normalidad, la naturaleza del contrato, las normas técnicas y jurídicas aplicables, y las cautelas adecuadas para alcanzar los objetivos del negocio. La interpretación judicial deberá indagar la intención de los contratantes para evitar que la vaguedad de la cláusula vulnere la buena fe y haga imposible determinar el alcance de la obligación.

3.  **CONCLUSIÓN:**
    Una cláusula que obliga a ""hacer los mejores esfuerzos"" sin definir indicadores objetivos de diligencia debe interpretarse como la exigencia de desplegar un esfuerzo apropiado y razonable, conforme a los criterios de normalidad, la naturaleza del contrato, la ley, la costumbre y la equidad natural, observando las normas técnicas y jurídicas pertinentes y adoptando las cautelas adecuadas para el cumplimiento del objetivo contractual. Su alcance se determinará judicialmente investigando la intención de las partes y aplicando los estándares de diligencia exigibles en el contexto específico, para evitar la vulneración de la buena fe por excesiva vaguedad.",1,
73,"En un contrato de corretaje, ¿cuándo nace el derecho del corredor a remuneración si su intervención fue indirecta o solo facilitó acercamientos preliminares?",No encontrado en el corpus. El contexto recuperado no contiene información suficiente para responder.,"SILOGISMO JURÍDICO:

1.  **PREMISA MAYOR**: El contexto recuperado describe la naturaleza de la intervención del corredor, señalando que no contrata en nombre de su representado sino que gestiona intereses ajenos, y que su labor puede limitarse al acercamiento de las partes (SC2498-2021, SC3712-2021). Asimismo, se aborda la responsabilidad precontractual derivada de meras tratativas o de ofertas que no perfeccionan el contrato, regida por el principio de buena fe exenta de culpa (19001_3103_003_2000_00183_01).
2.  **PREMISA MENOR**: Sin embargo, ninguna de las sentencias proporcionadas establece cuándo nace específicamente el derecho del corredor a la remuneración en los casos en que su intervención fue indirecta o se limitó a facilitar acercamientos preliminares, ni las condiciones para ello.
3.  **CONCLUSIÓN**: En consecuencia, basándose exclusivamente en el contexto recuperado, no es posible determinar cuándo nace el derecho del corredor a la remuneración si su intervención fue indirecta o solo facilitó acercamientos preliminares.",1,
74,¿Qué relevancia tiene la costumbre para integrar un contrato civil cuando el texto contractual es incompleto y las partes pertenecen a un sector con prácticas uniformes?,No encontrado en el corpus. El contexto recuperado no contiene información suficiente para responder.,"**PREMISA MAYOR:**
Según la Corte Constitucional (Sentencia C-924-07), al contrato de servicios públicos se integran las prácticas no escritas con fuerza vinculante cuya aplicación sea uniforme en el suministro del servicio por parte de las empresas prestadoras.

**PREMISA MENOR:**
La pregunta indaga sobre la relevancia de la costumbre para integrar un contrato civil cuando el texto contractual es incompleto y las partes pertenecen a un sector con prácticas uniformes. Sin embargo, el contexto recuperado establece la integración de prácticas no escritas y uniformes de manera específica para los contratos de servicios públicos. No se proporciona una norma o jurisprudencia que extienda este principio de integración de la costumbre o prácticas uniformes a los contratos civiles en general para suplir la incompletitud del texto contractual. Aunque la Sentencia SC2218-2021 menciona la posibilidad de acudir a ""fuentes supletorias"" para la interpretación de contratos atípicos cuando las estipulaciones son contradictorias o ambiguas (como el régimen general de las obligaciones o el modelo contractual típico), no incluye explícitamente la costumbre o las prácticas uniformes como tales fuentes para la integración de un contrato civil incompleto en un sentido general.

**CONCLUSIÓN:**
Basándose únicamente en el contexto recuperado, no es posible determinar la relevancia general de la costumbre o las prácticas uniformes para integrar un contrato civil incompleto, ya que la única referencia explícita a la integración de tales prácticas se limita al ámbito de los contratos de servicios públicos. El contexto no ofrece un fundamento jurídico para aplicar este principio a los contratos civiles en general.",2,
75,¿Cómo debe resolverse un conflicto entre la literalidad de una cláusula de garantía y las manifestaciones previas del vendedor sobre la aptitud específica del bien?,"Para resolver un conflicto entre la literalidad de una cláusula de garantía y las manifestaciones previas del vendedor sobre la aptitud específica del bien, el hermeneuta no debe restringirse al sentido natural u obvio de las palabras, a la interpretación gramatical o exegética, ni al escrito del acto dispositivo documental o documentado ""por claro que sea el tenor literal del contrato"", ni ""encerrarse en el examen exclusivo del texto del contrato"". Esto es aplicable incluso frente a la claridad del lenguaje utilizado, cuando las partes, una o ambas, le atribuyen un significado divergente.

Cita: [SENTENCIA | Sentencias | 11001_3103_012_1999_01957_01 | página 0]","SILOGISMO JURÍDICO:

1.  **PREMISA MAYOR:** Según la jurisprudencia, en la interpretación contractual, no es admisible restringirse al sentido natural u obvio de las palabras o al examen exclusivo del texto del contrato, incluso si el tenor literal es claro (in claris non fit interpretatio), cuando las partes, una o ambas, le atribuyen un significado divergente. La voluntad de las partes puede expresarse en actos previos a la celebración del convenio definitivo, incluyendo acuerdos sobre las garantías, los cuales pueden manifestarse en la promesa de contrato o en cualquier otro acto. (Sentencias 11001_3103_012_1999_01957_01 y sc11287_2016).

2.  **PREMISA MENOR:** La pregunta plantea un conflicto entre la literalidad de una cláusula de garantía y las manifestaciones previas del vendedor sobre la aptitud específica del bien. De acuerdo con el principio de interpretación contractual, no se debe limitar el análisis al tenor literal de la cláusula de garantía si las partes le atribuyen un significado divergente. Las manifestaciones previas del vendedor sobre la aptitud específica del bien pueden considerarse como una expresión de la voluntad de las partes sobre las garantías, realizada en un acto previo al contrato definitivo, y por tanto, relevante para entender el alcance de la garantía.

3.  **CONCLUSIÓN:** Para resolver un conflicto entre la literalidad de una cláusula de garantía y las manifestaciones previas del vendedor sobre la aptitud específica del bien, el jurista no debe ceñirse únicamente al tenor literal de la cláusula. En su lugar, debe considerar las manifestaciones previas del vendedor como parte de la voluntad de las partes, buscando el significado que estas pudieran haber atribuido a la garantía, incluso si la cláusula literal parece clara, para determinar el alcance real de la misma.",2,
76,"Si un contrato contiene una condición resolutoria expresa, ¿basta la ocurrencia objetiva del supuesto pactado o se requiere declaración adicional para extinguir el vínculo?","En las cláusulas resolutorias expresas, la ley o las partes pueden prever la terminación ipso jure sin necesidad de declaración judicial ex ante. En estos escenarios, en algunas oportunidades la ocurrencia del supuesto pactado procede de manera automática, sin necesidad de recurrir a ninguna manifestación exterior, y en otras, con la obligación de emitir una declaración o manifestación de parte, como prerrequisito para que la condición resolutoria produzca efectos extintivos.

[SENTENCIA | Sentencias | 11001_3103_012_1999_01957_01_clase_de_actuación_recurso_de_casacion_tipo_de_providencia_sentencia_fe_227858_número_de_pr | página 0]
[SENTENCIA | Corte_Constitucional | SU-449-20 | página 0]","SILOGISMO JURÍDICO:

1.  **PREMISA MAYOR:**
    En línea de principio, la condición resolutoria requiere declaración judicial para resolver el contrato. No obstante, en el caso de las ""cláusulas resolutorias expresas"", la ley o las partes pueden prever la terminación *ipso jure* sin necesidad de declaración judicial. En estos escenarios extrajudiciales, la ocurrencia de la condición resolutoria puede producir efectos extintivos de dos maneras: a) de forma automática, sin necesidad de recurrir a ninguna manifestación exterior; o b) con la obligación de emitir una declaración o manifestación de parte como prerrequisito para que la condición resolutoria produzca dichos efectos. La estipulación de una condición resolutoria expresa confiere a la parte interesada el derecho autónomo y potestativo de resolver o terminar el contrato mediante un acto de parte.

2.  **PREMISA MENOR:**
    La pregunta indaga si, ante una condición resolutoria expresa, basta la ocurrencia objetiva del supuesto pactado o si se requiere una declaración adicional para extinguir el vínculo. El contexto recuperado establece que, si bien las cláusulas resolutorias expresas pueden llevar a una terminación *ipso jure* sin intervención judicial, esto no implica necesariamente que la mera ocurrencia objetiva sea suficiente en todos los casos. Se distingue claramente entre la terminación que procede de manera automática y aquella que exige la emisión de una declaración o manifestación de parte. Además, se describe el ejercicio de este derecho como un ""acto de parte interesada"", lo que sugiere una acción por parte del beneficiario.

3.  **CONCLUSIÓN:**
    No, la mera ocurrencia objetiva del supuesto pactado en una condición resolutoria expresa no siempre basta para extinguir el vínculo contractual. Si bien las partes pueden prever la terminación *ipso jure* sin necesidad de declaración judicial, la efectividad de la condición resolutoria expresa puede requerir, según lo estipulado, la emisión de una declaración o manifestación por parte de la parte afectada para que produzca sus efectos extintivos, o bien, operar de manera automática sin necesidad de manifestación exterior. Por lo tanto, la necesidad de una declaración adicional depende de la forma específica en que las partes hayan pactado la cláusula resolutoria expresa.",1,
77,¿Qué consecuencias tiene que una parte invoque la nulidad relativa de un contrato después de haber ejecutado voluntariamente prestaciones compatibles con su validez?,No encontrado en el corpus. El contexto recuperado no contiene información suficiente para responder.,"SILOGISMO JURÍDICO:

1.  **PREMISA MAYOR:** El contexto recuperado aborda las consecuencias de la nulidad absoluta de un contrato, señalando que esta lo hace desaparecer de la vida jurídica desde su celebración (efectos ex tunc) y otorga a las partes el derecho a ser restituidas al mismo estado en que se hallarían si no hubiese existido el acto o contrato nulo (C-207-19, sc10152_2016). Asimismo, se menciona que la nulidad judicialmente pronunciada da acción reivindicatoria contra terceros poseedores, conforme al artículo 1748 del Código Civil (sc3654_2021). No obstante, el contexto no contiene normas o jurisprudencia aplicables a la figura de la nulidad relativa, ni a las consecuencias específicas de invocarla después de la ejecución voluntaria de prestaciones compatibles con la validez del contrato.

2.  **PREMISA MENOR:** La pregunta formulada inquiere sobre las consecuencias de que una parte invoque la *nulidad relativa* de un contrato después de haber ejecutado voluntariamente prestaciones compatibles con su validez. El análisis del contexto revela que la información proporcionada se concentra exclusivamente en la *nulidad absoluta* y sus efectos, incluyendo aspectos relacionados con la contratación estatal y la restitución de prestaciones. No se encuentra en los fragmentos recuperados ninguna referencia, definición o consecuencia jurídica específica relativa a la nulidad relativa, ni a la figura de la ratificación tácita o la imposibilidad de alegar dicha nulidad tras la ejecución voluntaria de las obligaciones contractuales.

3.  **CONCLUSIÓN:** Con base únicamente en el contexto recuperado, no es posible determinar las consecuencias de que una parte invoque la nulidad relativa de un contrato después de haber ejecutado voluntariamente prestaciones compatibles con su validez, dado que la información proporcionada se limita a la nulidad absoluta y no aborda la nulidad relativa ni el escenario planteado.",2,
78,¿Cómo se analiza la ratificación tácita de un negocio anulable y qué conductas permiten inferirla con suficiente certeza?,No encontrado en el corpus. El contexto recuperado no contiene información suficiente para responder.,"SILOGISMO JURÍDICO:

1.  **PREMISA MAYOR:**
    El contexto recuperado indica que la ""convalidación y ratificación"" son mecanismos relacionados con la ""validez"" y ""legalidad"" de un negocio jurídico. Se establece que la ratificación no es apta para superar una ""nulidad absoluta"", lo que implica su aplicación a otras formas de ineficacia o invalidez, como la inoponibilidad mencionada en el caso. Para la ratificación de actos que exigen solemnidades especiales, se requiere que cumpla con las mismas exigencias formales (Art. 1753 C.C. y 327 C.Co.). El principio ""in dubio benigna interpretatio est, ut magis negotium valeat, quam pereat"" (en la duda, se debe realizar una interpretación benigna para que el negocio más bien subsista que perezca) orienta la determinación judicial a proteger el acto exteriorizado cuando no hay certeza probatoria sobre su invalidez.

2.  **PREMISA MENOR:**
    En el análisis de la ratificación, el contexto presenta un ejemplo de conducta que se consideró como un intento de ""convalidación y ratificación"": la declaración de una parte (la gestora) al absolver un interrogatorio, donde ""convalidó y ratificó la delegación, reconoció y confesó la legalidad del negocio jurídico"". Sin embargo, el mismo contexto advierte que, en ese caso específico, dicha confesión fue considerada ""inidónea para acreditar la ratificación"" de un acto que era ""inoponible"". Esto demuestra que, si bien la conducta de reconocer y confesar la legalidad del negocio puede ser un indicio, su suficiencia para inferir la ratificación con certeza depende de la evaluación judicial de su idoneidad en las circunstancias particulares y frente al tipo de vicio (en este caso, inoponibilidad, no nulidad absoluta). La referencia al artículo 2186 del Código Civil en este contexto sugiere que la ratificación puede operar en situaciones de delegación o agencia.

3.  **CONCLUSIÓN:**
    La ratificación tácita de un negocio anulable (o inoponible, como se ejemplifica) se analiza a través de conductas que demuestren el reconocimiento y la aceptación de la legalidad del negocio por parte de la persona facultada. Una conducta que el contexto identifica como potencialmente indicativa de ratificación es la ""confesión de la legalidad del negocio jurídico"" realizada al absolver un interrogatorio. No obstante, para inferir la ratificación con suficiente certeza, es indispensable que la conducta sea idónea y eficaz para el tipo de vicio que se pretende sanear, ya que una confesión, aunque aparente, puede ser considerada inidónea por el juzgador. La valoración judicial, además, se orienta a la subsistencia del negocio en caso de duda.",1,
79,"En un contrato de transacción, ¿hasta dónde llega el efecto de cosa juzgada contractual respecto de controversias no mencionadas expresamente pero conectadas con el mismo conflicto?",No encontrado en el corpus. El contexto recuperado no contiene información suficiente para responder.,"SILOGISMO JURÍDICO:

1.  **PREMISA MAYOR:**
    La interpretación de los contratos es una labor del juzgador, quien debe determinar el sentido y alcance de las estipulaciones pactadas, aplicando las reglas hermenéuticas pertinentes, como las contenidas en los artículos 1618 a 1624 del Código Civil, para desentrañar el significado real de las declaraciones formuladas y armonizarlas (Sentencia SC2879_2022). Al interpretar y decidir controversias contractuales, el juzgador debe procurar la utilidad y eficacia del negocio jurídico, dentro de los límites racionales compatibles con el ordenamiento jurídico (Sentencia 25269_3103_002_2005_00199_01). Las diferencias surgidas entre las partes por causa o con ocasión de un contrato deben someterse al estudio y decisión del juez ordinario, ya que la acción de tutela está excluida para tales casos, salvo escenarios excepcionales de protección de derechos constitucionales (Sentencia T-511-93, Sentencia T-331-24). El contexto recuperado menciona los efectos de cosa juzgada en relación con la terminación anticipada de procesos judiciales, lo cual tiene efectos sobre la relación contractual (Sentencia T-943-05), y la modalidad de cosa juzgada relativa en providencias judiciales, que puede ser explícita o implícita en la parte motiva (Sentencia C-965-03).

2.  **PREMISA MENOR:**
    La pregunta se refiere al alcance del efecto de cosa juzgada contractual en un contrato de transacción respecto de controversias no mencionadas expresamente pero conectadas con el mismo conflicto. Si bien el contexto recuperado establece principios generales de interpretación contractual y la competencia del juez ordinario para dirimir controversias derivadas de contratos, y hace referencia a la cosa juzgada en el ámbito procesal y judicial, *no proporciona una doctrina o precedente específico que defina o desarrolle el alcance del efecto de cosa juzgada contractual de un contrato de transacción en relación con controversias no expresamente mencionadas pero conectadas al mismo conflicto*. Las referencias a la cosa juzgada en el contexto se limitan a los efectos de la terminación de procesos judiciales o de providencias judiciales, no a la extensión de la cosa juzgada inherente a un contrato de transacción per se.

3.  **CONCLUSIÓN:**
    El contexto recuperado no contiene la información necesaria para determinar hasta dónde llega el efecto de cosa juzgada contractual en un contrato de transacción respecto de controversias no mencionadas expresamente pero conectadas con el mismo conflicto.",2,
80,¿Qué límites jurídicos enfrenta una cláusula que prohíbe de forma absoluta cualquier compensación entre créditos recíprocos?,No encontrado en el corpus. El contexto recuperado no contiene información suficiente para responder.,"SILOGISMO JURÍDICO:

1.  **PREMISA MAYOR:**
    Según la jurisprudencia, las partes no pueden pactar la exclusión total de su responsabilidad, pues ello contradice el concepto de la obligación y el espíritu de normas del Código Civil que sancionan tales cláusulas con nulidad, al implicar una condonación del dolo futuro y tolerar negligencia en la ejecución de obligaciones. Además, la libertad contractual puede ser limitada por la ""imposibilidad de pactar en contrario"" cuando se persiguen objetivos legítimos. El Artículo 1716 del Código Civil establece que ""Para que haya lugar a la compensación es preciso que las dos partes sean recíprocamente deudoras.""

2.  **PREMISA MENOR:**
    Una cláusula que prohíbe de forma absoluta cualquier compensación entre créditos recíprocos, a pesar de que el Artículo 1716 del Código Civil establece el requisito de que las partes sean recíprocamente deudoras para que haya lugar a la compensación, podría ser considerada como una limitación de un mecanismo legal disponible para las partes en una relación de deudores recíprocos. Al impedir la compensación, se estaría afectando la forma en que las partes gestionan sus obligaciones recíprocas, lo cual se asemeja a una exclusión de responsabilidad en la medida en que se impide la aplicación de una condición legal para la compensación. Esta prohibición absoluta podría contradecir el concepto de la obligación y el espíritu de las normas que sancionan con nulidad las cláusulas que pactan la exclusión total de responsabilidad, o que implican la condonación del dolo futuro.

3.  **CONCLUSIÓN:**
    Por lo tanto, una cláusula que prohíbe de forma absoluta cualquier compensación entre créditos recíprocos enfrenta límites jurídicos significativos, pudiendo ser sancionada con nulidad. Esto se debe a que tal prohibición podría interpretarse como una exclusión total de responsabilidad o una condonación del dolo futuro, contrariando el concepto de la obligación y el espíritu de las normas que limitan la libertad contractual en este aspecto, especialmente cuando la ley establece requisitos para que la compensación ""tenga lugar"" entre deudores recíprocos.",2,
81,"Si el acreedor concede prórrogas sucesivas sin reserva expresa de derechos, ¿puede luego alegar mora desde el primer vencimiento?",No encontrado en el corpus. El contexto recuperado no contiene información suficiente para responder.,"SILOGISMO JURÍDICO:

1.  **PREMISA MAYOR:** La mora de la obligación, distinta de su exigibilidad, ""supone el retardo culpable del deudor en el cumplimiento de la obligación, y para constituir en ella al deudor, se requiere que sea reconvenido por el acreedor"" (Sentencia SC1170_2022).

2.  **PREMISA MENOR:** Si el acreedor concede prórrogas sucesivas, está modificando el plazo de exigibilidad de la obligación. Al otorgar una prórroga, el acreedor no está reconviniendo al deudor para el cumplimiento en la fecha original, sino que está aceptando un aplazamiento. En consecuencia, no se configura un ""retardo culpable"" del deudor respecto del vencimiento inicial, ya que el plazo para el cumplimiento ha sido extendido por acuerdo del acreedor.

3.  **CONCLUSIÓN:** No, si el acreedor concede prórrogas sucesivas, no puede luego alegar mora desde el primer vencimiento, dado que la concesión de las prórrogas altera el plazo de exigibilidad y, por ende, impide que se cumplan los requisitos de retardo culpable y reconvención del deudor respecto de la fecha original.",1,
82,"¿Cómo debe calificarse la conducta del deudor que ofrece cumplimiento parcial útil, pero no íntegro, frente a la facultad del acreedor de rechazarlo?","La conducta del deudor que ofrece un cumplimiento parcial puede calificarse como ""cumplimiento deficiente o apenas parcial"", lo cual se considera una ""infracción"" o ""la falta de realización del comportamiento prometido"".

Frente a la facultad del acreedor de rechazarlo, el contexto establece una excepción específica: ""Si los bienes excutidos no produjeren más que un pago parcial de la deuda, será sin embargo el acreedor obligado a aceptarlo, y no podrá reconvenir al fiador sino por la parte insoluta.""

**Citas:**
*   ""La infracción se traduce en la falta de realización del comportamiento prometido, su ejecución con retraso o el cumplimiento deficiente o apenas parcial, supuestos que menoscaban la utilidad procurada por el acreedor."" [SENTENCIA | Sentencias | sc1043_2021_clase_de_actuación_recurso_de_casación_tipo_de_providencia_sentencia_fecha_05_04_2021_po_726450_número_de_pr | página 0]
*   ""ARTÍCULO 2389. <OBLIGACIÓN DE ACEPTAR PAGO PARCIAL CON BIENES EXCUTIDOS>. Si los bienes excutidos no produjeren más que un pago parcial de la deuda, será sin embargo el acreedor obligado a aceptarlo, y no podrá reconvenir al fiador sino por la parte insoluta."" [NORMA | Codigo_Civil | Ley desconocida | Artículo 2389 | codigo_civil_intro_rag]","SILOGISMO JURÍDICO:

1.  **PREMISA MAYOR:**
    Según la jurisprudencia, la infracción o incumplimiento del deudor se configura, entre otros supuestos, por ""la falta de realización del comportamiento prometido, su ejecución con retraso o el cumplimiento deficiente o apenas parcial"". Esta situación se traduce en una disconformidad entre el programa prestacional esperado y lo actuado por el deudor, menoscabando la utilidad procurada por el acreedor y no realizando su interés primario o el resultado útil que espera lograr. Aunque el Artículo 2389 del Código Civil establece una excepción específica donde el acreedor está obligado a aceptar un pago parcial de la deuda con bienes excutidos del fiador, esta disposición no establece una regla general que obligue al acreedor a aceptar cualquier cumplimiento parcial.

2.  **PREMISA MENOR:**
    En el caso planteado, el deudor ofrece un cumplimiento que es parcial, aunque útil, pero no íntegro. Conforme a la definición de infracción, este ofrecimiento, al ser ""apenas parcial"" y no ajustarse completamente al ""programa prestacional"", constituye una forma de incumplimiento contractual. A pesar de que la prestación parcial pueda tener alguna utilidad, no satisface plenamente el interés primario del acreedor, quien espera el resultado completo. El contexto no impone al acreedor la obligación de aceptar un cumplimiento que no sea íntegro, sino que, por el contrario, califica el cumplimiento parcial como una infracción, lo que implica la facultad del acreedor de rechazarlo, salvo en las excepciones legales expresamente previstas, como la del Artículo 2389 del Código Civil.

3.  **CONCLUSIÓN:**
    La conducta del deudor que ofrece un cumplimiento parcial útil, pero no íntegro, debe calificarse como una **infracción o incumplimiento contractual**. En consecuencia, el acreedor tiene la facultad de rechazar dicho ofrecimiento, ya que no está obligado a aceptar una prestación que no sea completa y que no satisfaga plenamente su interés primario, a menos que exista una disposición legal específica que lo obligue a ello, como la excepción del Artículo 2389 del Código Civil para el pago parcial con bienes excutidos.",1,
83,"En un contrato con obligación alternativa, ¿qué efectos produce la pérdida de una de las prestaciones por culpa del deudor antes de la elección?",No encontrado en el corpus. El contexto recuperado no contiene información suficiente para responder.,"SILOGISMO JURÍDICO:

1.  **PREMISA MAYOR:** El contexto recuperado no contiene normas o jurisprudencia que regulen específicamente los efectos de la pérdida de una de las prestaciones por culpa del deudor antes de la elección en un contrato con obligación alternativa. La información proporcionada se refiere a la resolución o cumplimiento de contratos por incumplimiento general, la presunción de culpa en la imposibilidad de ejecutar una prestación, y los efectos generales de la resolución contractual, sin abordar la particularidad de las obligaciones alternativas.

2.  **PREMISA MENOR:** La pregunta formulada indaga sobre los efectos de la pérdida de una de las prestaciones por culpa del deudor antes de la elección en un contrato con obligación alternativa. Al revisar el contexto recuperado, no se encuentra ninguna disposición legal o pronunciamiento jurisprudencial que aborde directamente este supuesto específico de las obligaciones alternativas.

3.  **CONCLUSIÓN:** No es posible responder a la pregunta planteada basándose ÚNICAMENTE en el contexto recuperado, ya que este no contiene información relevante sobre los efectos de la pérdida de una de las prestaciones por culpa del deudor antes de la elección en un contrato con obligación alternativa.",1,
84,¿Cómo debe examinarse una novación alegada por una de las partes cuando el nuevo acuerdo no manifiesta claramente voluntad de extinguir la obligación anterior?,"Para que haya novación, es necesario que las partes lo declaren, o que aparezca indudablemente que su intención ha sido novar, porque la nueva obligación envuelve la extinción de la antigua.

Cita: Artículo 1693 del Código Civil.","SILOGISMO JURÍDICO:

1.  **PREMISA MAYOR:**
    Según el Artículo 1693 del Código Civil Colombiano, para que haya novación es indispensable que las partes lo declaren expresamente, o que, en su defecto, aparezca de manera indudable que su intención ha sido novar, en el entendido de que la nueva obligación conlleva la extinción de la antigua. La jurisprudencia complementa que el efecto extintivo no es absoluto y requiere identificar si existe una perfecta coincidencia o divergencias entre los negocios jurídicos que permitan inferir la sustitución de la obligación anterior por una nueva (Sentencia SC2221-2020).

2.  **PREMISA MENOR:**
    Cuando una de las partes alega novación y el nuevo acuerdo no manifiesta claramente la voluntad de extinguir la obligación anterior, el examen no puede limitarse a la ausencia de una declaración explícita. Conforme al Artículo 1693, es imperativo determinar si la intención de novar aparece ""indudablemente"" de los términos y el contexto del nuevo acuerdo. Esto implica analizar si la nueva obligación, por su naturaleza o por las circunstancias que la rodean, envuelve de manera inequívoca la extinción de la obligación precedente. La evaluación debe buscar si el nuevo acuerdo, al adecuar las obligaciones o al establecer nuevas condiciones, tiene el propósito y el efecto de reemplazar la obligación original, tal como se sugiere en la jurisprudencia al referirse a la adecuación de obligaciones al cambio de circunstancias (Sentencia T-943-05) y al distinguir la renovación (un contrato nuevo) de la prórroga (el mismo contrato) (Sentencia 11001-3103-012-1999-01957-01).

3.  **CONCLUSIÓN:**
    Para examinar una novación alegada por una de las partes cuando el nuevo acuerdo no manifiesta claramente la voluntad de extinguir la obligación anterior, se debe determinar si la intención de novar se desprende de forma indudable del contenido y las circunstancias del nuevo acuerdo, es decir, si la nueva obligación implica de manera inequívoca la extinción de la antigua, aun sin una declaración expresa.",1,
85,"Si una parte paga una deuda contractual con un bien distinto al pactado y la otra lo recibe sin objeciones inmediatas, ¿puede configurarse dación en pago tácita?",No encontrado en el corpus. El contexto recuperado no contiene información suficiente para responder.,"**PREMISA MAYOR:**
El contexto recuperado establece que la dación en pago es una figura jurídica autónoma, una forma especial de extinguir obligaciones, y un negocio jurídico unilateral. Se subraya que en la *datio in solutum* el acreedor no tiene la voluntad de comprar y que su aceptación es generalmente discrecional, salvo en situaciones específicas como los créditos para vivienda donde la oferta de dación en pago es obligatoria (Sentencia 11001_3103_005_2000_01474_01 y Sentencia T-283-01).

**PREMISA MENOR:**
La pregunta indaga si la recepción de un bien distinto al pactado sin objeciones inmediatas puede configurar una dación en pago tácita. El contexto no contiene ninguna norma, sentencia o doctrina que establezca que la dación en pago pueda configurarse de manera tácita por la simple recepción de un bien diferente sin objeciones. Por el contrario, se enfatiza la naturaleza de negocio jurídico y la discrecionalidad del acreedor para aceptar o rechazar la oferta de dación en pago, lo que implica una manifestación de voluntad específica. El Artículo 1635 del Código Civil, que menciona la ratificación tácita, se refiere al pago hecho a una persona distinta de quien se debe, y no a la aceptación de un objeto de pago diferente al originalmente pactado.

**CONCLUSIÓN:**
Basándose *únicamente* en el contexto recuperado, no es posible afirmar que la dación en pago tácita se configure por la mera recepción de un bien distinto al pactado sin objeciones inmediatas, ya que el contexto no proporciona soporte para tal afirmación y, en cambio, resalta la naturaleza de negocio jurídico y la discrecionalidad del acreedor.",2,
86,¿Qué análisis corresponde cuando un tercero paga la deuda contractual sin conocimiento del deudor y luego pretende subrogarse en los derechos del acreedor?,"Cuando un tercero paga la deuda contractual sin el conocimiento del deudor, este tercero no se entenderá subrogado por la ley en el lugar y derechos del acreedor, ni podrá compeler al acreedor a que le subrogue. En este caso, el que paga solo tendrá acción para que el deudor le reembolse lo pagado.

Cita: Artículo 1631 del Código Civil.","SILOGISMO JURÍDICO:

1.  **PREMISA MAYOR:** Según el Artículo 1631 del Código Civil, ""El que paga sin el conocimiento del deudor no tendrá acción sino para que éste le reembolse lo pagado; y no se entenderá subrogado por la ley en el lugar y derechos del acreedor, ni podrá compeler al acreedor a que le subrogue."" La jurisprudencia complementa que la subrogación es la transmisión de los derechos del acreedor a un tercero que le paga, y para que opere, la persona por cuyo actuar se satisface el crédito debe afectar su propio patrimonio, sin que el pago sea en respuesta a compromisos legales o convencionales, ni que revele una recepción previa de dineros cuyo destino tienda a esa finalidad, pues esto desnaturalizaría el cumplimiento de la obligación a instancia de un tercero.

2.  **PREMISA MENOR:** En el escenario planteado, un tercero paga una deuda contractual sin el conocimiento del deudor y, posteriormente, pretende subrogarse en los derechos del acreedor. Esta situación se ajusta a lo establecido en el Artículo 1631 del Código Civil, dado que el pago se realiza sin el conocimiento del deudor.

3.  **CONCLUSIÓN:** Cuando un tercero paga la deuda contractual sin el conocimiento del deudor y luego pretende subrogarse en los derechos del acreedor, no se entenderá subrogado por la ley en el lugar y derechos del acreedor, ni podrá compeler al acreedor a que le subrogue. Su única acción será la de reembolso de lo pagado por parte del deudor.",1,
87,"¿Cómo se distingue jurídicamente entre cesión de crédito, subrogación y delegación de pago cuando las partes usan terminología incorrecta en el documento?","Jurídicamente, la distinción entre cesión de crédito, subrogación y delegación de pago, según el contexto recuperado, se establece de la siguiente manera:

1.  **Cesión de crédito**:
    *   Es un negocio jurídico o convención genérica con fisonomía propia, inconfundible con otros contratos. Puede significar la transmisión de derechos y obligaciones en el ámbito activo o pasivo, o la sustitución de personas en cualquiera de los extremos de la relación obligatoria.
        *   [SENTENCIA | Sentencias | sc3890_2021_clase_de_actuación_recurso_de_casación_tipo_de_providencia_sentencia_fecha_15_09_2021_po_744278_número_de_pr | página 0]
    *   La cesión de un crédito, a cualquier título que se haga, no tendrá efecto entre el cedente y el cesionario sino en virtud de la entrega del título. Si el crédito no consta en documento, la cesión puede hacerse otorgándose uno por el cedente al cesionario.
        *   [NORMA | Codigo_Civil | Ley desconocida | Artículo 1959 | codigo_civil_intro_rag]

2.  **Subrogación**:
    *   Es la transmisión de los derechos del acreedor a un tercero, que le paga.
        *   [NORMA | Codigo_Civil | Ley desconocida | Artículo 1666 | codigo_civil_intro_rag]
    *   Se define como la acción y efecto de subrogar o subrogarse, es decir, sustituir o poner una persona o cosa en lugar de otra. Este desplazamiento puede sobrevenir por ministerio de la ley o por acuerdo ajustado entre el acreedor primigenio y el tercero que satisface la prestación debida.
        *   [SENTENCIA | Sentencias | sc042_2022_clase_de_actuación_recurso_de_casación_tipo_de_providencia_sentencia_fecha_07_02_2022_pon_758076_número_de_pr | página 0]

3.  **Delegación de pago (específicamente delegación imperfecta)**:
    *   Existe una gran analogía entre la delegación imperfecta y la estipulación para otro. La diferencia sutil entre estas dos instituciones se refiere al tiempo en que le nace al acreedor el derecho para exigir el pago al delegado: en caso de estipulación es al momento de celebrarse el contrato entre estipulante y promitente, y en caso de delegación imperfecta cuando el delegatario acepte al delegado como deudor.
    *   Un ejemplo es cuando el vendedor de un bien cuyo precio es pagadero a plazos, delega en el comprador el pago de la deuda que aquél tiene con el tercero. En este caso, el vendedor es delegante, el comprador delegado y el tercero acreedor delegatario.
        *   [SENTENCIA | Sentencias | 23001_3103_003_2002_00040_01_clase_de_actuación_recurso_de_casacion_tipo_de_providencia_sentencia_fe_213325_número_de_pr | página 0]

El contexto recuperado no contiene información suficiente para responder cómo se distinguen jurídicamente estos conceptos cuando las partes usan terminología incorrecta en el documento.","SILOGISMO JURÍDICO:

1.  **PREMISA MAYOR:**
    Según el Código Civil Colombiano y la jurisprudencia, la **cesión de crédito** es un negocio jurídico con fisonomía propia que implica la transmisión de derechos y obligaciones, o la sustitución de personas en los extremos de la relación obligatoria, y para su efecto entre cedente y cesionario requiere la entrega del título (Artículo 1959 C.C., Sentencia SC3890-2021). La **subrogación** es la transmisión de los derechos del acreedor a un tercero que le paga, sustituyendo una persona o cosa en lugar de otra (Artículo 1666 C.C., Sentencia SC042-2022). La **delegación de pago** se asemeja a la estipulación para otro, donde un delegante encarga a un delegado el pago a un tercero acreedor delegatario, diferenciándose principalmente en el momento en que el acreedor puede exigir el pago al delegado (Sentencia 23001-3103-003-2002). Para la correcta calificación jurídica de un acto, la jurisprudencia enseña que ""la letra mata y el espíritu vivifica"", siendo antijurídico juzgar una parte de la ley sin examinarla en su totalidad, lo que implica que la interpretación debe ir más allá de la literalidad para aprehender el ""sentido"" y ""contenido"" de la operación (Sentencia 11001-3103-026-2000, Sentencia SC17096-2015).

2.  **PREMISA MENOR:**
    Cuando las partes utilizan terminología incorrecta en un documento para referirse a estas figuras, la distinción jurídica no se basa en la denominación literal que le hayan dado, sino en el análisis de la ""fisonomía propia"" y el ""espíritu"" o ""contenido"" real del negocio jurídico celebrado. Se debe determinar si la operación corresponde a la transmisión de un crédito mediante la entrega del título (cesión), a la transmisión de los derechos del acreedor a un tercero que paga (subrogación), o a un encargo de pago de un delegante a un delegado a favor de un acreedor (delegación), independientemente de los términos empleados.

3.  **CONCLUSIÓN:**
    Para distinguir jurídicamente entre cesión de crédito, subrogación y delegación de pago cuando las partes usan terminología incorrecta en el documento, el experto jurista debe analizar la sustancia y el contenido intrínseco del acuerdo, aplicando las definiciones y características propias de cada figura legal, prevaleciendo la verdadera naturaleza del negocio sobre la denominación errónea que le hayan atribuido las partes.",1,
88,"En un contrato de seguro de hecho civil atípico entre particulares, ¿qué elementos mínimos permitirían reconocer un esquema obligacional análogo o, por el contrario, negar su configuración?",No encontrado en el corpus. El contexto recuperado no contiene información suficiente para responder.,"SILOGISMO JURÍDICO:

1.  **PREMISA MAYOR:**
    El Derecho Contractual Civil Colombiano, según el contexto recuperado, establece que los contratos son vinculantes y su fuerza emana de las estipulaciones pactadas, especialmente en contratos consensuales como los de seguro (SC780_2020, T-271-06). La identificación del contenido y alcance del contrato es fundamental para determinar los deberes jurídicos asumidos por las partes (SC4786_2020). Para que un pacto sea reconocido, es crucial que se demuestre su ""estructuración y existencia"" (SC6709_2015), y su mecanismo debe ser claro y preciso para evitar que quede ""estancado"" (SC3375_2021). Sin embargo, la autonomía de la voluntad en la regulación privada de la indemnización de perjuicios encuentra su límite en las previsiones legales imperativas (SC780_2020).

2.  **PREMISA MENOR:**
    En el caso de un contrato de seguro civil atípico entre particulares, para reconocer un esquema obligacional análogo, se requiere que las partes hayan establecido de manera clara y demostrable los elementos esenciales que caracterizan un pacto de seguro. Esto implica un acuerdo sobre la contraprestación (análoga a la prima), la definición del riesgo cubierto y la obligación de indemnizar ante su acaecimiento. El contenido y alcance de este acuerdo deben precisar los deberes jurídicos asumidos por cada parte, especialmente en lo referente a la transferencia del riesgo y la obligación de resarcimiento. Además, la estructura y el mecanismo de este pacto deben ser lo suficientemente claros y precisos para asegurar su funcionalidad y exigibilidad.
    Por el contrario, se negaría la configuración de dicho esquema si no es posible demostrar la ""estructuración y existencia del respectivo pacto"", es decir, si el acuerdo fundamental carece de la claridad o la evidencia suficiente. La ausencia de una estructura y un mecanismo claros y precisos que hagan inoperante o ""estancado"" el contrato también sería un motivo de negación. Asimismo, si el esquema obligacional pactado por los particulares desconoce o contraviene previsiones legales imperativas en materia de indemnización de perjuicios, o si se establece que el contrato tiene un carácter ficticio, su configuración sería rechazada.

3.  **CONCLUSIÓN:**
    Para reconocer un esquema obligacional análogo en un contrato de seguro civil atípico entre particulares, los elementos mínimos que permitirían su configuración son:
    1.  **Acuerdo sobre elementos esenciales:** La existencia de un acuerdo claro sobre la contraprestación, el riesgo cubierto y la obligación de indemnizar ante el acaecimiento del siniestro.
    2.  **Definición de contenido y alcance:** La identificación precisa del contenido y alcance del contrato, que establezca los deberes jurídicos asumidos por las partes, especialmente en relación con la transferencia del riesgo y la indemnización.
    3.  **Claridad y precisión estructural:** Una estructura y mecanismo del contrato que sean claros y precisos, garantizando su funcionalidad y exigibilidad.

    Por el contrario, se negaría su configuración si:
    1.  **Imposibilidad de demostrar el pacto:** No es viable demostrar la estructuración y existencia del respectivo pacto obligacional.
    2.  **Falta de claridad y precisión:** La estructura y el mecanismo del contrato carecen de la claridad y precisión indispensables, lo que lo haría inoperante o ""estancado"".
    3.  **Contravención de normas imperativas:** El esquema obligacional desconoce previsiones legales imperativas en materia de indemnización de perjuicios que escapan a la potestad de las regulaciones privadas.
    4.  **Carácter ficticio:** Se logra establecer el carácter ficticio del contrato.",1,
89,¿Cómo debe tratarse la contradicción entre el cuerpo del contrato y un acta posterior de ejecución firmada por las mismas partes?,No encontrado en el corpus. El contexto recuperado no contiene información suficiente para responder.,"SILOGISMO JURÍDICO:

1.  **PREMISA MAYOR**:
    Según la jurisprudencia (Sentencia SC2221-2020), el efecto extintivo que conlleva el surgimiento de un convenio final frente a los pactos de un precontrato no es absoluto. Por el contrario, es imperativo identificar previamente si existe perfecta coincidencia entre ambos negocios jurídicos o si se presentan divergencias en sus contenidos.

2.  **PREMISA MENOR**:
    La pregunta plantea cómo tratar una contradicción entre el cuerpo de un contrato y un acta posterior de ejecución firmada por las mismas partes. En este escenario, el acta posterior de ejecución puede ser considerada un convenio subsiguiente al contrato original. Por lo tanto, para abordar la contradicción, es necesario aplicar el principio de identificación de coincidencias o divergencias entre los contenidos de ambos documentos.

3.  **CONCLUSIÓN**:
    Para tratar la contradicción entre el cuerpo del contrato y un acta posterior de ejecución firmada por las mismas partes, es imperativo identificar si existe perfecta coincidencia entre las disposiciones de ambos documentos o si, por el contrario, se presentan divergencias en sus contenidos. El contexto recuperado no proporciona una regla específica sobre cómo resolver estas divergencias una vez identificadas.",1,
90,"Si una parte alega que firmó bajo estado de necesidad económica extrema, ¿qué examen debe hacerse para diferenciar simple presión económica de vicio del consentimiento?","Para diferenciar la simple presión económica de un vicio del consentimiento, si se alega que un contrato está viciado por la fuerza o el amedrentamiento, corresponde al accionante comprobar los hechos constitutivos de dicho vicio. Más específicamente, debe demostrarse que los hechos:

1.  Tuvieron ocurrencia en verdad.
2.  Fueron de la magnitud suficiente como para poder provocar la alteración de su juicio, teniendo en cuenta sus circunstancias personales.

El Código Civil establece que los vicios de que puede adolecer el consentimiento son el error, la fuerza y el dolo, y que la validez de un acto jurídico depende de que la manifestación de la voluntad no se produzca bajo el imperio de la coacción física o moral.

**Citas:**
*   [SENTENCIA | Sentencias | 20001_3103_003_1998_00238_01_clase_de_actuación_recurso_de_casacion_tipo_de_providencia_sentencia_fe_227809_número_de_pr | página 0] (primera y tercera ocurrencia)","SILOGISMO JURÍDICO:

1.  **PREMISA MAYOR:**
    Según el Código Civil colombiano, para que una persona se obligue por un acto o declaración de voluntad, es necesario que su consentimiento no adolezca de vicio, siendo la fuerza uno de los vicios que puede afectar la validez de un acto jurídico (Artículos 1502 y 1508 C.C.). La validez de un acto depende de que la manifestación de voluntad no se produzca bajo el imperio de la coacción física o moral. Para que la fuerza o el amedrentamiento constituyan un vicio del consentimiento, el accionante debe comprobar los hechos constitutivos del vicio, demostrando que tuvieron ocurrencia y que fueron de la magnitud suficiente como para provocar la alteración de su juicio, considerando sus circunstancias personales.

2.  **PREMISA MENOR:**
    Cuando una parte alega haber firmado bajo un estado de necesidad económica extrema, el examen para diferenciar una simple presión económica de un vicio del consentimiento (fuerza) debe centrarse en determinar si dicha necesidad alcanzó la ""magnitud suficiente"" para coaccionar o amedrentar al punto de ""provocar la alteración de su juicio"" y comprometer su libre manifestación de voluntad. Esto implica analizar las circunstancias personales del afectado y la intensidad de la presión económica. El contexto sugiere que una ""difícil situación económica"" puede ser evidenciada por factores objetivos como el estrato socioeconómico, la afiliación al sistema de salud subsidiado o un bajo puntaje en el SISBÉN, los cuales pueden indicar una situación de desequilibrio efectivo que, si es de la magnitud suficiente, podría alterar el ánimo interno y la voluntad del agente.

3.  **CONCLUSIÓN:**
    Para diferenciar la simple presión económica de un vicio del consentimiento por fuerza, el examen debe establecer si la necesidad económica extrema fue de tal magnitud que coaccionó o amedrentó a la parte, alterando su juicio y comprometiendo su libertad de voluntad, lo cual debe ser probado considerando las circunstancias personales del afectado.",1,
91,¿Qué alcance tiene el deber de información en contratos civiles entre particulares cuando una parte conoce defectos ocultos relevantes del objeto negociado?,"El deber de información se exige en mayor grado al contratante que, por sus calidades, tiene conocimiento de las circunstancias relevantes del acto jurídico, incluyendo el alcance de las obligaciones, efectos y riesgos asumidos, información de la que la otra parte carece. Este contratante se constituye en el «deudor informado» y tiene el deber de transmitir dicha información de forma completa, veraz y oportuna al otro, que, como profano, se torna «acreedor» de recibirla. El obligado a la información «debe suministrarla objetivamente».
[SENTENCIA | Sentencias | sc5430_2021_clase_de_actuación_recurso_de_casación_tipo_de_providencia_sentencia_fecha_07_12_2021_po_752896_número_de_pr | página 0]

En el contexto de defectos ocultos, el artículo 1893 del Código Civil establece la obligación de saneamiento en beneficio del comprador que adquirió un bien con “defectos ocultos” o vicios redhibitorios, por lo cual todas las personas que participan en la obra deben prevenir los defectos en la construcción.
[SENTENCIA | Corte_Constitucional | C-964-99 | página 0]

Asimismo, el Artículo 934 del Código de Comercio establece que si la cosa vendida presenta, con posterioridad a su entrega, vicios o defectos ocultos cuya causa sea anterior al contrato, ignorados sin culpa por el comprador, que hagan la cosa impropia para su natural destinación o para el fin previsto en el contrato, el comprador tendrá derecho a pedir la resolución del mismo o la rebaja del precio a justa tasación.
[NORMA | Codigo_Comercio | Ley desconocida | Artículo 934 | codigo_comercio_rag]

El principio de buena fe contractual obliga a las partes no solo a lo expresamente previsto en el contrato o la ley, sino a todo aquello que se desprenda de la naturaleza y de las obligaciones del contrato celebrado.
[SENTENCIA | Corte_Constitucional | C-248-20 | página 0]

Ocultar información en la fase inicial puede llevar a la nulidad relativa del contrato.
[SENTENCIA | Sentencias | sc3663_2022_clase_de_actuación_recurso_de_casación_tipo_de_providencia_sentencia_fecha_22_11_2022_po_788788_número_de_pr | página 0]","SILOGISMO JURÍDICO:

1.  **PREMISA MAYOR:**
    El deber de información se exige en mayor grado al contratante que, por sus calidades, tiene conocimiento de las circunstancias relevantes del acto jurídico, incluyendo el alcance de las obligaciones, efectos y riesgos asumidos, información de la que la otra parte carece. Este contratante se constituye en el ""deudor informado"" y tiene el deber de transmitir dicha información de forma completa, veraz y oportuna al otro, que, como profano, se torna ""acreedor"" de recibirla (Sentencia SC5430-2021). Este deber se enmarca en el principio de buena fe contractual, que obliga a las partes no solo a lo expresamente previsto, sino a todo aquello que se desprenda de la naturaleza y obligaciones del contrato (Sentencia C-248-20). Además, la obligación de información busca proteger la libertad de contratar, según lo previsto en el artículo 1502 y siguientes del Código Civil (Sentencia C-583-15). En el ámbito civil, el artículo 1893 del Código Civil establece la obligación de saneamiento en beneficio del comprador que adquirió un bien con ""defectos ocultos"" o vicios redhibitorios (Sentencia C-964-99).

2.  **PREMISA MENOR:**
    Cuando una de las partes en un contrato civil entre particulares conoce defectos ocultos relevantes del objeto negociado, esta parte se erige como el ""deudor informado"" al poseer conocimiento de ""circunstancias relevantes del acto jurídico"" (los defectos) que la otra parte, en su calidad de ""profano"", desconoce. En virtud del deber de información, el ""deudor informado"" tiene la obligación de transmitir estos defectos de forma completa, veraz y oportuna. La omisión de esta información iría en contra del principio de buena fe contractual, que exige a las partes actuar conforme a la naturaleza y obligaciones del contrato, y afectaría la libertad de contratar de la parte no informada. La existencia de tales defectos ocultos, si son conocidos y no revelados, se relaciona directamente con la figura de los vicios redhibitorios del Código Civil, que generan una obligación de saneamiento.

3.  **CONCLUSIÓN:**
    El alcance del deber de información en contratos civiles entre particulares, cuando una parte conoce defectos ocultos relevantes del objeto negociado, implica que dicha parte está obligada a suministrar esa información de manera completa, veraz y oportuna a la otra. Este deber se fundamenta en el principio de buena fe contractual, la protección de la libertad de contratar de la parte no informada y la normativa civil sobre vicios redhibitorios.",1,
92,¿Cómo se articula la garantía por vicios ocultos con cláusulas contractuales de aceptación del bien “en el estado en que se encuentra”?,No encontrado en el corpus. El contexto recuperado no contiene información suficiente para responder.,"SILOGISMO JURÍDICO:

1.  **PREMISA MAYOR:**
    Según el Artículo 934 del Código de Comercio, si la cosa vendida presenta, con posterioridad a su entrega, vicios o defectos ocultos cuya causa sea anterior al contrato, ignorados sin culpa por el comprador, y que hagan la cosa impropia para su natural destinación o para el fin previsto en el contrato, el comprador tiene derecho a pedir la resolución del contrato o la rebaja del precio a justa tasación. Adicionalmente, la legislación civil, a través del artículo 1893 del Código Civil (mencionado en la Sentencia C-964-99), establece la obligación de saneamiento en beneficio del comprador que adquirió un bien con ""defectos ocultos"" o vicios redhibitorios.

2.  **PREMISA MENOR:**
    El contexto recuperado define claramente los vicios ocultos y los derechos del comprador frente a ellos, tanto en el ámbito comercial como civil. Sin embargo, no contiene ninguna disposición normativa ni pronunciamiento jurisprudencial que aborde específicamente las ""cláusulas contractuales de aceptación del bien 'en el estado en que se encuentra'"" (cláusulas ""as-is"") ni cómo estas se articulan o interactúan con la garantía por vicios ocultos. La información proporcionada se limita a la definición y efectos de los vicios ocultos, sin ofrecer elementos para analizar su relación con este tipo de estipulaciones contractuales.

3.  **CONCLUSIÓN:**
    Basándose únicamente en el contexto recuperado, no es posible articular cómo la garantía por vicios ocultos se relaciona o interactúa con cláusulas contractuales de aceptación del bien ""en el estado en que se encuentra"", dado que el material proporcionado no contiene información sobre la existencia, validez o efectos de dichas cláusulas frente a la garantía legal de saneamiento por vicios ocultos.",1,
93,"En la venta de un inmueble con cabida inferior a la anunciada, ¿qué factores determinan si procede rebaja del precio, resolución u otra consecuencia?",No encontrado en el corpus. El contexto recuperado no contiene información suficiente para responder.,"SILOGISMO JURÍDICO:

1.  **PREMISA MAYOR:** El contexto recuperado incluye el Artículo 1888 del Código Civil, que regula el aumento y disminución del precio de la cabida, y el Artículo 1926 del Código Civil, que establece la prescripción de la acción de rebaja del precio.
2.  **PREMISA MENOR:** El Artículo 1888 del Código Civil aborda el escenario en que la cabida real de un predio es *mayor* que la declarada, estableciendo la obligación del comprador de aumentar el precio o la opción de desistir del contrato si la diferencia excede una décima parte del precio de la cabida real. Sin embargo, el contexto recuperado no contiene disposiciones que regulen explícitamente los factores que determinan la rebaja del precio, la resolución u otras consecuencias cuando la cabida real es *inferior* a la anunciada. Aunque el Artículo 1926 menciona la acción de rebaja del precio, remite a otros artículos (1915 y 1925) que no están incluidos en el contexto, impidiendo así conocer los supuestos que dan lugar a dicha acción en el caso planteado. Las sentencias proporcionadas tampoco abordan esta situación específica.
3.  **CONCLUSIÓN:** Con base únicamente en el contexto recuperado, no es posible determinar los factores que rigen la procedencia de la rebaja del precio, la resolución u otras consecuencias en la venta de un inmueble con una cabida real inferior a la anunciada.",1,
94,¿Qué criterios permiten atribuir carácter esencial a una obligación accesoria a efectos de resolver el contrato por su incumplimiento?,No encontrado en el corpus. El contexto recuperado no contiene información suficiente para responder.,"SILOGISMO JURÍDICO:

1.  **PREMISA MAYOR**: El contexto recuperado distingue entre ""deberes de prestación, deberes primarios u obligaciones nucleares"", que corresponden a los compromisos medulares o esenciales del contrato, y ""deberes secundarios, accesorios o colaterales de conducta"", que se integran al contenido contractual por virtud de la buena fe objetiva (arts. 1603 del C.C. y 871 del C. de Co.). Asimismo, se menciona que el derecho a resolver el contrato surge si el incumplimiento de la contraparte constituye un incumplimiento esencial (Principios UNIDROIT, art. 7.3.1.1).

2.  **PREMISA MENOR**: El contexto proporcionado define y diferencia las obligaciones esenciales (primarias/nucleares) de las accesorias (secundarias/colaterales). Sin embargo, no establece ningún criterio o mecanismo que permita atribuir un carácter esencial a una obligación que, por su naturaleza, ha sido clasificada como accesoria, a efectos de fundamentar la resolución del contrato por su incumplimiento.

3.  **CONCLUSIÓN**: Con base únicamente en el contexto recuperado, no se encuentran criterios que permitan atribuir carácter esencial a una obligación accesoria a efectos de resolver el contrato por su incumplimiento. El contexto se limita a diferenciar entre obligaciones esenciales y accesorias, sin indicar cómo una obligación accesoria podría adquirir tal carácter para la resolución contractual.",1,
95,¿Cómo debe analizarse la responsabilidad de varios codeudores cuando el contrato guarda silencio sobre distribución interna de cargas y uno de ellos paga la totalidad?,No encontrado en el corpus. El contexto recuperado no contiene información suficiente para responder.,"SILOGISMO JURÍDICO:

1.  **PREMISA MAYOR:**
    Según la jurisprudencia, cuando en la producción de un daño o en la asunción de una obligación participan varias personas, se les puede atribuir una responsabilidad *in solidum* o solidaria, lo que permite al acreedor demandar el resarcimiento o el cumplimiento contra todos los responsables o contra cualquiera de ellos. No obstante, la distribución de la indemnización o de la carga económica entre los co-obligados es un asunto que corresponde a su propio resorte una vez recibida o pagada la obligación (Sentencia SC1256_2022).

2.  **PREMISA MENOR:**
    En el escenario donde varios codeudores asumen una obligación y el contrato guarda silencio sobre la distribución interna de las cargas, si uno de ellos paga la totalidad de la deuda, la obligación frente al acreedor se considera satisfecha. Sin embargo, el hecho de que el contrato no especifique la distribución interna no exime a los demás codeudores de su parte de la responsabilidad. Conforme a la jurisprudencia, la distribución de esa carga entre los co-obligados es una cuestión interna que deben resolver entre ellos, lo que implica que el codeudor que pagó la totalidad tiene la facultad de buscar la contribución de los demás, a pesar del silencio contractual sobre dicha distribución.

3.  **CONCLUSIÓN:**
    La responsabilidad de varios codeudores, cuando el contrato guarda silencio sobre la distribución interna de cargas y uno de ellos paga la totalidad, debe analizarse bajo el principio de que, si bien la obligación externa frente al acreedor puede ser solidaria, la distribución de la carga económica entre los codeudores es un asunto interno que les corresponde resolver a ellos, permitiendo al codeudor que pagó la totalidad buscar la contribución de los demás.",1,
96,"Si una cláusula fija un plazo “fatal” para cumplir, pero la conducta del acreedor muestra tolerancia posterior, ¿se entiende renunciado el rigor del término?",No encontrado en el corpus. El contexto recuperado no contiene información suficiente para responder.,"SILOGISMO JURÍDICO:

1.  **PREMISA MAYOR:**
    El contexto recuperado establece que el acreedor puede otorgar un ""periodo de gracia"" al deudor para el cumplimiento de su prestación, lo cual evita consecuencias adversas como la terminación inmediata del contrato, incluso cuando el deudor incurre en mora, permitiendo un lapso adicional antes de la terminación (T-065-15). Estos actos se enmarcan en los principios de autonomía de la voluntad y buena fe que rigen los contratos (T-065-15). Asimismo, se reconoce la existencia de cláusulas resolutorias expresas o de terminación *ipso jure* que operan sin requerir declaración judicial (11001_3103_012_1999_01957_01).

2.  **PREMISA MENOR:**
    El contexto examina la posibilidad de que el acreedor conceda un lapso adicional para el cumplimiento de una obligación, lo que implica una no aplicación inmediata de las consecuencias de la mora o del incumplimiento de un término. La jurisprudencia citada (T-065-15) ilustra cómo, en ciertos casos, la terminación del contrato no se produce tan pronto como el deudor incurre en mora, sino después de un periodo determinado, lo que sugiere que la aplicación estricta de un plazo puede ser modulada por la conducta del acreedor, en línea con los principios de buena fe. Aunque el contexto no aborda directamente la ""renuncia"" al ""rigor de un plazo fatal"" en términos generales, sí describe situaciones donde el acreedor no ejerce de inmediato su derecho a la terminación, otorgando un margen de tiempo.

3.  **CONCLUSIÓN:**
    En virtud de lo anterior, el contexto recuperado sugiere que la conducta del acreedor que concede un lapso adicional para el cumplimiento, como un ""periodo de gracia"", puede implicar una flexibilización de la aplicación inmediata de las consecuencias de un plazo, evitando la terminación contractual tan pronto como se incurre en mora. Esta modulación de los términos se fundamenta en la autonomía de la voluntad y la buena fe, aunque el contexto no califica explícitamente dicha conducta como una ""renuncia"" al rigor del término en un sentido general.",2,
97,"¿Cómo se determina si un contrato innominado debe regirse principalmente por la voluntad de las partes, por analogía legal o por principios generales?","Según el contexto recuperado, los contratos innominados se regulan por las disposiciones de los contratos nominados a los que más se asemejen, o por las normas del tipo contractual que sean las más próximas a su especial naturaleza.

Citas:
*   ""los contratos innominados se regulan por las disposiciones de los contratos nominados a los que más se asemejen”. (SENTENCIA | Sentencias | 05001_3103_016_2002_00007_01_clase_de_actuación_recurso_de_casacion_tipo_de_providencia_sentencia_fe_227854_número_de_pr | página 0)
*   ""el negocio jurídico de que se trata está sometido a las normas de ese tipo contractual, por ser ellas las más próximas a su especial naturaleza"". (SENTENCIA | Sentencias | 05001_3103_016_2002_00007_01_clase_de_actuación_recurso_de_casacion_tipo_de_providencia_sentencia_fe_227854_número_de_pr | página 0)","SILOGISMO JURÍDICO:

1.  **PREMISA MAYOR:**
    En el Derecho Contractual Civil Colombiano, los contratos innominados se regulan por las disposiciones de los contratos nominados a los que más se asemejen, aplicando la analogía legal a las normas más próximas a su especial naturaleza. No obstante, el canon 1618 civil consagra el principio general que irradia toda la labor de interpretación de los contratos, afirmando la prevalencia de la voluntad real de los contratantes, bajo la fórmula: «conocida claramente la intención de los contratantes, debe estarse a ella más que a lo literal de las palabras». Esta prevalencia de la voluntad es una concreción del principio de autonomía de la voluntad, que permite la configuración del contrato, siempre que no contraríe la Constitución, la ley, el orden público, y se sujete a los parámetros éticos de la buena fe.

2.  **PREMISA MENOR:**
    Para determinar el régimen aplicable a un contrato innominado, el contexto establece una distinción funcional. La *regulación* de estos contratos se define principalmente por *analogía legal*, remitiéndose a las normas de los contratos nominados que presenten mayor similitud. Sin embargo, la *interpretación* del contenido y alcance de dicho contrato se rige de manera primordial por la *voluntad real de las partes*. Esta primacía de la voluntad no solo es un elemento subjetivo prevalente, sino que su preeminencia es un *principio general* (Canon 1618 C.C.) que ""irradia"" toda la labor interpretativa. La autonomía de la voluntad, que fundamenta la intención de las partes, está a su vez sujeta a *principios generales* como la buena fe y los límites impuestos por la Constitución, la ley y el orden público. Por lo tanto, la determinación del régimen y la interpretación de un contrato innominado involucran la analogía legal para su regulación, y la voluntad de las partes (como principio general) para su interpretación, siempre dentro del marco de otros principios generales y normas imperativas.

3.  **CONCLUSIÓN:**
    La determinación del régimen de un contrato innominado se establece, en primera instancia, por *analogía legal* con los contratos nominados más semejantes. Sin embargo, la *interpretación* de sus términos y el sentido auténtico del negocio se rigen *principalmente por la voluntad real de las partes*, cuya prevalencia es un *principio general* (Canon 1618 C.C.) que irradia toda la labor interpretativa y es una manifestación de la autonomía de la voluntad, siempre dentro de los límites de otros *principios generales* como la buena fe, la Constitución, la ley y el orden público.",3,
98,"En un contrato con prestaciones periódicas, ¿el incumplimiento de una cuota habilita automáticamente la terminación total del contrato o depende de la gravedad del incumplimiento?","En un contrato con prestaciones periódicas, el incumplimiento de una de las partes relativo a alguna de las prestaciones conferirá derecho a la otra para dar por terminado el contrato, cuando ese incumplimiento le haya ocasionado perjuicios graves o tenga cierta importancia, capaz por sí solo de mermar la confianza de esa parte en la exactitud de la otra para hacer los suministros sucesivos.

Así mismo, el incumplimiento de las obligaciones pactadas por un período de varios meses o en forma repetida o en materias que afecten gravemente a la empresa o a terceros, puede acarrear la terminación del contrato.

Citas:
*   [NORMA | Codigo_Comercio | Ley desconocida | Artículo 973 | codigo_comercio_rag]
*   [SENTENCIA | Corte_Constitucional | SU-1010-08 | página 0]","SILOGISMO JURÍDICO:

1.  **PREMISA MAYOR:**
    El Artículo 973 del Código de Comercio establece que el incumplimiento de una de las partes relativo a alguna de las prestaciones conferirá derecho a la otra para dar por terminado el contrato, *cuando ese incumplimiento le haya ocasionado perjuicios graves o tenga cierta importancia, capaz por sí solo de mermar la confianza de esa parte en la exactitud de la otra para hacer los suministros sucesivos*.
    La jurisprudencia de la Corte Constitucional (SU-1010-08) también señala que el incumplimiento de obligaciones pactadas por un período de varios meses, en forma repetida o en materias que afecten gravemente a la empresa o a terceros, puede acarrear la terminación del contrato. Asimismo, la Corte ha sostenido (T-243-19), a partir del principio de proporcionalidad, que la autoridad solo puede reclamar el incumplimiento del contrato bajo ciertas condiciones, sugiriendo que no es una consecuencia automática.

2.  **PREMISA MENOR:**
    La pregunta se refiere al incumplimiento de una cuota en un contrato con prestaciones periódicas. El contexto recuperado, particularmente el Artículo 973 del Código de Comercio, aborda directamente esta situación al condicionar la terminación del contrato a que el incumplimiento haya causado ""perjuicios graves o tenga cierta importancia"" que afecte la confianza en futuros cumplimientos. Esto implica que no cualquier incumplimiento, por mínimo que sea, habilita automáticamente la terminación. La jurisprudencia de la Corte Constitucional refuerza esta idea al referirse a incumplimientos ""repetidos"" o que afecten ""gravemente"", o al aplicar el principio de proporcionalidad, lo que sugiere una evaluación de la entidad del incumplimiento. Aunque el incumplimiento de cuotas puede dar origen a la acción resolutoria (Sentencia 23001...), la normativa y jurisprudencia citadas no establecen que la falta de una *única* cuota, sin considerar su gravedad, resulte en una terminación automática.

3.  **CONCLUSIÓN:**
    En un contrato con prestaciones periódicas, el incumplimiento de una cuota no habilita automáticamente la terminación total del contrato. Dicha terminación depende de la gravedad o importancia del incumplimiento, es decir, si ha ocasionado perjuicios graves o es lo suficientemente significativo como para mermar la confianza en la exactitud de la otra parte para cumplir con las prestaciones sucesivas.",1,
99,"¿Qué efectos produce la pérdida del documento original del contrato cuando existen copias, correos y actos de ejecución concordantes sobre su existencia?",No encontrado en el corpus. El contexto recuperado no contiene información suficiente para responder.,"SILOGISMO JURÍDICO:

1.  **PREMISA MAYOR:**
    Según el Estatuto General de la Contratación Pública, las entidades estatales tienen la obligación de conservar los originales de los convenios celebrados, y los contratistas deben reservar una primera copia o un segundo ejemplar. En caso de no tener el original, existen mecanismos legales para su obtención, como el derecho de petición o la prueba anticipada de exhibición de documentos (Sentencia 11001_3103_035_2004_00428_01). No obstante, el Código de Procedimiento Civil establece que la falta de documento o de un principio de prueba por escrito para probar obligaciones originadas en contrato o convención, se apreciará por el juez como un indicio grave de la inexistencia del respectivo acto (Art. 232 CPC, citado en Sentencia 73268_3103_002_2000_00121_01). En cuanto a las copias, la jurisprudencia ha determinado que una copia simple o un documento que adolezca de distintas falencias no puede ser aducido como prueba válida de la relación contractual y carece de eficacia demostrativa para acreditar la existencia del contrato (Corte Constitucional T-481-07, Sentencia 54001_3103_004_2004_00206_01).

2.  **PREMISA MENOR:**
    En el escenario de la pérdida del documento original del contrato, la existencia de copias no garantiza por sí misma la prueba de la relación contractual. Si las copias son simples o presentan falencias que impiden su validez, carecerán de eficacia demostrativa y no podrán ser valoradas como prueba de la existencia del contrato. Aunque la situación de no contar con el original puede ser subsanada mediante mecanismos legales para su obtención, como el derecho de petición o la exhibición de documentos, si no se logra la recuperación de un documento con valor probatorio, la falta de este o de un principio de prueba por escrito constituirá un indicio grave de la inexistencia del acto. El contexto recuperado no proporciona información sobre el valor probatorio de ""correos"" o ""actos de ejecución concordantes"" en este escenario específico de pérdida del original y la existencia de copias.

3.  **CONCLUSIÓN:**
    La pérdida del documento original del contrato, cuando existen copias, produce el efecto de que dichas copias, si son simples o adolecen de falencias, carecerán de eficacia demostrativa para probar la existencia del contrato. Aunque existen mecanismos legales para intentar obtener el original o una copia válida (como el derecho de petición o la exhibición de documentos), si no se logra acreditar la existencia del contrato mediante un documento con valor probatorio, la falta de este se considerará un indicio grave de la inexistencia del acto. El contexto recuperado no permite determinar los efectos de la existencia de ""correos"" o ""actos de ejecución concordantes"" en esta situación.",2,
100,"¿Cómo debe valorarse una cláusula que obliga a una parte a renunciar anticipadamente a excepciones, defensas o medios probatorios futuros?",No encontrado en el corpus. El contexto recuperado no contiene información suficiente para responder.,"SILOGISMO JURÍDICO:

1.  **PREMISA MAYOR:** El contexto recuperado aborda temas como el estudio constitucional de cláusulas de exclusión en contratos de seguro, la prescripción como excepción procesal, la conceptualización de obligaciones futuras, la terminación de contratos por cláusula resolutoria expresa y la aplicación de la excepción de contrato no cumplido. Sin embargo, ninguna de las sentencias o fragmentos proporcionados establece una norma o jurisprudencia aplicable que valore o regule específicamente una cláusula contractual que obligue a una parte a renunciar anticipadamente a excepciones, defensas o medios probatorios futuros de manera general.

2.  **PREMISA MENOR:** La pregunta solicita la valoración de una cláusula que impone una renuncia anticipada a excepciones, defensas o medios probatorios futuros. El análisis del contexto revela que, si bien se mencionan excepciones (como la prescripción o la de contrato no cumplido) y cláusulas contractuales (como las de exclusión o resolutorias), no se encuentra ninguna disposición o criterio jurisprudencial que aborde la validez, los límites o la forma en que debe valorarse una estipulación que implique una renuncia tan amplia y anticipada a derechos de defensa procesal o sustancial.

3.  **CONCLUSIÓN:** Con base ÚNICAMENTE en el contexto recuperado, no es posible determinar cómo debe valorarse una cláusula que obliga a una parte a renunciar anticipadamente a excepciones, defensas o medios probatorios futuros, ya que la información proporcionada no contiene los elementos normativos o jurisprudenciales específicos para responder a dicha cuestión.",1,
101,"En un acuerdo de confidencialidad previo al contrato principal, ¿qué ocurre si el contrato definitivo nada dice sobre esa obligación y luego surge disputa por divulgación de información?",No encontrado en el corpus. El contexto recuperado no contiene información suficiente para responder.,"SILOGISMO JURÍDICO:

1.  **PREMISA MAYOR:** La jurisprudencia establece que un contrato preliminar puede dar lugar a obligaciones diferentes, las cuales generan efecto vinculante y deben cumplirse en un todo conforme a lo estipulado. Nada obsta para estipular el cumplimiento anticipado de algunas prestaciones del contrato posterior, y estas obligaciones, aunque distintas, son vinculantes (Sentencia SC2221-2020).

2.  **PREMISA MENOR:** En el escenario planteado, el acuerdo de confidencialidad previo al contrato principal se configura como un contrato preliminar que establece obligaciones específicas de no divulgación. El hecho de que el contrato definitivo no mencione expresamente esta obligación no anula la fuerza vinculante del acuerdo preliminar, ya que las obligaciones pactadas en este último son ""obligaciones diferentes"" que, conforme a la jurisprudencia, ""generan efecto vinculante y deben cumplirse en un todo conforme a lo estipulado"". Por lo tanto, la divulgación de información en contravención de dicho acuerdo preliminar constituiría un incumplimiento de una obligación contractual válida y exigible.

3.  **CONCLUSIÓN:** Si un acuerdo de confidencialidad previo al contrato principal establece obligaciones, estas son vinculantes y exigibles, incluso si el contrato definitivo guarda silencio sobre ellas. En consecuencia, si surge una disputa por la divulgación de información, se podrá reclamar el incumplimiento de las obligaciones pactadas en el acuerdo de confidencialidad preliminar.",1,
102,¿Cómo se resuelve la concurrencia entre responsabilidad contractual y extracontractual cuando el mismo hecho lesivo deriva de la ejecución defectuosa del contrato?,No encontrado en el corpus. El contexto recuperado no contiene información suficiente para responder.,"SILOGISMO JURÍDICO:

1.  **PREMISA MAYOR:** La jurisprudencia colombiana establece una clara distinción entre la responsabilidad contractual y la extracontractual. La responsabilidad contractual surge entre personas que se han ligado voluntariamente y han especificado el contenido de sus compromisos, siendo ""concreta por esencia"" y teniendo como títulos de imputación la buena fe y el equilibrio contractual (C-1008-10, C-333-96). Por su parte, la responsabilidad extracontractual opera entre quienes ha vinculado únicamente el azar, surge del incumplimiento del mandato legal genérico de no causar daño a otro sin que medie pacto alguno, y su regulación se encuentra en el Título XXXIV del Libro Cuarto del Código Civil (C-1008-10, SC5142_2020). La jurisprudencia advierte que es una ""confusión inaceptable"" mezclar o aplicar erróneamente conceptos de un régimen al otro (T-560-05, SU-029-24). Sin embargo, para ciertos casos específicos, como la responsabilidad por servicios profesionales, médica o por daños causados a pasajeros, se reconoce que no son ""subsistemas"" de uno u otro tipo de acción, ya que presentan caracteres que impiden enmarcarlos en un régimen general, por lo que deben resolverse atendiendo a sus particularidades o rasgos distintivos (SC780_2020).

2.  **PREMISA MENOR:** La pregunta aborda la resolución de la concurrencia entre responsabilidad contractual y extracontractual cuando el mismo hecho lesivo deriva de la ejecución defectuosa de un contrato. El contexto recuperado no establece una teoría general para resolver dicha concurrencia (como la opción o la acumulación de acciones). En cambio, enfatiza la necesidad de distinguir ambos regímenes y la problemática de su confusión. No obstante, al reconocer que existen situaciones particulares (como la responsabilidad por servicios profesionales o médica) que no se enmarcan fácilmente en uno u otro régimen general, el contexto sugiere que la resolución en estos escenarios no se rige por una regla de concurrencia preestablecida, sino que exige un análisis que atienda a las ""particularidades o rasgos distintivos"" del caso concreto derivado de la ejecución defectuosa del contrato (SC780_2020).

3.  **CONCLUSIÓN:** El contexto recuperado no proporciona una regla general para resolver la concurrencia entre responsabilidad contractual y extracontractual cuando el mismo hecho lesivo deriva de la ejecución defectuosa de un contrato. Si bien se subraya la distinción entre ambos regímenes y se desaconseja su confusión, para aquellos casos específicos que no se enmarcan claramente en uno u otro tipo de responsabilidad, la resolución debe basarse en las particularidades o rasgos distintivos del evento y la relación jurídica subyacente.",1,
103,"Si una parte incumple un deber secundario de colaboración y ello impide el cumplimiento de la otra, ¿cómo se distribuyen jurídicamente las consecuencias del incumplimiento?",No encontrado en el corpus. El contexto recuperado no contiene información suficiente para responder.,"SILOGISMO JURÍDICO:

1.  **PREMISA MAYOR:**
    Según la jurisprudencia, el incumplimiento de un deber accesorio de colaboración que genera un ""escollo irresoluble"" e ""infranqueable"" para que la otra parte cumpla con sus obligaciones, a pesar de su disposición a hacerlo, implica que la responsabilidad recae sobre la parte que generó dicho obstáculo. Se ha establecido que se requiere de un escollo irresoluble, como cuando el acreedor, sin justificación alguna, repulsa el cumplimiento del deudor, o cuando una parte prohíbe el ingreso impidiendo la ejecución de las reparaciones (Sentencia SC2850_2022). Adicionalmente, el deudor responde por no actuar, o no obrar de manera oportuna y eficaz para evitar la realización del daño, pese a tener el deber legal o convencional de hacerlo (Sentencia SC5142_2020).

2.  **PREMISA MENOR:**
    En el caso planteado, una parte incumple un deber secundario de colaboración, y esta acción u omisión impide directamente el cumplimiento de la otra parte. Esta situación se alinea con la descripción de un ""escollo irresoluble"" o ""infranqueable"" causado por la parte que omite su deber de colaboración, imposibilitando la ejecución de la obligación por parte del otro contratante, quien se ve impedido de cumplir a pesar de su disposición.

3.  **CONCLUSIÓN:**
    Por lo tanto, las consecuencias jurídicas del incumplimiento recaen sobre la parte que incumplió el deber secundario de colaboración, ya que su acción u omisión generó un obstáculo insuperable que impidió el cumplimiento de la otra parte. La parte que fue impedida de cumplir no sería considerada incumplidora en este escenario.",1,
104,¿Qué análisis exige la validez de una cláusula de indemnización predeterminada cuando su cuantía parece desligada del daño razonablemente previsible?,"La Sala considera que no puede adelantar un juicio de constitucionalidad sobre la presunta asimetría entre las garantías de los sistemas de indemnización, incluyendo las indemnizaciones preestablecidas, en razón a que tales garantías supuestamente más desventajosas no se conocen aún, pues están sujetas a una reglamentación por parte del Gobierno que todavía no se ha expedido.

Cita: [SENTENCIA | Corte_Constitucional | C-345-19 | página 0]","SILOGISMO JURÍDICO:

1.  **PREMISA MAYOR:**
    Según la jurisprudencia, la cuantía de la indemnización por incumplimiento contractual está ligada a la previsibilidad de la lesión atribuible al deudor al momento de la celebración del contrato, siendo el conocimiento de las condiciones existentes en ese momento la medida para determinar el resarcimiento dentro de los extremos permitidos (C-1008-10). Para que una obligación sea de carácter contractual, la indemnización debe tener su origen en las previsiones de la convención privada o en el régimen supletivo del derecho de los contratos, es decir, debe ser materia de regulación privada (SC780-2020). Las indemnizaciones preestablecidas buscan valorar el monto del perjuicio con anterioridad a la ocurrencia del daño, eximiendo de la carga de probar la tasación del daño efectivamente provocado, aunque sí debe probarse el daño (C-345-19). El análisis de cláusulas contractuales, como las de exclusión, exige determinar si presentan ambigüedad o generalidad (T-228-25) y valorar la buena fe de las partes y la claridad de la oferta al momento de perfeccionar la relación contractual (T-071-17).

2.  **PREMISA MENOR:**
    Cuando la cuantía de una cláusula de indemnización predeterminada parece desligada del daño razonablemente previsible, se plantea una tensión con el principio de que la medida de la indemnización debe estar atada a los daños previsibles al momento de la celebración del contrato (C-1008-10). Aunque las indemnizaciones preestablecidas eximen de probar el importe exacto del daño (C-345-19), su validez contractual, como materia de regulación privada (SC780-2020), exige que su cuantificación previa y general (C-345-19) no exceda los límites de lo razonablemente previsible por las partes. Por tanto, el análisis debe enfocarse en si la cláusula fue establecida con buena fe y claridad, y si su formulación evita la ambigüedad o generalidad que pudiera resultar en una cuantía desproporcionada o imprevisible, contraviniendo la expectativa de las partes al momento de contratar.

3.  **CONCLUSIÓN:**
    La validez de una cláusula de indemnización predeterminada cuya cuantía parece desligada del daño razonablemente previsible exige un análisis que determine si, a pesar de su naturaleza preestablecida, la cuantificación se ajusta a la previsibilidad de la lesión al momento de la celebración del contrato. Este análisis debe considerar la buena fe y la claridad en la formulación de la cláusula, evaluando si su ambigüedad o generalidad conduce a una indemnización que excede lo que razonablemente pudo ser previsto y regulado privadamente por las partes.",1,
105,"¿Cómo deben interpretarse las expresiones “a la mayor brevedad”, “oportunamente” o “tan pronto como sea posible” en obligaciones contractuales cuyo tiempo de cumplimiento es controvertido?","En obligaciones contractuales cuyo tiempo de cumplimiento es controvertido, expresiones como ""lo más expedita y eficazmente posible"" imponen una obligación de proceder de esa manera con miras a lograr el objetivo. Además, el sentido común enseña que se requieren ""tiempos mínimos o prudenciales para culminar una determinada relación"", y la extensión de dicho término se ata a los periodos de cumplimiento de las obligaciones.

Citas:
*   ""Este impone así una obligación de proceder lo más expedita y eficazmente posible con miras a lograr ese objetivo."" [SENTENCIA | Corte_Constitucional | C-444-09 | página 0]
*   ""El sentido común enseña que se requieren tiempos mínimos o prudenciales para culminar una determinada relación; por ejemplo, para poder verificar y finiquitar los análisis contables, los estudios de créditos, los periodos de prueba en asuntos laborales, el otorgamiento de garantías; la cesación del arrendamiento o su no prórroga, etc."" [SENTENCIA | Sentencias | sc3675_2021_clase_de_actuación_recurso_de_casación_tipo_de_providencia_sentencia_fecha_25_08_2021_po_741824_número_de_pr | página 0]
*   ""En ocasion mas reciente, la Sala ató la extensión de dicho término a los periodos de cumplimiento de las obligaciones."" [SENTENCIA | Sentencias | sc3675_2021_clase_de_actuación_recurso_de_casación_tipo_de_providencia_sentencia_fecha_25_08_2021_po_741824_número_de_pr | página 0]","BORRADOR DE RESPUESTA: SILOGISMO JURÍDICO:

1.  **PREMISA MAYOR:** El contexto recuperado señala que, cuando la convención bilateral no indica un orden de ejecución, las obligaciones recíprocas deben ejecutarse simultáneamente (SC3666-2021). Asimismo, la Corte ha indicado que ""el sentido común enseña que se requieren tiempos mínimos o prudenciales para culminar una determinada relación"", atando la extensión de dicho término a los periodos de cumplimiento de las obligaciones (SC3675-2021).
2.  **PREMISA MENOR:** Sin embargo, el contexto proporcionado no contiene una definición, interpretación o aplicación explícita de las expresiones contractuales específicas ""a la mayor brevedad"", ""oportunamente"" o ""tan pronto como sea posible"" en el marco de obligaciones contractuales cuyo tiempo de cumplimiento es controvertido.
3.  **CONCLUSIÓN:** Basándose únicamente en el contexto recuperado, no es posible determinar cómo deben interpretarse específicamente las expresiones ""a la mayor brevedad"", ""oportunamente"" o ""tan pronto como sea posible"" en obligaciones contractuales.",2,
106,"En un contrato de permuta, ¿qué diferencias analíticas surgen frente a la compraventa para evaluar saneamiento, riesgo y prestaciones equivalentes?","En un contrato de permuta, las diferencias analíticas que surgen frente a la compraventa para evaluar saneamiento, riesgo y prestaciones equivalentes, según el contexto, son las siguientes:

*   **Saneamiento y Riesgo**:
    El contexto recuperado no contiene información suficiente para responder sobre diferencias analíticas en la evaluación de saneamiento y riesgo entre el contrato de permuta y el de compraventa.

*   **Prestaciones Equivalentes**:
    En el contrato de permuta, las partes se obligan a dar una cosa a cambio de otra, y por tanto, el pago no se canaliza a través de recursos monetarios, ya que se intercambian directamente bienes y, en principio, la transacción económica no requiere de la mediación de dinero. Por lo general, las prestaciones no tienen un contenido dinerario.
    Sin embargo, excepcionalmente, la permuta se reputa como compraventa cuando una de las partes cumple su obligación entregando bienes y dinero, si este último representa el mismo valor que el del bien entregado. Asimismo, cuando existe un pago parcial en dinero por la diferencia en el valor de los bienes, y este sobrepasa el 50% del valor de uno de los dos bienes, el contrato de permuta se asimila al de compraventa.

    **Citas**:
    *   ""[SENTENCIA | Corte_Constitucional | C-308-17 | página 0] En primer lugar, con respecto a la permuta, se sostiene que, en principio, este tipo contractual no puede ser utilizado para obtener el beneficio tributario previsto en el precepto demandado, toda vez que en éste las partes se obligan a dar una cosa a cambio de otra, y por tanto, el pago no se canaliza a través de recursos monetarios como los provenientes de los aportes a los fondos voluntarios de pensiones. Excepcionalmente, sin embargo, la permuta se reputa como compra venta cuando una de las partes cumple su obligación entregando bienes y dinero, si este último representa el mismo valor que el del bien entregado.""
    *   ""[SENTENCIA | Corte_Constitucional | C-308-17 | página 0] ...o son inconsistentes con el tipo de beneficio que se pretende, como ocurre con el contrato de permuta, pues en éste se intercambian directamente bienes, y en principio la transacción económica no requiere de la mediación de dinero, y en todo caso, cuando existe un pago parcial en dinero por la diferencia en el valor de los bienes, y éste sobrepasa el 50% del valor de uno de los dos bienes, el contrato de permuta se asimila al de compraventa.""
    *   ""[SENTENCIA | Corte_Constitucional | C-308-17 | página 0] ...y en este último contrato [permuta], por lo general las prestaciones no tienen un contenido dinerario.""","SILOGISMO JURÍDICO:

1.  **PREMISA MAYOR:**
    La jurisprudencia colombiana establece que, si bien tanto el contrato de compraventa como el de permuta constituyen títulos traslaticios de dominio y la legislación previó para ambos ""en forma específica sus consecuencias"", existen diferencias relevantes entre ellos. La distinción principal radica en que, en el contrato de permuta, las partes se obligan a dar una cosa a cambio de otra, lo que implica que el pago no se canaliza a través de recursos monetarios, sino que se intercambian directamente bienes. Por lo general, las prestaciones en la permuta no tienen un contenido dinerario, a diferencia de la compraventa, donde el precio es monetario y genera consideraciones específicas sobre la inversión y la exposición a la inflación. No obstante, la permuta puede asimilarse a la compraventa excepcionalmente cuando una de las partes cumple su obligación entregando bienes y dinero, si este último representa el mismo valor que el bien entregado, o si el pago parcial en dinero por la diferencia en el valor de los bienes sobrepasa el 50% del valor de uno de los dos bienes. (Corte Constitucional C-308-17, C-236-14; Sentencia 11001_3103_001_1985_00134_01).

2.  **PREMISA MENOR:**
    Analizando la pregunta sobre las diferencias analíticas en saneamiento, riesgo y prestaciones equivalentes en un contrato de permuta frente a la compraventa, el contexto recuperado enfatiza que la distinción fundamental entre ambos contratos reside en la naturaleza de las prestaciones. En la permuta, las ""prestaciones equivalentes"" se configuran por el intercambio directo de bienes, sin la mediación de dinero, lo que contrasta con la compraventa, donde la prestación del comprador es un precio monetario. Esta diferencia en la naturaleza de la contraprestación es relevante, ya que la compraventa implica una dinámica de mercado y riesgos inflacionarios asociados al dinero que no se presentan de la misma forma en la permuta pura. Respecto al saneamiento y el riesgo, el contexto únicamente señala que la legislación colombiana previó ""en forma específica sus consecuencias"" tanto para la compraventa como para la permuta, sin detallar las diferencias analíticas específicas en la aplicación de estas consecuencias para cada tipo contractual.

3.  **CONCLUSIÓN:**
    En un contrato de permuta, la principal diferencia analítica frente a la compraventa, en lo que respecta a las prestaciones equivalentes, es que en la permuta estas consisten en el intercambio directo de bienes, sin un contenido dinerario predominante, mientras que en la compraventa la contraprestación es un precio monetario. En cuanto al saneamiento y el riesgo, el contexto recuperado indica que la legislación colombiana previó ""en forma específica sus consecuencias"" para ambos contratos, pero no detalla las diferencias analíticas específicas en estos aspectos entre la permuta y la compraventa.",2,
107,¿Qué efectos tiene la imposibilidad parcial sobreviniente en contratos sinalagmáticos cuando la prestación restante conserva utilidad para el acreedor?,No encontrado en el corpus. El contexto recuperado no contiene información suficiente para responder.,"SILOGISMO JURÍDICO:

1.  **PREMISA MAYOR:**
    Los contratos sinalagmáticos se caracterizan por la simetría, reciprocidad y correlación de las obligaciones, exigiendo un equilibrio contractual y, generalmente, el cumplimiento simultáneo de las prestaciones (SC3674_2021, T-537-09, 11001_3103_026_2000). En estos contratos, la condición resolutoria se entiende implícita para el caso de incumplimiento de una de las partes, facultando a la parte cumplida a elegir entre compeler a la otra al cumplimiento de la convención (si es posible) o demandar su resolución, con abono de daños y perjuicios (SC3674_2021). Asimismo, se reconoce el derecho a que se respete el carácter sinalagmático del contrato cuando hechos imprevistos o de suficiente identidad, como la fuerza mayor o factores exógenos imprevisibles, afectan la igualdad de las prestaciones y el equilibrio contractual (C-892-01).

2.  **PREMISA MENOR:**
    La pregunta indaga sobre los efectos de la imposibilidad parcial sobreviniente en contratos sinalagmáticos cuando la prestación restante conserva utilidad para el acreedor. Si bien el contexto recuperado aborda la afectación del equilibrio contractual por causas exógenas o hechos imprevistos que pueden incluir la fuerza mayor (SC3674_2021, C-892-01), y establece que la parte afectada tiene derecho a que se respete el carácter sinalagmático del contrato, la información proporcionada no detalla las consecuencias jurídicas específicas para el escenario de una *imposibilidad parcial sobreviniente* ni cómo se maneja la situación cuando la *prestación restante conserva utilidad* para el acreedor. El contexto se enfoca en las opciones generales de cumplimiento o resolución ante el incumplimiento o la afectación general del equilibrio, sin especificar el tratamiento de la parcialidad de la imposibilidad y la utilidad residual.

3.  **CONCLUSIÓN:**
    Basándose únicamente en el contexto recuperado, no es posible determinar los efectos específicos de la imposibilidad parcial sobreviniente en contratos sinalagmáticos cuando la prestación restante conserva utilidad para el acreedor. El contexto establece la importancia del equilibrio y la reciprocidad en estos contratos y las opciones generales ante el incumplimiento o la afectación del equilibrio por causas exógenas, pero no profundiza en el tratamiento particular de la imposibilidad parcial con utilidad residual.",1,
108,"¿Cómo debe calificarse el incumplimiento cuando el deudor ejecuta exactamente lo pactado, pero de manera contraria a la finalidad práctica conocida por ambas partes?","Cuando el deudor ejecuta exactamente lo pactado, pero de manera contraria a la finalidad práctica conocida por ambas partes, y la obligación es de resultado, el incumplimiento se califica porque ""solo habrá cumplimiento si el acreedor obtiene el logro o propósito concreto en el que fundó sus expectativas"". En este tipo de obligación, el comportamiento del deudor ""siempre estará enderezado a la realización del interés del acreedor"".

Cita: [SENTENCIA | Corte_Constitucional | SU-029-24 | página 0]","SILOGISMO JURÍDICO:

1.  **PREMISA MAYOR:**
    El contexto recuperado define el incumplimiento como ""una situación antijurídica o contraria a derecho, que se presenta cuando el deudor se aparta u obra de manera distinta de lo que constituiría su proceder debido, implicado en la obligación a su cargo"" (SC1043_2021). Asimismo, se establece que el comportamiento del deudor siempre estará enderezado a la realización del interés del acreedor (SU-029-24). En las obligaciones de resultado, el cumplimiento solo se configura si el acreedor obtiene el logro o propósito concreto en el que fundó sus expectativas; mientras que, en las de medio, el deudor cumple desplegando la actividad esperada, aun cuando no se obtenga el resultado o fin práctico perseguido (SU-029-24). La satisfacción de la finalidad para la cual se contrató un servicio es un factor determinante para no reprochar inobservancia a las obligaciones (SC1043_2021).

2.  **PREMISA MENOR:**
    En el caso planteado, el deudor ejecuta ""exactamente lo pactado"", lo que podría interpretarse como la realización de la actividad o conducta formalmente acordada. No obstante, esta ejecución se realiza ""de manera contraria a la finalidad práctica conocida por ambas partes"". Esto significa que, a pesar de la observancia literal de la prestación, el propósito o interés concreto del acreedor, que era un elemento conocido y compartido en la relación contractual, no solo no se satisface, sino que se frustra. Si la obligación es de resultado, la no obtención de este propósito concreto implica directamente el incumplimiento. Incluso si se tratara de una obligación de medio, si la ejecución, aunque literal, es ""contraria"" a la finalidad práctica conocida, se estaría obrando de manera distinta al ""proceder debido"" que busca la realización del interés del acreedor.

3.  **CONCLUSIÓN:**
    Por lo tanto, el incumplimiento debe calificarse como una forma de **incumplimiento contractual**, ya que la ejecución de lo pactado de manera contraria a la finalidad práctica conocida por ambas partes implica que el deudor no satisface el interés del acreedor ni el propósito concreto de la obligación, lo cual se aparta del ""proceder debido"" y de la esencia del cumplimiento, especialmente en las obligaciones de resultado.",1,
109,"Si un contrato fue firmado en blanco y luego completado por una de las partes, ¿qué hechos y reglas son decisivos para determinar abuso del llenado o conformidad tácita?","Para determinar el abuso del llenado o la conformidad tácita de un contrato firmado en blanco, el contexto recuperado establece que el abuso del derecho ""puede presentarse en la formación del contrato"" (SENTENCIA | Sentencias | 11001_3103_012_1999_01957_01).

Asimismo, para establecer si hubo un fin desleal, son determinantes ""las circunstancias en las cuales se configura la culminación del pacto"" y es indispensable ""auscultar «las circunstancias en que se realiza»"" (SENTENCIA | Sentencias | sc575_2022_clase_de_actuación_recurso_de_casación_tipo_de_providencia_sentencia_fecha_04_04_2022_pon_764568_número_de_pr).

Una contradicción ""en torno al momento en que se originó la relación contractual y a la fecha en que ésta se terminó"" podría incluso dar lugar a la configuración del delito de falsedad en documento privado, en los términos del artículo 289 del Código Penal (SENTENCIA | Corte_Constitucional | T-481-07).","SILOGISMO JURÍDICO:

1.  **PREMISA MAYOR:** El principio del abuso del derecho tiene cabida en la formación de los contratos, en armonía con el artículo 95 de la Constitución Política que obliga a todas las personas a respetar los derechos ajenos y no abusar de los propios. Para establecer si hubo un fin desleal o no, es indispensable auscultar ""las circunstancias en que se realiza"" el acto. Un acto puede considerarse idóneo para aplicar una presunción de abuso si es sorpresivo, sin razón valedera, e inopinado (sin requerimiento previo para explicaciones). Además, los cánones hermenéuticos de la *lex contractus* comportan el análisis sistemático e integral de sus cláusulas, dándole a cada una el sentido que mejor convenga al contrato en su totalidad (Art. 1622 C.C.). Contradicciones evidentes en aspectos determinantes de la relación contractual, como su origen o terminación, podrían incluso dar lugar a la configuración del delito de falsedad en documento privado.

2.  **PREMISA MENOR:** En el caso de un contrato firmado en blanco y posteriormente completado por una de las partes, la determinación de abuso en el llenado o conformidad tácita se centra en las circunstancias que rodearon tanto la firma inicial como el posterior diligenciamiento. Se debe analizar si la parte que completó el documento actuó con un fin desleal, de manera sorpresiva, sin una razón valedera que justificara el contenido, o sin una comunicación previa que permitiera a la otra parte entender o consentir el llenado. La conformidad tácita, por el contrario, se inferiría si el llenado se ajustó a la voluntad o a los acuerdos previos de las partes, o si la parte que firmó en blanco aceptó posteriormente el contenido sin objeciones. Cualquier llenado que genere una contradicción con la voluntad original o los hechos acordados, o que desvirtúe la naturaleza orgánica y unitaria del contrato, sería un indicio de abuso.

3.  **CONCLUSIÓN:** Para determinar si hubo abuso en el llenado de un contrato firmado en blanco o conformidad tácita, los hechos y reglas decisivos son: 1) la evaluación de las circunstancias específicas en que se realizó el llenado para establecer la intención y la existencia de un fin desleal; 2) la verificación de si el llenado fue sorpresivo, sin razón valedera o inopinado respecto a los acuerdos o expectativas de la otra parte; 3) la interpretación integral y sistemática del contenido diligenciado en relación con la totalidad del contrato y la voluntad original de las partes (Art. 1622 C.C.); y 4) la ausencia de contradicciones que puedan dar lugar a la configuración de falsedad en documento privado, lo cual indicaría un llenado abusivo.",1,
110,¿Cómo se analiza la prueba del consentimiento en contratos celebrados mediante mensajes instantáneos cuando no existe firma manuscrita ni firma digital certificada?,"Al valorar la fuerza probatoria de un mensaje de datos, se debe tener presente la confiabilidad de la forma en la que se haya generado, archivado o comunicado el mensaje, la confiabilidad de la forma en que se haya conservado la integridad de la información, la forma en la que se identifique a su iniciador y cualquier otro factor pertinente (artículo 11) (Corte Constitucional, C-622 del 8 de junio de 2000).

[SENTENCIA | Sentencias | sc5185_2021_clase_de_actuación_recurso_de_casación_tipo_de_providencia_sentencia_fecha_26_11_2021_po_751932_número_de_pr | página 0]","SILOGISMO JURÍDICO:

1.  **PREMISA MAYOR:**
    Según la jurisprudencia de la Corte Constitucional y la Corte Suprema de Justicia, la naturaleza consensual de ciertos contratos no exige que consten por escrito; sin embargo, si se pretende demostrar su existencia a través de una prueba documental, esta debe brindar absoluta certeza, y de no ser así, el actor debe acudir a otros medios probatorios (Corte Constitucional, T-481-07). Para valorar la fuerza probatoria de un mensaje de datos, como los mensajes instantáneos, se debe tener en cuenta la confiabilidad de la forma en que se haya generado, archivado o comunicado el mensaje, la confiabilidad de la forma en que se haya conservado la integridad de la información, la forma en que se identifique a su iniciador y cualquier otro factor pertinente (Corte Constitucional, C-622 de 2000, citado en Sentencia SC5185-2021). La carga de la prueba recae en el extremo demandante (Sentencia SC963-2022), y nadie puede crearse su propia prueba, siendo que una manifestación en beneficio de quien la hace no favorece a la otra parte (Sentencia SC3675-2021). En ausencia de prueba documental directa o cuando esta es cuestionable, la prueba indiciaria o por presunciones puede ser idónea para demostrar la realidad de un negocio (Sentencia SC3598-2020).

2.  **PREMISA MENOR:**
    En el caso de contratos celebrados mediante mensajes instantáneos donde no existe firma manuscrita ni firma digital certificada, la prueba del consentimiento no se desvirtúa automáticamente por la ausencia de estas formalidades, dada la naturaleza consensual de muchos contratos. Sin embargo, para que los mensajes instantáneos sirvan como prueba documental del consentimiento, deben ser valorados como ""mensajes de datos"" conforme a los criterios establecidos. Esto implica analizar rigurosamente la fiabilidad del proceso de creación, almacenamiento y comunicación de los mensajes, la integridad del contenido para asegurar que no ha sido alterado, y la identificación inequívoca de las partes como los ""iniciadores"" de dichos mensajes, es decir, que realmente fueron ellos quienes expresaron su voluntad. La ausencia de una firma formal requerirá que la certeza del consentimiento se derive de la valoración conjunta de estos factores y, si es necesario, de otros medios probatorios o indicios que corroboren la manifestación de voluntad y la existencia del acuerdo, ya que el simple dicho o un documento no firmado y negado por la contraparte no es suficiente para establecer la prueba.

3.  **CONCLUSIÓN:**
    El consentimiento en contratos celebrados mediante mensajes instantáneos sin firma manuscrita o digital certificada se analiza valorando la fuerza probatoria del ""mensaje de datos"" en sí mismo. Para ello, se debe determinar la confiabilidad de su generación, archivo, comunicación, la integridad de la información y la identificación del iniciador. La ausencia de una firma formal no impide la prueba del consentimiento en contratos consensuales, pero exige que la parte que alega el contrato demuestre, mediante una valoración probatoria conjunta y rigurosa de los mensajes y otros posibles indicios, la certeza de la manifestación de voluntad y la existencia del acuerdo.",1,
111,¿Qué criterios permiten imputar a una parte el conocimiento de anexos o reglamentos externos mencionados por referencia en el contrato principal?,"Los criterios que permiten imputar a una parte el conocimiento de anexos o reglamentos externos mencionados por referencia en el contrato principal, según el contexto recuperado, son:

1.  **Si la violación de una norma de carácter imperativo era conocida o debió haber sido conocida por una o ambas partes.** Este criterio se utiliza para determinar la razonabilidad de los remedios contractuales.
    *   [SENTENCIA | Corte_Constitucional | C-207-19 | página 0] ARTÍCULO 3.3.1 (3) (e)
2.  **Cuando se trata de pautas públicas que fijan directrices generales en un mercado regulado, las cuales no pueden ser desconocidas por los agentes y demás sujetos autorizados para intervenir en dicho mercado.**
    *   [SENTENCIA | Sentencias | sc5141_2020_clase_de_actuación_recurso_de_casación_tipo_de_providencia_sentencia_fecha_16_12_2020_po_717717_número_de_pr | página 0]
3.  **El deber de información, que se exige en mayor grado al contratante que por sus calidades tiene el conocimiento de las circunstancias relevantes del acto jurídico, relacionadas con el alcance de las obligaciones, efectos y riesgos asumidos, y tiene el deber de transmitírsela a la otra parte.**
    *   [SENTENCIA | Sentencias | sc5430_2021_clase_de_actuación_recurso_de_casación_tipo_de_providencia_sentencia_fecha_07_12_2021_po_752896_número_de_pr | página 0]","SILOGISMO JURÍDICO:

1.  **PREMISA MAYOR:**
    Los criterios para determinar el conocimiento de las partes en el ámbito contractual, incluyendo la imputación de conocimiento sobre documentos externos, se fundamentan en los siguientes principios y reglas:
    *   La razonabilidad de los remedios contractuales, especialmente en casos de violación de normas imperativas, considera si la violación ""era conocida o debió haber sido conocida por una o ambas partes"" (Corte Constitucional, C-207-19, Art. 3.3.1 (3)(e)). Este criterio implica un estándar de diligencia esperable.
    *   Las pautas públicas o actos administrativos de contenido general, como los manuales de contratación o pliegos de condiciones, ""no pueden ser desconocidas"" por los agentes que intervienen en un mercado regulado o en la gestión contractual, dada su naturaleza y sometimiento a la Constitución y las leyes (Sentencia SC5141-2020; Corte Constitucional, C-119-20).
    *   Existe un ""deber de información"" que se exige en mayor grado al contratante que, por sus calidades, posee conocimiento de las circunstancias relevantes del acto jurídico (el ""deudor informado""), debiendo transmitirla de forma completa, veraz y oportuna a la otra parte que carece de ella (el ""acreedor"" profano) (Sentencia SC5430-2021).

2.  **PREMISA MENOR:**
    La pregunta busca establecer los criterios para imputar a una parte el conocimiento de anexos o reglamentos externos que son mencionados por referencia en un contrato principal. El contexto recuperado no establece una imputación automática, sino que la supedita a la evaluación de la diligencia de las partes, la naturaleza pública o general del documento externo y la existencia de deberes de información específicos. Así, el conocimiento se imputa si la parte lo conocía o debía conocerlo razonablemente, si el documento es de carácter público o general y, en relaciones asimétricas, si la parte con mayor conocimiento cumplió su deber de informar.

3.  **CONCLUSIÓN:**
    Los criterios que permiten imputar a una parte el conocimiento de anexos o reglamentos externos mencionados por referencia en el contrato principal son:
    1.  **Si la información contenida en dichos anexos o reglamentos era conocida o debió haber sido conocida por la parte**, evaluando la razonabilidad de esta expectativa según las circunstancias.
    2.  **Si los anexos o reglamentos corresponden a pautas públicas o actos administrativos de contenido general** (como manuales de contratación o pliegos de condiciones) que, por su naturaleza, no pueden ser desconocidos por los agentes que actúan en el respectivo ámbito.
    3.  **El cumplimiento del deber de información por parte del contratante que posee un conocimiento superior** sobre las circunstancias relevantes del acto jurídico, respecto de la otra parte que carece de dicha información.",1,
112,"En un contrato de opción, ¿qué requisitos permiten diferenciar una verdadera opción irrevocable de una simple invitación a contratar futura?",No encontrado en el corpus. El contexto recuperado no contiene información suficiente para responder.,"**SILOGISMO JURÍDICO:**

1.  **PREMISA MAYOR:** El contexto recuperado establece que el contrato de promesa, como contrato preparatorio, principal y solemne, tiene como finalidad asegurar la celebración de otro contrato posterior. Para su configuración, la ley exige la presencia de todos sus elementos y una temporalidad consubstancial, que debe ser racional y breve, circunscrita exclusivamente a disponer el contrato futuro, pues repugna a su esencia que pueda ser ilimitada o vaga, impidiendo que las partes permanezcan perpetuamente vinculadas (SC 2221 de 2020). Adicionalmente, para que un acuerdo sea considerado único y total, prevaleciendo sobre negociaciones previas, cualquier modificación debe constar por escrito, reputándose inexistente sin dicha formalidad (SC 2218 de 2021).

2.  **PREMISA MENOR:** Aunque el contexto no define directamente ""contrato de opción irrevocable"" ni ""invitación a contratar futura"", las características exigidas para un contrato de promesa (que es un acuerdo preparatorio vinculante similar en su función a una opción) permiten establecer los requisitos diferenciadores. Una verdadera opción irrevocable, al ser un compromiso contractual vinculante para la celebración de un negocio futuro, debe manifestar la solemnidad y la forma escrita, contener de manera clara y completa todos los elementos esenciales del contrato definitivo que se busca asegurar, y establecer un plazo definido, racional y breve para su ejercicio, sin que pueda ser indeterminada en el tiempo. Una simple invitación a contratar, en contraste, carecería de la solemnidad, la completitud de los elementos esenciales del contrato futuro y la temporalidad definida y vinculante que caracterizan a un acuerdo preparatorio.

3.  **CONCLUSIÓN:** Para diferenciar una verdadera opción irrevocable de una simple invitación a contratar futura, la opción irrevocable debe cumplir con los siguientes requisitos, inferidos de las características de un contrato preparatorio vinculante: ser un acuerdo solemne y formal (idealmente por escrito), que contenga todos los elementos esenciales del contrato futuro que se pretende celebrar, y que establezca un plazo definido, racional y breve para su ejercicio, sin que pueda ser ilimitada o vaga. La ausencia de estas condiciones la convertiría en una mera invitación o negociación preliminar sin fuerza vinculante.",1,
113,¿Cómo se determina si la entrega anticipada de un bien antes del perfeccionamiento formal del contrato configura mera tenencia provisional o ejecución anticipada del negocio?,"En el marco de una promesa de compraventa, la entrega anticipada de la tenencia o posesión de un bien puede acordarse de forma clara, expresa e inequívoca mediante un pacto agregado (SENTENCIA | Sentencias | sc2221_2020 | página 0).

No obstante, el contrato preliminar o promesa de contrato ""carece de eficacia real, esto es, no envuelve hipótesis de adquisición originaria o derivativa, traslaticia o constitutiva del derecho real de dominio"" (SENTENCIA | Sentencias | 25269_3103_002_2005_00199_01 | página 0).

Además, si la posesión fue entregada mediante la promesa de compraventa y el precontrato es declarado nulo, dicha posesión ""trae consigo su mutación en tenencia o nomine alieno, cuando el poseedor solicita el derecho de retención y le es reconocido"", lo que implica que el dominio de lo retenido corresponde al dueño del suelo (SENTENCIA | Sentencias | sc10152_2016 | página 0).

Las partes también pueden pactar anticipadamente el reconocimiento de frutos por la tenencia anticipada del bien en la promesa de contrato o en cualquier otro acto (SENTENCIA | Sentencias | sc11287_2016 | página 0).

Por lo tanto, la entrega anticipada de un bien en el contexto de un contrato preliminar, aunque pueda ser de ""tenencia o posesión"" por acuerdo expreso, no configura la transferencia del derecho real de dominio, y en caso de nulidad del precontrato, puede mutar a mera tenencia provisional.","SILOGISMO JURÍDICO:

1.  **PREMISA MAYOR:** Según la jurisprudencia, el contrato de promesa de compraventa genera esencialmente la obligación de celebrar un contrato futuro, posterior y definitivo, careciendo de eficacia real y no envolviendo la adquisición o transferencia del derecho real de dominio. No obstante, las partes pueden acordar de forma clara, expresa e inequívoca, mediante un pacto agregado a la promesa, el cumplimiento anticipado del precio o la entrega de la tenencia o posesión del bien. Sin embargo, si mediante la promesa de compraventa fue entregada la posesión y el precontrato es declarado nulo, dicha posesión muta en tenencia o *nomine alieno* (Sentencias sc2221_2020, 25269_3103_002_2005_00199_01, sc11287_2016, sc10152_2016).

2.  **PREMISA MENOR:** La pregunta indaga sobre cómo se determina si la entrega anticipada de un bien antes del perfeccionamiento formal del contrato configura mera tenencia provisional o ejecución anticipada del negocio. El contexto establece que, aunque las partes pueden pactar la entrega anticipada de la tenencia o posesión en la promesa, el contrato preliminar no tiene eficacia real ni transfiere el dominio. La posibilidad de que una posesión entregada mute a tenencia en caso de nulidad del precontrato subraya la naturaleza provisional de dicha entrega en el marco de la promesa, que no equivale a la ejecución del contrato definitivo en cuanto a la transferencia de dominio.

3.  **CONCLUSIÓN:** La entrega anticipada de un bien antes del perfeccionamiento formal del contrato se determina por el pacto claro, expreso e inequívoco de las partes en la promesa de contrato. Sin embargo, esta entrega, ya sea de tenencia o posesión, no configura una ejecución anticipada del negocio en el sentido de transferencia del derecho real de dominio, dado que el contrato de promesa carece de eficacia real. Su naturaleza es provisional y, en caso de nulidad del precontrato, la posesión entregada muta a mera tenencia o *nomine alieno*.",1,
114,"Si una parte formula reservas al momento de recibir la prestación pero continúa ejecutando el contrato, ¿cómo incide ello sobre su posterior acción resolutoria o indemnizatoria?",No encontrado en el corpus. El contexto recuperado no contiene información suficiente para responder.,"SILOGISMO JURÍDICO:

1.  **PREMISA MAYOR:** El contexto recuperado establece que en los contratos bilaterales va envuelta la condición resolutoria en caso de no cumplirse por uno de los contratantes lo pactado, permitiendo al otro pedir a su arbitrio la resolución o el cumplimiento del contrato con indemnización de perjuicios (Artículo 1546 del Código Civil, según Sentencia T-196-07). Asimismo, se indica que las acciones de cumplimiento y resolución son alternativas y que el hecho de implorar el cumplimiento no clausura la oportunidad para solicitar la resolución (Sentencia SC11287_2016). Sin embargo, el contexto no contiene ninguna norma o jurisprudencia que aborde específicamente la situación de formular reservas al momento de recibir una prestación mientras se continúa ejecutando el contrato.

2.  **PREMISA MENOR:** La pregunta solicita determinar cómo incide la formulación de reservas al momento de recibir una prestación, mientras se continúa ejecutando el contrato, sobre una posterior acción resolutoria o indemnizatoria. El contexto proporcionado no ofrece elementos jurídicos, principios o análisis jurisprudenciales que traten directamente las consecuencias de esta conducta particular (formular reservas y continuar la ejecución) en relación con la procedencia o el éxito de acciones de resolución o indemnización por incumplimiento contractual.

3.  **CONCLUSIÓN:** Basándose *únicamente* en el contexto recuperado, no es posible determinar cómo la formulación de reservas al momento de recibir la prestación, pero continuando la ejecución del contrato, incide sobre una posterior acción resolutoria o indemnizatoria.",1,
115,¿Qué tratamiento jurídico merece una cláusula que impone al deudor la carga de probar su ausencia de culpa en cualquier supuesto de incumplimiento?,"En materia de responsabilidad civil contractual, por regla general, se presume la culpa del deudor incumplido (SENTENCIA | Corte_Constitucional | T-901-02 | página 0; SENTENCIA | Corte_Constitucional | C-1008-10 | página 0).

Para exonerarse de responsabilidad, el deudor puede destruir esa presunción probando que su incumplimiento obedeció a fuerza mayor o caso fortuito que sobrevino sin culpa, y que empleó la diligencia o cuidado debido para hacer posible la ejecución de su obligación (SENTENCIA | Sentencias | sc5176_2020_clase_de_actuación_recurso_de_casación_tipo_de_providencia_sentencia_fecha_18_12_2020_po_718493_número_de_pr | página 0). En el caso de una obligación de resultado, el deudor solo puede exonerarse si demuestra la presencia de causa extraña (fuerza mayor, caso fortuito, hecho o culpa de la víctima o el hecho de un tercero) (SENTENCIA | Corte_Constitucional | SU-029-24 | página 0).

Además, las partes ""pueden alterar libremente las regulaciones legales respecto de ella [la culpa]"" (SENTENCIA | Corte_Constitucional | C-1008-10 | página 0).

Por lo tanto, una cláusula que impone al deudor la carga de probar su ausencia de culpa en cualquier supuesto de incumplimiento se alinea con la presunción general de culpa en el incumplimiento contractual y la posibilidad de las partes de alterar libremente las regulaciones legales sobre la culpa.","SILOGISMO JURÍDICO:

1.  **PREMISA MAYOR:** En el Derecho Contractual Civil Colombiano, la culpa del deudor incumplido se presume por regla general en la responsabilidad civil contractual. El acreedor solo está obligado a demostrar la existencia de la obligación y que el deudor no la pagó en el tiempo debido. Para que el deudor se exonere de responsabilidad, no le basta probar el caso fortuito, sino también que empleó la diligencia o cuidado debido para hacer posible la ejecución de su obligación, o la presencia de una causa extraña (fuerza mayor, caso fortuito, hecho o culpa de la víctima o de un tercero). Adicionalmente, las partes pueden alterar libremente las regulaciones legales respecto de la culpa, pudiendo incluso el deudor obligarse expresamente a indemnizar cualquier daño generado por su incumplimiento, aunque haya sido sin culpa.

2.  **PREMISA MENOR:** La cláusula contractual que impone al deudor la carga de probar su ausencia de culpa en cualquier supuesto de incumplimiento se alinea con la presunción general de culpa que recae sobre el deudor en caso de incumplimiento contractual. Además, esta estipulación representa un ejercicio válido de la autonomía de la voluntad de las partes, quienes tienen la facultad de alterar libremente las regulaciones legales concernientes a la culpa y la responsabilidad, incluso estableciendo condiciones más rigurosas para la exoneración del deudor que las previstas por defecto en la ley.

3.  **CONCLUSIÓN:** Una cláusula que impone al deudor la carga de probar su ausencia de culpa en cualquier supuesto de incumplimiento es jurídicamente válida y exigible, ya que es consistente con la presunción legal de culpa del deudor y se enmarca dentro de la libertad contractual de las partes para regular la responsabilidad.",1,
116,¿Cómo debe analizarse la compatibilidad entre cláusula penal y reclamación adicional de perjuicios cuando el contrato no regula expresamente su relación?,"Según el artículo 1600 del Código Civil, no podrá pedirse a la vez la pena y la indemnización de perjuicios, a menos de haberse estipulado así expresamente. Si el contrato no regula expresamente su relación, siempre estará al arbitrio del acreedor pedir la indemnización o la pena. El contratante cumplido siempre tiene la opción de pedir la cláusula penal o el resarcimiento de los perjuicios efectivamente ocasionados.

[SENTENCIA | Sentencias | sc5185_2021_clase_de_actuación_recurso_de_casación_tipo_de_providencia_sentencia_fecha_26_11_2021_po_751932_número_de_pr | página 0]","SILOGISMO JURÍDICO:

1.  **PREMISA MAYOR:** Según el artículo 1600 del Código Civil, interpretado por la jurisprudencia de la Corte Suprema de Justicia (Sentencia SC5185-2021), ""No podrá pedirse a la vez la pena y la indemnización de perjuicios, a menos de haberse estipulado así expresamente; pero siempre estará al arbitrio del acreedor pedir la indemnización o la pena"". Esta norma establece que, incluso si existe una cláusula penal como estimación anticipada de perjuicios, el contratante cumplido siempre tiene la opción de pedir la pena o el resarcimiento de los perjuicios efectivamente ocasionados. La acumulación de ambos solo es posible si se ha estipulado expresamente en el contrato.

2.  **PREMISA MENOR:** La pregunta plantea una situación en la que el contrato no regula expresamente la relación entre la cláusula penal y la reclamación adicional de perjuicios. Al no existir una estipulación expresa que permita pedir a la vez la pena y la indemnización de perjuicios, no se cumple la condición establecida por el artículo 1600 del Código Civil para la acumulación.

3.  **CONCLUSIÓN:** Cuando el contrato no regula expresamente la compatibilidad entre la cláusula penal y la reclamación adicional de perjuicios, no es posible pedir a la vez la pena y la indemnización de perjuicios. En este escenario, el acreedor debe optar por solicitar la cláusula penal o la indemnización de los perjuicios efectivamente ocasionados, pero no ambas de forma simultánea.",1,
117,"En un contrato civil de colaboración, ¿qué criterios permiten distinguir subordinación, coordinación y autonomía para determinar la naturaleza de las obligaciones asumidas?","En un contrato civil de colaboración, los criterios para distinguir la subordinación y la autonomía, y así determinar la naturaleza de las obligaciones, se basan en lo siguiente:

1.  **Subordinación**: Es el elemento distintivo de las formas contractuales laborales. Implica que el trabajador dependiente está sujeto a los horarios y a las órdenes fijadas por el empleador. La subordinación jurídica es de la esencia del contrato de trabajo, y su ausencia da lugar a la configuración de un contrato de naturaleza civil. Es necesario verificar si la asimetría en la relación entre agentes privados se deriva de interacciones jurídicas, legales o contractuales, en tanto debe acreditarse una relación de dependencia que apareje el sometimiento o acatamiento a órdenes proferidas por quienes tienen la competencia para impartirlas.
    *   [SENTENCIA | Corte_Constitucional | C-571-17 | página 0]
    *   [SENTENCIA | Corte_Constitucional | C-571-17 | página 0]
    *   [SENTENCIA | Corte_Constitucional | T-694-10 | página 0]
    *   [SENTENCIA | Corte_Constitucional | C-614-09 | página 0]
    *   [SENTENCIA | Corte_Constitucional | T-093-23 | página 0]
    *   [SENTENCIA | Sentencias | sc3663_2022_clase_de_actuación_recurso_de_casación_tipo_de_providencia_sentencia_fecha_22_11_2022_po_788788_número_de_pr | página 0]

2.  **Autonomía e Independencia**: Caracterizan los contratos comerciales y civiles. El trabajador independiente cuenta con independencia y autonomía para ejercer sus labores, por cuanto está sujeto exclusivamente a la ejecución del objeto contractual dentro del plazo fijado y según las estipulaciones acordadas entre las partes. En este tipo de contratos, no se pacta subordinación porque el contratista es autónomo en el cumplimiento de la labor contratada. La ausencia de subordinación da lugar a la configuración del contrato de naturaleza civil donde se refleja autonomía e independencia en la prestación del servicio.
    *   [SENTENCIA | Corte_Constitucional | C-571-17 | página 0]
    *   [SENTENCIA | Corte_Constitucional | T-694-10 | página 0]
    *   [SENTENCIA | Corte_Constitucional | C-614-09 | página 0]
    *   [SENTENCIA | Sentencias | sc3663_2022_clase_de_actuación_recurso_de_casación_tipo_de_providencia_sentencia_fecha_22_11_2022_po_788788_número_de_pr | página 0]

3.  **Distinción entre control/supervisión y subordinación**: La vigilancia, el control y la supervisión que el contratante de un convenio comercial o civil realiza sobre la ejecución y las obligaciones derivadas del mismo, en ningún caso es equiparable a los conceptos de ‘subordinación y dependencia’ propios de la relación de trabajo. Las instrucciones específicas deben valorarse dentro del entorno de la relación y no descontextualizadamente, ya que estas circunstancias peculiares permiten colegir si las órdenes o instrucciones emitidas corresponden a un tipo de contrato, su desenvolvimiento y la naturaleza de la instrucción impartida, lo que impide tener los documentos transcritos como señal de una relación de trabajo.
    *   [SENTENCIA | Corte_Constitucional | T-041-24 | página 0]

El concepto de ""coordinación"" no se encuentra definido ni distinguido en el contexto recuperado.","SILOGISMO JURÍDICO:

1.  **PREMISA MAYOR:**
    La jurisprudencia constitucional colombiana ha establecido de forma reiterada que el elemento distintivo y esencial entre las formas contractuales laborales y las civiles o comerciales es la **subordinación**. En un contrato laboral, el trabajador dependiente está sujeto a horarios y órdenes fijadas por el empleador. Por el contrario, en los contratos comerciales y civiles, el trabajador independiente cuenta con **independencia y autonomía** para ejercer sus labores, estando sujeto exclusivamente a la ejecución del objeto contractual dentro del plazo y estipulaciones acordadas entre las partes (C-571-17, T-694-10, C-614-09, SC3663-2022). La ausencia de subordinación jurídica da lugar a la configuración de un contrato de naturaleza civil donde se refleja autonomía e independencia en la prestación del servicio (SC3663-2022). Es crucial diferenciar que la vigilancia, el control y la supervisión que el contratante de un convenio comercial o civil realiza sobre la ejecución y las obligaciones derivadas del mismo, en ningún caso es equiparable a los conceptos de ‘subordinación y dependencia’ propios de la relación de trabajo, ya que estas últimas tienen una naturaleza distinta. Las instrucciones específicas en un contrato civil deben valorarse dentro del entorno de la relación y su desenvolvimiento, y no descontextualizadamente (T-041-24). La subordinación implica una asimetría en la relación que se deriva de interacciones jurídicas, legales o contractuales, donde se acredita una relación de dependencia que apareja el sometimiento o acatamiento a órdenes proferidas por quienes tienen competencia para impartirlas (T-093-23).

2.  **PREMISA MENOR:**
    En el contexto de un contrato civil de colaboración, la distinción entre subordinación, coordinación y autonomía es fundamental para determinar la naturaleza de las obligaciones. La **subordinación** se configura si existe una relación de dependencia que implica el sometimiento a órdenes específicas sobre el modo, tiempo o lugar de ejecución de la labor, más allá de lo estipulado contractualmente para el cumplimiento del objeto. Si se exige al contratista el acatamiento a órdenes que restringen su independencia y autonomía en la forma de ejecutar el servicio, se estaría en presencia de un indicio de relación laboral, a pesar de la denominación civil del contrato. Por otro lado, la **autonomía** es la característica inherente a un contrato civil, donde el contratista tiene la libertad y la independencia para organizar y ejecutar sus labores, siempre dentro del marco del objeto y las estipulaciones acordadas. La **coordinación**, en un contrato civil de colaboración, se refiere a las interacciones necesarias entre las partes para asegurar la correcta ejecución del objeto contractual. Esto puede incluir la fijación de metas, la revisión de avances, la entrega de insumos o la articulación de esfuerzos, pero sin que ello implique un control jerárquico o la imposición de órdenes que anulen la independencia del contratista. Las instrucciones impartidas en un contrato civil deben entenderse como parte de la gestión y supervisión del cumplimiento del objeto, y no como una manifestación de subordinación laboral.

3.  **CONCLUSIÓN:**
    En un contrato civil de colaboración, los criterios para distinguir la naturaleza de las obligaciones son: la **subordinación** se identifica por la existencia de una relación de dependencia que implica el sometimiento a órdenes y horarios del contratante, siendo este el elemento definitorio de una relación laboral. La **autonomía** es la característica esencial del contrato civil, donde el contratista ejerce sus labores con independencia y libertad en la ejecución, sujeto únicamente al objeto y las estipulaciones contractuales. La **coordinación** se refiere a las interacciones y directrices necesarias para la correcta ejecución del objeto contractual, sin que estas impliquen un control jerárquico o la anulación de la independencia del contratista, y no es equiparable a la subordinación laboral.",1,
118,¿Qué problemas jurídicos plantea la interpretación de un contrato redactado con términos contradictorios en distintas versiones idiomáticas igualmente firmadas por las partes?,No encontrado en el corpus. El contexto recuperado no contiene información suficiente para responder.,"SILOGISMO JURÍDICO:

1.  **PREMISA MAYOR:** La Corte Suprema de Justicia ha establecido que la interpretación de los contratos puede generar perplejidades cuando las estipulaciones lucen contradictorias o ambiguas, requiriendo su resolución por vía jurisdiccional. En tales casos, aunque la primera fuente de interpretación son las estipulaciones convencionales, es preciso acudir a fuentes supletorias como el régimen general de las obligaciones o el modelo contractual típico más semejante. Las declaraciones o disposiciones notoriamente contradictorias hacen imposible el cumplimiento del contrato, como cuando una afirma y otra niega, o una decreta la resolución y otra el cumplimiento. Incluso frente a la claridad del lenguaje, no es admisible restringirse al sentido natural u obvio de las palabras si las partes le atribuyen un significado divergente.

2.  **PREMISA MENOR:** La pregunta plantea los problemas jurídicos de la interpretación de un contrato redactado con términos contradictorios. El contexto recuperado aborda ampliamente la problemática de las estipulaciones contractuales contradictorias o ambiguas, señalando que estas impiden el cumplimiento del contrato y exigen una labor interpretativa que va más allá del tenor literal, recurriendo a la intención de las partes y, subsidiariamente, a otras fuentes del derecho. Sin embargo, el contexto proporcionado *no contiene ninguna referencia o análisis específico sobre los problemas jurídicos que plantea la interpretación de un contrato cuando las contradicciones se presentan en ""distintas versiones idiomáticas"" igualmente firmadas por las partes*.

3.  **CONCLUSIÓN:** Basándose *únicamente* en el contexto recuperado, la interpretación de un contrato con términos contradictorios plantea el problema jurídico de la imposibilidad de su cumplimiento y la necesidad de una resolución judicial. Dicha resolución implica una interpretación que no se limita al sentido literal, sino que busca la voluntad de las partes y, de ser necesario, acude a fuentes supletorias del derecho. No obstante, el contexto *no ofrece elementos para determinar los problemas jurídicos específicos derivados de contradicciones entre ""distintas versiones idiomáticas"" de un mismo contrato*.",2,
119,"¿Cómo debe examinarse una cláusula que incorpora por remisión “la legislación aplicable” sin especificar jurisdicción, pese a que una de las partes tiene vínculos con otro país?","Cuando una disposición no indica el tipo de acción judicial a la cual debe acudirse, y por ende no especifica la jurisdicción, el problema se considera de remisión normativa. Para determinar el tipo de acción pertinente y las competencias jurisdiccionales, debe remitirse a las disposiciones generales que establecen dichas competencias y parámetros. Las remisiones normativas se refieren a aspectos no regulados expresamente en la legislación especial, permitiendo armonizar las disposiciones específicas con normas de contenido general.

**Citas:**
*   [SENTENCIA | Corte_Constitucional | C-229-03 | página 0]
*   [SENTENCIA | Corte_Constitucional | SU-1010-08 | página 0]","SILOGISMO JURÍDICO:

1.  **PREMISA MAYOR:**
    Según la jurisprudencia de la Corte Constitucional (C-229-03 y SU-1010-08), cuando una disposición contractual o normativa no indica el tipo de acción judicial o la jurisdicción aplicable, esto se considera un problema de remisión normativa. En tales casos, para determinar las competencias jurisdiccionales y la acción pertinente, es necesario remitirse a las disposiciones generales del marco legal aplicable. Estas remisiones normativas se refieren a aspectos no regulados expresamente en la legislación especial, permitiendo armonizar las disposiciones específicas con las normas de contenido general.

2.  **PREMISA MENOR:**
    La pregunta se refiere a cómo examinar una cláusula que incorpora por remisión “la legislación aplicable” sin especificar la jurisdicción, considerando que una de las partes tiene vínculos con otro país. Con base en la premisa mayor, la ausencia de una especificación expresa de la jurisdicción en la cláusula no invalida su examen. Por el contrario, activa el principio de remisión normativa, lo que implica que para determinar la jurisdicción, se debe acudir a las disposiciones generales de la ""legislación aplicable"" que ha sido incorporada por remisión, ya que estas normas generales establecerán las competencias jurisdiccionales para las controversias derivadas del contrato. El contexto recuperado no ofrece una respuesta específica sobre cómo la existencia de vínculos internacionales de una de las partes modifica este proceso de examen de la jurisdicción cuando la cláusula se remite a la ""legislación aplicable"" de forma general.

3.  **CONCLUSIÓN:**
    Una cláusula contractual que incorpora por remisión “la legislación aplicable” sin especificar la jurisdicción debe examinarse acudiendo a las disposiciones generales de dicha legislación aplicable. La falta de una especificación expresa de la jurisdicción en la cláusula no impide su examen, sino que activa el principio de remisión normativa, obligando a consultar las normas generales que establecen las competencias jurisdiccionales para los asuntos contractuales. El contexto recuperado no proporciona una respuesta sobre cómo la existencia de vínculos internacionales de una de las partes afecta la determinación de la jurisdicción en este escenario de remisión a la ""legislación aplicable"" sin especificación expresa.",1,
120,"En una controversia contractual compleja, ¿qué metodología debería seguir un modelo para justificar cada afirmación con fuente normativa o documental verificable y evitar alucinaciones de autoridad, contaminación jurisdiccional o falsedad lógica?","En una controversia contractual compleja, para justificar cada afirmación con fuente normativa o documental verificable y evitar alucinaciones de autoridad, contaminación jurisdiccional o falsedad lógica, un modelo debería seguir una metodología que incluya:

1.  **Identificación de fuentes de interpretación contractual**:
    *   La primera fuente de interpretación se halla en las estipulaciones convencionales.
    *   Si estas lucen contradictorias o ambiguas, es preciso acudir a fuentes supletorias, que pueden buscarse en el régimen general de las obligaciones, o en el modelo contractual típico que más se asemeje al ajustado por los contendientes.
    (SENTENCIA | Sentencias | sc2218_2021_clase_de_actuación_recurso_de_casación_tipo_de_providencia_sentencia_fecha_09_06_2021_po_732762_número_de_pr | página 0)

2.  **Metodología para acreditar argumentos y conclusiones**: Se puede seguir un enfoque que implica:
    *   Indicar el contenido y la finalidad de la regla objeto del debate.
    *   Señalar la interpretación dominante en la comunidad jurídica de la disposición.
    *   Explicar el contenido y el alcance de la jurisprudencia relevante, y expresar las razones por las que las reglas allí establecidas son aplicables a la controversia.
    *   Formular los argumentos con fundamento en las conclusiones de los pasos anteriores.
    (SENTENCIA | Corte_Constitucional | C-308-17 | página 0)

3.  **Cimentación de conclusiones con razonamiento sólido**: Las conclusiones deben cimentarse adecuadamente, vistas bajo el prisma de la sana crítica, la lógica formal y las reglas de la experiencia. Los indicios que han identificado y compendiado la jurisprudencia y la doctrina a lo largo de los años sirven como herramienta para reconocer las notas distintivas.
    (SENTENCIA | Sentencias | obligaciones_a_plazo | página 0)","SILOGISMO JURÍDICO:

1.  **PREMISA MAYOR:**
    La Corte Constitucional, en la sentencia C-308-17, ha delineado una metodología rigurosa para acreditar la incompatibilidad normativa que, por su estructura, es aplicable a la justificación de afirmaciones en controversias jurídicas. Esta metodología implica (i) indicar el contenido y la finalidad de la disposición, (ii) señalar la interpretación dominante en la comunidad jurídica, (iii) explicar el contenido y alcance de la jurisprudencia aplicable y las razones de su pertinencia, y (iv) formular los cargos con fundamento en las conclusiones derivadas. Complementariamente, la sentencia SU-029-24 establece un esquema de resolución que inicia con el planteamiento del caso y la formulación del problema jurídico. Asimismo, la sentencia SC2218-2021 subraya que la interpretación contractual debe priorizar las estipulaciones convencionales y, subsidiariamente, el régimen general de las obligaciones o el modelo contractual típico más semejante.

2.  **PREMISA MENOR:**
    Para que un modelo justifique cada afirmación en una controversia contractual compleja con fuentes verificables y evite alucinaciones de autoridad, contaminación jurisdiccional o falsedad lógica, debe adoptar un proceso estructurado que garantice la fundamentación y la trazabilidad. La metodología de C-308-17, al exigir la explicitación de la norma, su interpretación, la jurisprudencia relevante y la formulación de argumentos basados en estas fuentes, proporciona un marco idóneo. Integrar el planteamiento inicial del caso y problema jurídico (SU-029-24) y la jerarquía de interpretación contractual (SC2218-2021) asegura una aproximación completa y sistemática, permitiendo que cada afirmación esté directamente respaldada por una fuente normativa o documental verificable.

3.  **CONCLUSIÓN:**
    Para justificar cada afirmación con fuente normativa o documental verificable y evitar alucinaciones de autoridad, contaminación jurisdiccional o falsedad lógica en una controversia contractual compleja, un modelo debería seguir la siguiente metodología estructurada:

    1.  **Planteamiento del Caso y Formulación del Problema Jurídico:** Iniciar con una exposición clara de los hechos y la identificación precisa de la cuestión legal a resolver, conforme al esquema de resolución de la sentencia SU-029-24.
    2.  **Identificación y Contenido de la Fuente Primaria:** Indicar el contenido y la finalidad de las estipulaciones contractuales relevantes o de la norma legal aplicable (ej. Código Civil, Código de Comercio), como primer paso para la justificación.
    3.  **Interpretación y Alcance Jurídico:** Señalar la interpretación dominante de dichas estipulaciones o normas en la comunidad jurídica y, si es necesario, explicar el contenido y alcance de la jurisprudencia pertinente (ej. sentencias de la Corte Suprema de Justicia o Corte Constitucional), expresando las razones por las que las reglas allí establecidas son aplicables a la controversia contractual específica. En este punto, se debe priorizar la autonomía negocial y las estipulaciones convencionales, acudiendo a fuentes supletorias como el régimen general de las obligaciones o el modelo contractual típico más semejante solo si las estipulaciones son contradictorias o ambiguas (SC2218-2021).
    4.  **Formulación de Afirmaciones Fundamentadas:** Formular cada afirmación o argumento con base en las conclusiones derivadas de la identificación, interpretación y aplicación de las fuentes normativas y jurisprudenciales, asegurando que cada postulado esté directamente respaldado por una referencia verificable.
    5.  **Propuesta de Solución (si aplica):** Indicar el tipo de solución o conclusión jurídica que, a juicio del modelo, solventaría la controversia, siempre fundamentada en el análisis precedente.

    Este enfoque estructurado, basado en la metodología de la Corte Constitucional, garantiza la transparencia, la coherencia lógica y la fundamentación jurídica de cada afirmación, minimizando los riesgos de error.",1,
